Episode,Reward,Loss,Acceptance_Ratio,Revenue_Cost_Ratio,CPU_Utilization,Bandwidth_Utilization,Inference_Latency_ms,Forecast_MAE
0,25679.453103374864,34.41432339668274,96.0,2.4999999999999996,90.56899641577061,3.219367216350792,2708.953380584717,13.918960571289062
1,26878.921749856065,26.20087367296219,96.0,2.4999999999999996,91.17352056168505,3.4383441460993236,2263.4379863739014,11.32552719116211
2,26287.016498658955,15.436111825704575,100.0,2.4999999999999996,88.84716057812679,0.7636027247498108,2387.929916381836,8.441856384277344
3,17060.540250493345,9.671526792198419,75.0,2.5,66.12429378531074,1.0481205534703937,2473.203659057617,5.021157264709473
4,25433.4746787997,4.891248943060637,100.0,2.4999999999999996,92.99719887955182,1.5040621935845357,2582.1633338928223,1.7467479705810547
5,16579.913804647214,2.634139825999737,75.0,2.5,69.00045024763621,1.152618098033941,2191.129684448242,0.9778404235839844
6,25398.652398651175,1.3387541219592094,99.0,2.5,94.72060335961604,1.5808478576099627,2262.0341777801514,1.5305328369140625
7,27711.71093995446,0.9574105407297612,100.0,2.4999999999999996,97.22501958151504,1.7048733147983004,2397.64142036438,2.4908218383789062
8,21620.81555766872,0.9364791023731232,90.0,2.5,84.18472063854048,0.8417555654072133,2341.892719268799,1.807046890258789
9,21691.96704765036,1.6088404965400696,89.0,2.5,84.78882911754607,1.5681780978883615,2593.686580657959,2.736940383911133
10,22835.05954994447,1.0027435714006423,99.0,2.5,88.83208361735969,1.5123327819023795,2385.026693344116,3.191537857055664
11,23970.147232027146,1.2089909616112708,100.0,2.5,90.89882565492321,1.4865455487268588,2568.892002105713,2.272115707397461
12,25691.97388229524,0.9835443532466889,100.0,2.4999999999999996,90.14532243415077,1.9949869558545195,2537.057638168335,3.648571014404297
13,23992.273613668498,1.0571571862697602,97.0,2.5,91.81949538735134,1.8153466093595427,2514.0185356140137,3.000732421875
14,16363.165065480593,0.8416513127088546,77.0,2.5,70.94991364421416,1.4076764837556175,2417.7231788635254,3.5759449005126953
15,22503.28618382037,1.0122914236783982,95.0,2.5,89.47368421052632,1.0110228428488963,2380.0766468048096,3.0005531311035156
16,21619.882210542113,0.7650123436748981,94.0,2.5,89.26508889140527,0.8111091290193104,2424.2618083953857,3.2878246307373047
17,24048.395477085443,1.2493001709878444,98.0,2.4999999999999996,88.59599502206133,0.9770967592377949,2463.2856845855713,3.046720504760742
18,25902.302333471624,1.3749710735678673,98.0,2.5,92.82091738983434,1.6340375612833253,2361.969470977783,1.7761554718017578
19,23535.662615469508,1.1739341028034687,96.0,2.5,89.64456596035544,1.1792263264860892,2427.490234375,2.9714298248291016
20,25065.703058238305,0.8941315694153309,100.0,2.5,93.37589784517158,1.6117352884604506,2371.2966442108154,3.4323463439941406
21,21211.65020203859,1.4043407741189002,96.0,2.5,86.13097264782658,0.9092885918329976,2454.091787338257,3.1376171112060547
22,25436.934844541378,1.1398479741811753,100.0,2.5,92.51517194875252,0.9770563628101003,2423.285961151123,3.6708126068115234
23,25887.063379746363,1.065904920846224,98.0,2.5,93.09023342236674,1.4364406536779415,2267.0345306396484,3.4899024963378906
24,21039.524293754526,1.1408039946854114,88.0,2.5,78.4118253695428,1.3922451827970632,2509.326934814453,3.115346908569336
25,20776.391210677375,1.112580269575119,88.0,2.5,81.7655236329935,0.8723765685791002,2392.439365386963,2.8839874267578125
26,27513.2553935902,0.9871272706985473,99.0,2.4999999999999996,94.11234943149836,1.3709565458836594,2553.95770072937,2.435903549194336
27,25264.069413722726,1.0275705990195274,100.0,2.5,93.20867270850063,0.8356194258559935,2449.0511417388916,3.354381561279297
28,23146.71079353073,1.0174304223060608,95.0,2.5,93.54688410017472,1.8652448675439308,2552.5736808776855,3.117145538330078
29,22767.954554251104,0.6707399918138981,98.0,2.5,88.36846213895394,1.4171074436448663,2469.118118286133,2.7954978942871094
30,18850.896528886497,0.9585870634019374,86.0,2.5,81.84011026878015,0.849813591164748,2646.158218383789,3.143909454345703
31,28447.935364405163,0.9718262092769145,100.0,2.4999999999999996,98.22545785462404,1.8016454916885878,2387.3915672302246,3.2555923461914062
32,24187.943295130284,1.062300550788641,100.0,2.5,92.55030522269952,1.8598779243762364,2529.270887374878,2.925395965576172
33,21331.38998032065,1.0047342902421952,87.0,2.5,79.00811335847332,1.9934411943447499,2355.7229042053223,3.019655227661133
34,21741.506284126783,0.6938351754844189,94.0,2.4999999999999996,88.139319601944,2.0990168130781313,2574.0206241607666,2.7817745208740234
35,23758.160914865493,0.9825931188464164,100.0,2.5,92.93193717277487,0.9627755154118509,2522.139549255371,2.8654747009277344
36,23751.577666819976,1.1335801468789577,96.0,2.5,93.38591549295775,1.9395359240902723,2448.232650756836,2.801694869995117
37,23563.840809067435,0.9179328113794327,98.0,2.4999999999999996,93.65757855822551,0.7871109855321504,2366.2705421447754,3.2500438690185547
38,23623.241031808964,1.2521263666450977,100.0,2.5,87.90064102564102,1.4250746645112842,2406.158447265625,1.7827720642089844
39,23877.778162780898,1.0764950314164161,100.0,2.4999999999999996,88.69380451800491,1.2929935944995383,2501.0108947753906,3.6102848052978516
40,24366.388200728565,1.1580032995343208,89.0,2.5,88.14084183966051,1.2875705104818567,2470.258951187134,3.435945510864258
41,25040.401314600782,1.292645137012005,100.0,2.4999999999999996,90.43323309945428,2.23548400066628,2123.0666637420654,3.167266845703125
42,22489.79507865811,0.9818766060471534,95.0,2.4999999999999996,83.28118015198928,1.302426234013076,2555.1459789276123,3.1279869079589844
43,20255.990803126486,1.1889406248927117,95.0,2.4999999999999996,87.00930338098479,1.219659045947945,2410.778760910034,3.6731033325195312
44,24696.385469544028,1.0222998189926147,97.0,2.5,94.04148046293113,1.564761915286265,2616.7778968811035,3.0685176849365234
45,20940.562372963905,1.06224641174078,87.0,2.5,81.0724106324473,1.5554443301634098,2697.1254348754883,2.716402053833008
46,26410.283037828325,1.1419963119924068,100.0,2.5,92.41588837627997,1.4843114655308594,2358.668327331543,2.9435081481933594
47,24408.13207471695,1.4227261324226856,100.0,2.5,95.48837741898546,1.1783198073664496,2522.9365825653076,2.647960662841797
48,23834.220136847136,1.2025054091215133,99.0,2.4999999999999996,90.49464326418966,1.1997054144155794,2562.340259552002,2.425382614135742
49,22933.382213938472,0.9547844994068145,100.0,2.5,91.72357911795346,0.8271954028230679,2512.955665588379,3.0015926361083984
50,25286.071894994067,1.0717904046177864,100.0,2.4999999999999996,96.112752898386,0.522420790237782,2452.7862071990967,2.7638587951660156
51,22382.019350945007,0.7574430947005749,100.0,2.5,86.46405741841427,1.3833488421713953,2564.119815826416,2.951902389526367
52,23222.58848420203,1.373406516611576,97.0,2.5,93.74299170217537,1.3924125317127853,2551.1837005615234,2.983531951904297
53,28188.28148161849,1.2889681568741798,100.0,2.5,96.25730994152046,1.19719452608045,2433.5577487945557,2.4826278686523438
54,25092.53379356121,0.9178263986110687,96.0,2.4999999999999996,93.55318905301729,2.1801237227412535,2384.378433227539,2.978008270263672
55,24042.584969475,0.8753867182135582,100.0,2.5,94.50171821305841,0.9491897306256781,2440.3042793273926,3.2767276763916016
56,22987.297846141555,0.8200714403390884,100.0,2.5,87.73405090256755,1.3996587868102273,2494.8980808258057,3.0494136810302734
57,24542.850577914684,1.0468318212032317,94.0,2.5,91.53932584269663,1.3788691445185095,2569.178342819214,3.5839900970458984
58,23531.235098864785,1.3426976123452186,93.0,2.5,85.52720704447957,2.615244893591175,2535.4857444763184,2.972078323364258
59,24151.322727942064,1.0279068975150585,93.0,2.5,87.53246753246754,1.6080477502932389,2481.11629486084,3.159120559692383
60,15678.599863764965,0.7866203470528126,65.0,2.4999999999999996,66.89812179852021,0.7099843006771798,2452.124834060669,3.1693267822265625
61,12863.59882390211,1.009935737401247,63.0,2.4999999999999996,58.679541881877384,1.423239926624075,2392.7054405212402,3.2692508697509766
62,22495.446106857824,1.1107979282736777,98.0,2.5,90.54444444444445,1.8721866856195215,2547.436237335205,3.2992076873779297
63,22325.89010642475,1.0017881989479065,89.0,2.4999999999999996,85.50126175728377,1.6082359803160977,2621.2894916534424,3.2797164916992188
64,22678.203933600147,0.8891035011410713,87.0,2.5,85.19575390937108,1.6398988442512035,2463.1567001342773,3.036558151245117
65,25358.51525783864,0.925241291821003,100.0,2.4999999999999996,97.91452991452991,1.9809873597281709,2528.7773609161377,3.0431060791015625
66,23889.869496306776,0.7559431503713131,100.0,2.4999999999999996,92.84409952065738,0.8801199846531258,2443.814277648926,3.2889881134033203
67,23065.83993253154,1.0718238896131516,100.0,2.5,92.3474663908997,2.415323849138383,2498.821973800659,2.804889678955078
68,27308.896924254906,1.1396888014674187,100.0,2.4999999999999996,94.696802646086,1.9441492502066358,2466.8376445770264,3.3133316040039062
69,26973.317765131047,0.9044412925839425,100.0,2.4999999999999996,97.97220323536114,0.8284102890231453,2349.576234817505,3.1660118103027344
70,22635.829204699665,1.0726996417343617,98.0,2.5,85.53181869560304,1.3536269430051813,2366.182565689087,2.1472549438476562
71,25015.174551086697,0.8735182023048401,99.0,2.5,93.41045707156628,1.3714847838395854,2415.4694080352783,2.1866531372070312
72,27386.82148516604,0.7664764092862606,100.0,2.5,92.01761318730948,1.4798468604657897,2368.670701980591,2.9085559844970703
73,23994.862545136482,0.9129613828659058,100.0,2.5,88.90127033652774,2.33649433725436,2453.0019760131836,3.1407642364501953
74,23970.584724922606,0.7105677795410156,100.0,2.5,92.38497545381892,1.0448630802097494,2479.659080505371,2.9606361389160156
75,24204.631332578283,0.9640707695484161,100.0,2.5,94.8572091943348,1.2623636531706415,2472.5539684295654,2.7101287841796875
76,25391.594035378293,0.8434570424258709,100.0,2.5,95.3553441522104,1.3210002422303215,2380.9337615966797,3.1028499603271484
77,24667.089443691664,0.8987167116999626,100.0,2.5,90.65054691997697,1.0623881146375331,2545.0429916381836,2.6841564178466797
78,20703.789498131613,1.1640807835757732,90.0,2.5,85.33574906579096,1.8168722326757827,2505.9449672698975,2.912395477294922
79,24691.446540042325,0.9724712353944779,100.0,2.5,91.36509390746679,1.3584339373306158,2317.692995071411,3.008312225341797
80,23826.035709034713,0.9224165825545788,100.0,2.5,90.81069140711287,1.7333740341048522,2303.8811683654785,3.4961929321289062
81,23647.525169306326,0.7875365173816681,97.0,2.5,90.466297322253,1.863908464990855,2488.52276802063,3.1443119049072266
82,24249.997609084476,1.1321813841164112,97.0,2.5,90.5885020977435,1.4562810444820602,2585.846424102783,3.123931884765625
83,25317.88890637315,0.8225672420859337,100.0,2.4999999999999996,93.07692307692308,0.8281157576366336,2414.844751358032,3.5845165252685547
84,22012.70882477388,1.300384161621332,92.0,2.5,85.21351906828043,1.6895743693458845,2416.9890880584717,3.397825241088867
85,25327.334654461436,1.0461132274568081,100.0,2.5,93.6335581209281,1.4054893426503674,2484.1036796569824,2.9938735961914062
86,23616.765057301283,0.9739922907948494,98.0,2.4999999999999996,88.40090090090091,1.138290416657247,2446.0666179656982,2.115497589111328
87,24669.439986762147,1.0122088214755058,99.0,2.4999999999999996,91.93530270695271,1.6715320187927958,2659.0352058410645,3.2778759002685547
88,20405.99551262781,0.9027004167437553,86.0,2.5,80.0904465799887,1.2062620989541852,2574.167013168335,2.419828414916992
89,26865.78550819111,0.7410595262050629,100.0,2.5,97.4107846448272,2.0185253377899897,2369.3249225616455,3.352132797241211
90,24032.473365798665,1.336677833199501,89.0,2.5,86.11611161116112,2.0388879433290095,2583.340883255005,3.186338424682617
91,23858.61393127734,0.5795559531450272,97.0,2.5,94.72042513863215,1.4242303839546036,2421.0352897644043,2.917041778564453
92,22082.253872432473,1.011282926797867,88.0,2.5,84.36541302124758,1.021149918654159,2571.0713863372803,3.3182201385498047
93,26315.417669555012,0.7869351495802402,99.0,2.5,92.2312350051411,0.9111591335435423,2397.2043991088867,3.0746097564697266
94,20749.97043071276,1.1508088672161103,93.0,2.5,83.93116549335122,1.3188622404894796,2528.7344455718994,3.4199600219726562
95,23674.68173596492,1.0807618501782417,98.0,2.5,89.22620406299932,1.6824851536806562,2431.9071769714355,3.199420928955078
96,26509.682546927954,0.8824534855782986,99.0,2.4999999999999996,96.90127865453289,1.1835525205069541,2564.2147064208984,3.628355026245117
97,23345.62990641341,0.9483018442988396,100.0,2.5,91.04026845637584,1.4746969492136452,2511.2030506134033,3.238140106201172
98,22711.30721886049,0.8794445040822029,98.0,2.5,88.26372109078356,2.4837870284739414,2414.545774459839,2.920511245727539
99,23277.65077258496,0.9359109225869179,100.0,2.4999999999999996,89.31774321716426,1.91874637260592,2498.354911804199,3.904773712158203
100,27161.135417427893,0.7550851179659367,99.0,2.5,96.7044053357247,0.920068683546711,2411.19384765625,2.9751205444335938
101,24473.245895409884,1.0209985995292663,99.0,2.4999999999999996,92.32528880247055,0.8547058174575985,2349.952220916748,3.439687728881836
102,23533.534590663716,0.7248506316542626,92.0,2.5,87.66204230156926,0.8069991085818187,2384.108066558838,2.7217655181884766
103,22085.77102976808,0.8611819779872895,100.0,2.5,90.05264926627086,2.18316437740027,2369.7118759155273,2.3409976959228516
104,23952.225443274852,0.8843297202885151,95.0,2.5,92.99377736805715,2.1338743255300168,2463.642120361328,1.8006172180175781
105,21087.219645607718,0.9127858904004097,92.0,2.5,86.13793103448276,1.290642553142409,2520.796537399292,2.585674285888672
106,20098.312782742247,0.9679995009303093,82.0,2.5,83.6397271360851,0.7519185996378374,2519.0176963806152,3.4559326171875
107,14931.20415303739,1.025905095487833,73.0,2.5,71.31469630627596,1.671048951048951,2422.011613845825,2.961488723754883
108,26121.283502266084,1.1930585983395576,99.0,2.4999999999999996,94.67455621301775,1.4832671091862215,2534.4972610473633,2.903562545776367
109,20298.431802163657,1.2362273770570755,93.0,2.4999999999999996,80.92609283461019,1.5795259167394797,2558.662176132202,2.508646011352539
110,22378.675163703294,1.1534606477618217,96.0,2.4999999999999996,91.48257800045548,1.1424263511946184,2535.25447845459,2.489105224609375
111,24395.929542087768,0.6912494978308678,97.0,2.5,90.50475328202808,1.6346455017699797,2418.0614948272705,3.278196334838867
112,19677.515449980532,0.7278583329916001,91.0,2.5,80.57136353289323,1.3496716631382988,2473.9954471588135,2.6347599029541016
113,24647.217247047134,1.136220337897539,100.0,2.4999999999999996,93.82099045888232,1.3271166202308524,2514.678955078125,2.4906673431396484
114,22749.968947836987,1.3115321750938893,89.0,2.5,86.90570747758993,1.380250347705146,2558.2828521728516,3.3877010345458984
115,23061.219924103993,1.0067160665988921,96.0,2.5,84.81971289702724,1.9206783307205548,2498.1348514556885,2.455354690551758
116,20706.899165295465,0.7118097800016403,100.0,2.4999999999999996,88.12703400291774,0.9673882788668549,2427.8345108032227,1.6181831359863281
117,22819.478917308777,0.9604096636176109,93.0,2.5,86.13562470970739,1.550744046763727,2390.7573223114014,3.3346214294433594
118,24576.42888386945,0.9783635595440865,99.0,2.5,91.19266055045871,2.1510089269367128,2495.182991027832,2.7833385467529297
119,27100.257193900117,0.9936335015296937,100.0,2.4999999999999996,94.97264021887824,2.0355144790701494,2500.9684562683105,3.8745670318603516
120,24897.09510060699,1.2870581164956092,100.0,2.5,90.63168562098862,1.1792580119383007,2444.8494911193848,2.6266212463378906
121,24732.504408711222,0.9698266656696797,95.0,2.4999999999999996,88.77101907233947,1.1498303658312075,2629.120111465454,2.387094497680664
122,25849.027014921747,1.1301749868690967,99.0,2.5,91.50199885779554,1.1634342708137193,2424.4143962860107,3.529468536376953
123,21966.69324882169,1.14399936825037,98.0,2.5,85.09719222462203,1.370637112724379,2347.8000164031982,2.9145851135253906
124,24176.996228829903,0.8996221485733986,100.0,2.5,91.68869985055753,1.4913141340105038,2313.400983810425,2.9414939880371094
125,24670.105337389574,0.8307194963097573,98.0,2.4999999999999996,91.7095483133219,1.413712442940522,2608.5212230682373,3.4874210357666016
126,20794.87986145931,0.9902207499742508,84.0,2.5,82.16166704831693,0.9674149001368929,2525.437355041504,2.705078125
127,24755.50073494387,1.048653048723936,100.0,2.5,93.14605431868516,1.0656826733060167,2477.2465229034424,2.3935985565185547
128,18842.429093160128,0.9094083708524704,79.0,2.5,72.34493529674253,0.7939599125146058,2491.096019744873,2.461130142211914
129,24518.384331010177,0.9452557623386383,96.0,2.4999999999999996,89.2542372881356,1.4788663651449583,2412.693977355957,2.7175636291503906
130,19259.09448214366,0.9558325889706611,90.0,2.5,81.28062360801782,2.2913015513344783,2514.875888824463,3.0763587951660156
131,18373.6500296694,1.1700661191344262,85.0,2.5,76.16422947131608,0.9850088328110216,2471.2841510772705,3.2545833587646484
132,21678.423059753153,0.9468894028663635,97.0,2.5,93.3220338983051,1.4136985056485463,2539.320707321167,3.748788833618164
133,25217.633792239227,1.5781976142525673,100.0,2.4999999999999996,93.308806622212,1.9183429964841963,2589.5700454711914,3.2772865295410156
134,24673.499304582274,1.4010607396066188,100.0,2.5,95.36545999538852,2.183051633664802,2535.832166671753,3.5039901733398438
135,21020.447252809427,1.235981512963772,79.0,2.5,75.68729494286684,0.9157361574766893,2554.0616512298584,3.927509307861328
136,24490.67463438693,0.9075217886269092,99.0,2.5,95.22394881170018,2.2176659125188536,2588.460922241211,3.747037887573242
137,25008.098124606186,1.092332641929388,100.0,2.5,97.7374499175112,2.247026511047734,2418.7397956848145,2.1820030212402344
138,20950.40097550269,1.1752045676112175,91.0,2.5,83.04856115107914,1.9306765001203738,2462.273120880127,3.099010467529297
139,17374.403503852544,1.0658686643838882,79.0,2.4999999999999996,74.6335833814195,1.0466838489976327,2520.034074783325,2.447175979614258
140,21253.361762592915,1.3025527477264405,100.0,2.4999999999999996,86.8839336763865,1.496767748343217,2445.1372623443604,2.533895492553711
141,26116.2999380003,0.9759142655134201,100.0,2.4999999999999996,95.69487267328995,2.050736920734335,2468.311071395874,2.6292381286621094
142,22126.921203051043,0.5738815224170685,99.0,2.5,93.75362823638686,0.7408864411224758,2620.4757690429688,3.8116836547851562
143,21750.87755143103,1.0446667014062405,97.0,2.5,83.88614713646275,2.0692154375792717,2457.979202270508,2.9641246795654297
144,24685.462322256502,0.8592349541187286,100.0,2.5,90.95975922416676,0.8148111094436941,2532.4108600616455,3.1384849548339844
145,24363.75541084851,0.7459726394712924,96.0,2.4999999999999996,88.05087582282718,1.2496960580854204,2516.6096687316895,3.1634082794189453
146,24898.143366663026,0.794189273416996,99.0,2.5,98.08590634613194,1.7898447286392636,2661.7774963378906,3.1287307739257812
147,26016.1239674836,0.9452661992609501,100.0,2.5,96.96234696234696,1.9639122665599404,2424.5197772979736,3.0530261993408203
148,22621.352069423043,1.025551330447197,100.0,2.5,87.15984450034301,1.5807986045364042,2517.53306388855,2.8973541259765625
149,20397.3097400472,1.1718084356188774,86.0,2.5,78.40054682159945,1.2872598807683815,2380.6216716766357,3.103403091430664
150,23539.927722681845,0.8702699431777,96.0,2.5,88.5510849909584,1.3304980703372358,2496.5336322784424,2.9770584106445312
151,22862.744201752557,0.7297316725552082,90.0,2.5,85.43083268308995,1.2548072720916004,2487.666368484497,3.6404285430908203
152,16371.343987510336,0.7798653119802474,69.0,2.5,63.489736070381234,0.7378162831362371,2410.374402999878,4.078115463256836
153,22465.920407101854,0.9306867215037345,99.0,2.5,81.05661242264497,1.1639693802649516,2478.523015975952,4.168729782104492
154,23778.783003408073,1.238943030834198,94.0,2.4999999999999996,92.14341913004384,1.3368591156162772,2702.1002769470215,2.8856029510498047
155,21436.957174820716,0.9826045140624047,88.0,2.5,80.24107243438098,1.2074793939151274,2488.689184188843,2.3497962951660156
156,25199.047551869713,1.116291479319334,100.0,2.4999999999999996,90.0122344566789,1.3918937141986059,2549.0901470184326,3.3264217376708984
157,19363.514892352556,0.8202193480730057,78.0,2.5,72.1165610054499,1.1534246884849582,2401.113271713257,2.8836708068847656
158,21269.022590080876,0.7902420714497567,100.0,2.5,84.97883537352706,1.5133000133202834,2529.9718379974365,2.2294273376464844
159,26615.583083804046,0.957120324075222,100.0,2.4999999999999996,92.24385926089843,2.0582986989519334,2422.091007232666,2.0972843170166016
160,24835.5929073992,1.039288797080517,100.0,2.4999999999999996,94.35793274655833,1.3841659629824041,2642.4453258514404,3.367361068725586
161,24172.848250393003,1.1742889773845673,99.0,2.5,94.23960551384064,1.424148259498996,2412.132501602173,2.7473487854003906
162,20858.784328487625,1.2837483191490173,93.0,2.5,84.82223222322233,1.7141968446336309,2456.017255783081,1.8885250091552734
163,23190.548475653217,1.067084455192089,97.0,2.5,92.45636640506034,1.5535403996524761,2632.5337886810303,2.8811111450195312
164,23278.080158584256,0.8084458948671818,100.0,2.5,88.22721026110857,0.8608884936633587,2344.0630435943604,3.2378578186035156
165,24949.820887355818,1.0139078974723816,98.0,2.5,94.85497237569061,2.1232260498592446,2480.557680130005,2.806058883666992
166,26754.69807403984,1.071428094357252,100.0,2.4999999999999996,92.82241259550823,1.569610160321212,2480.5307388305664,2.603425979614258
167,23756.190324187337,0.871156312674284,99.0,2.5,86.71107598509653,0.6385877277629562,2522.630453109741,2.010873794555664
168,23424.95620629027,0.8367809374630452,100.0,2.5,93.41554474488063,1.5550183081400806,2514.2767429351807,3.637340545654297
169,23940.80660243574,0.6398638275265693,100.0,2.5,91.95102596077543,1.284007260821631,2556.856155395508,3.1297378540039062
170,21644.335675298717,1.4793582735955715,94.0,2.5,84.6888339698944,1.0236768802228413,2419.6927547454834,2.8541507720947266
171,24636.828815400626,1.3271241341531277,98.0,2.5,94.22900413033501,1.7101442899876826,2498.3818531036377,1.6444873809814453
172,25458.895190714145,1.299861049503088,100.0,2.5,95.00919963201471,1.614803872371856,2592.4854278564453,2.459228515625
173,25572.8864209115,0.8941293054819107,100.0,2.4999999999999996,96.51684101620876,1.1447499399306627,2505.1074028015137,2.865184783935547
174,23295.466666306205,0.8888156385719777,100.0,2.5,91.17815106844932,0.8816641410662626,2435.670852661133,3.6771793365478516
175,25504.27469791147,1.279148347824812,100.0,2.4999999999999996,92.20008952551477,1.5991545500998745,2485.3415489196777,3.4690799713134766
176,14179.732193808468,0.9927277174592019,60.0,2.5,57.40634005763688,0.6624891150306487,2428.091526031494,3.840597152709961
177,23455.921423823995,1.0105103749036788,100.0,2.4999999999999996,89.51400800457404,1.2252476623564337,2536.4584922790527,2.718812942504883
178,24595.10868663624,1.163053172826767,96.0,2.5,96.22446637594675,0.8602497786736006,2648.888349533081,4.042375564575195
179,24161.26271320584,1.019846733212471,95.0,2.5,92.99216228676809,1.5102969305311682,2468.5635566711426,2.55413818359375
180,19419.731650156933,1.2387826983630656,78.0,2.5,72.53023043577458,1.488392446394309,2496.1328506469727,2.1926002502441406
181,22159.518829137,0.9236911788582802,94.0,2.5,87.03661063780797,1.1005335044246765,2442.436695098877,2.9167232513427734
182,25129.884869259076,1.2558312571048738,95.0,2.5,92.277250113071,2.185380557648832,2573.066234588623,3.3543701171875
183,24057.37222854165,0.7950555089116097,97.0,2.5,87.34684785030073,1.2583495191624425,2462.2979164123535,2.8561229705810547
184,21817.43152794616,1.1150269213318824,90.0,2.5,85.6549815498155,1.5266435063084693,2470.741033554077,2.8344154357910156
185,21674.189467492575,0.8791336765885354,92.0,2.5,82.00377232885832,0.7647879612130632,2567.077159881592,2.356424331665039
186,24100.750181951607,0.9930905741453171,99.0,2.5,86.41266926784485,0.9406160429534537,2340.6972885131836,3.0547351837158203
187,22432.133294249317,1.1736415170133114,88.0,2.4999999999999996,80.80555239503924,1.240630067701659,2178.750991821289,2.974292755126953
188,28360.255669281447,1.087454617023468,100.0,2.4999999999999996,98.41667615901584,1.4377976620002886,2389.636278152466,3.7158355712890625
189,18987.286691195157,0.8802074268460274,81.0,2.4999999999999996,72.22916903489826,1.881233534060971,2493.663549423218,3.465089797973633
190,22754.192334707284,0.867976553440094,86.0,2.5,80.46410608139003,1.5565604547620986,2420.396566390991,3.4620800018310547
191,22995.248138757208,1.0564495238661766,97.0,2.4999999999999996,88.17204301075269,2.3652539783278095,2474.4036197662354,2.7568721771240234
192,18169.152323581362,1.0752960507571698,81.0,2.5,72.65732659623335,2.1956366299855254,2484.2288494110107,3.0057945251464844
193,13890.170139652066,0.8251524585485458,69.0,2.5,61.75669541534271,1.216994900599485,2480.8287620544434,2.8152809143066406
194,26679.943041189345,0.8032115641236305,98.0,2.5,90.98537249121216,2.1425189393939394,2618.156671524048,2.6561012268066406
195,23358.15846078986,0.939109051823616,98.0,2.5,88.58895705521472,1.5996191656056071,2604.2609214782715,4.1036834716796875
196,22298.521861685313,1.0078838908672332,95.0,2.5,86.86131386861314,2.016117756936172,2485.3906631469727,3.341062545776367
197,26154.190910485206,1.3862237972021103,99.0,2.4999999999999996,97.64421971960469,1.5235355501029417,2485.3568077087402,2.6706886291503906
198,19224.104413130608,0.9685065472126007,90.0,2.5,79.36289675719033,1.2661760089295058,2279.926538467407,2.462646484375
199,20435.606869695577,0.7887588591873645,90.0,2.5,79.88971415710105,0.9990775165627708,2230.3237915039062,2.8578243255615234
200,17600.69866703969,1.1053902837634086,79.0,2.5,72.83808647654094,1.9485730432325514,2572.345495223999,3.079042434692383
201,23310.80556982925,1.3552353557944299,100.0,2.5,89.67763675165673,1.6771182732973604,2494.4584369659424,3.2659950256347656
202,23950.487748891173,0.7765720365941524,100.0,2.5,92.94157763127984,1.2777902907714533,2336.474895477295,3.2249298095703125
203,24118.828440195757,1.0046177645027639,92.0,2.5,88.9017608897127,1.6153754171603745,2460.803747177124,2.7802886962890625
204,27570.7381188064,1.2265310402214527,100.0,2.4999999999999996,97.09637329115354,1.3416954569754942,2492.9275512695312,2.53460693359375
205,24381.930299936987,0.8010503301024436,98.0,2.4999999999999996,98.22678488100793,1.8025610156506513,2529.9737453460693,3.2725162506103516
206,25888.486784230743,1.1983046694099904,98.0,2.5,97.45036101083032,1.3744132052129407,2512.589931488037,2.7748947143554688
207,20170.043163728562,1.017270847260952,84.0,2.5,80.5230876056012,1.0100896545909333,2445.0089931488037,2.756734848022461
208,22923.382058672527,1.115902110338211,100.0,2.5,91.69807011533631,1.7336673426378784,2515.8865451812744,3.4188060760498047
209,16789.486605058675,0.6911688137054444,82.0,2.5,73.47948285553682,0.8734850236121661,2459.9695205688477,3.0439319610595703
210,20467.948911075327,1.1628657878935338,85.0,2.5,78.48203008382133,1.5874975020864923,2506.1213970184326,3.0341453552246094
211,18411.97783836161,0.7605097287893295,83.0,2.5,77.07137938948819,0.7151191672731894,2422.0292568206787,3.4387664794921875
212,23748.61747525354,1.133548438847065,100.0,2.5,91.44685149848468,2.1722618024561307,2587.688207626343,3.4894485473632812
213,22813.427593410317,1.108362170010805,94.0,2.4999999999999996,89.0348889895786,1.9986119183175999,2464.461088180542,3.1204891204833984
214,20762.71740108417,1.1618454179167748,88.0,2.5,82.81393217231897,0.7508185930797507,2576.4479637145996,2.6229629516601562
215,22227.466190704723,1.3505848628282546,96.0,2.5,87.49719919336769,1.5199431105355357,2355.553388595581,3.3071727752685547
216,22539.735999942546,0.7461391590535641,85.0,2.5,84.96005557485238,1.7294741760809214,2348.011016845703,2.935800552368164
217,20252.383824654415,0.9408082769811154,89.0,2.4999999999999996,89.58807464724624,1.5710107062732515,2406.9790840148926,3.591318130493164
218,23478.612717928772,0.9484141832590103,97.0,2.5,91.0873854009516,0.9742455327976893,2501.1093616485596,3.4567222595214844
219,23269.888422598102,1.009967441558838,100.0,2.5,93.40432840948128,1.6177782734775819,2440.772771835327,2.8868980407714844
220,25498.421694999637,1.4198824892938138,100.0,2.5,95.13810913990568,2.0575009428762074,2438.091278076172,2.7434558868408203
221,22617.909288433315,1.1655984629690648,98.0,2.5,86.37176050044683,1.1755835264203591,2536.5586280822754,2.631319046020508
222,22771.779443214313,1.2018816202878952,95.0,2.5,87.99593082400814,2.093857488279166,2527.8258323669434,2.278169631958008
223,22488.832275793695,1.2137183153629303,94.0,2.4999999999999996,86.31758679567444,1.36155098416457,2455.1918506622314,2.839550018310547
224,28731.771502114523,1.3439087760448456,100.0,2.5,95.70411210659316,1.59301248098109,2535.433530807495,3.4334373474121094
225,23339.283415946058,1.0575233766436576,93.0,2.4999999999999996,89.52922077922078,1.0623058384688415,2414.3917560577393,2.806753158569336
226,18204.502540675177,1.0308978393673898,77.0,2.5,71.17168061524542,1.0377764392048876,2535.902500152588,2.084909439086914
227,22288.131261827893,0.8622867840528489,97.0,2.5,93.46114344402602,1.6884254943877293,2457.7643871307373,2.9858551025390625
228,26828.835254625264,1.0148150521516799,100.0,2.5,96.55791007960534,1.649537155186414,2249.4401931762695,2.834623336791992
229,22865.45000478648,1.0211212268471719,95.0,2.5,84.98770400178852,1.0716441940028176,2516.9029235839844,2.903249740600586
230,26058.017670420115,1.1800294294953346,93.0,2.4999999999999996,97.6264546606752,0.7639912686712153,2506.93416595459,2.8706321716308594
231,22737.967833220446,1.365192025601864,93.0,2.5,88.95014932230646,0.7230592018977453,2323.052406311035,3.1498451232910156
232,22250.220039687683,0.8316634142398834,99.0,2.5,91.7623854275438,1.0375811787061229,2325.164318084717,3.248929977416992
233,24758.057465930975,1.3086680814623832,100.0,2.4999999999999996,95.92490842490842,2.1392136146234506,2476.5775203704834,3.5202980041503906
234,25893.36552946073,0.8408230488002301,100.0,2.4999999999999996,95.26254375729289,1.4431121830750233,2372.5647926330566,2.9373226165771484
235,26119.32462590567,1.29676604449749,100.0,2.5,97.56153669197147,0.6993081710607153,2412.8127098083496,2.854585647583008
236,19523.381001209607,0.7565349282324314,90.0,2.4999999999999996,77.18172768499059,1.2318828170043212,2512.9752159118652,2.993753433227539
237,23699.062484900915,0.847606147825718,100.0,2.5,94.05338439013403,1.0719515653849938,2467.526912689209,3.4986953735351562
238,22507.34747704215,1.0951613807678222,95.0,2.5,86.51520289363626,1.9338780052124513,2390.1965618133545,3.0793285369873047
239,22785.1598710098,0.9109094826877118,100.0,2.5,88.61060743427018,1.2919462114315206,2396.9433307647705,2.49822998046875
240,25345.16052049588,1.1805120596289636,100.0,2.4999999999999996,95.004038306219,0.7019989544696422,2418.7886714935303,3.7101173400878906
241,22382.072632010928,0.8295893494784832,89.0,2.5,85.1121076233184,1.7746968300120558,2406.1901569366455,3.9532947540283203
242,24027.471440559835,1.3555271656811236,99.0,2.5,92.4812030075188,2.221909241993183,2426.919460296631,3.490541458129883
243,23979.310235570112,0.895289571583271,99.0,2.4999999999999996,93.47976080956761,1.0835589537410382,2320.27006149292,3.0673179626464844
244,26883.92019822783,0.8763117733597755,100.0,2.5,96.7764060356653,0.9256089066244791,2621.7546463012695,3.202533721923828
245,25071.245529077285,0.622455198764801,100.0,2.5,95.80645161290322,1.0341437914438807,2462.5649452209473,2.4502716064453125
246,23002.18902877763,0.9904749065637588,100.0,2.5,96.46663577386468,1.5013196277260732,2274.040699005127,3.096710205078125
247,25331.243853619653,0.8683231952786445,100.0,2.5,97.50717978173464,1.581515006016633,2586.839199066162,3.4897079467773438
248,25205.311889418936,1.1471455770730972,98.0,2.5,90.56349117084692,1.3741281732806536,2485.028028488159,4.030500411987305
249,22821.855368232216,1.2040715351700784,93.0,2.5,87.9586623316303,0.7641155307038551,2550.4086017608643,3.156045913696289
250,26002.073599412524,1.059859025478363,100.0,2.5,91.2220877791222,1.4846298545134176,2403.406858444214,3.203214645385742
251,24591.912831000805,1.2875716176629066,99.0,2.4999999999999996,94.7062179121506,1.3903724688835222,2395.9898948669434,3.1074142456054688
252,25371.797586591667,1.199214003831148,97.0,2.4999999999999996,89.15120854412592,1.1438308931227665,2484.208822250366,3.402324676513672
253,22886.51999415395,0.8689617730677128,99.0,2.5,86.23089208304813,1.5466954113031597,2471.3191986083984,2.5440750122070312
254,23905.23893518849,0.7586957705020905,100.0,2.5,92.45995423340962,1.4447695683979518,2658.756732940674,3.1527175903320312
255,23668.587615139844,0.7617203487455845,95.0,2.5,93.92040840004641,0.4915110308797148,2357.0001125335693,2.4541358947753906
256,14284.648016090623,1.1849117025732994,57.99999999999999,2.5,56.04370846006533,1.6885395702408916,2461.463212966919,1.9981460571289062
257,24559.729030197544,1.105540212392807,93.0,2.5,87.40307899764018,1.4751871441371138,2294.517993927002,2.3605194091796875
258,23323.647807548463,1.381160102188587,88.0,2.5,82.67016303728195,1.4551663868638318,2436.203956604004,3.059001922607422
259,24645.957659321095,1.1618819645047187,97.0,2.4999999999999996,91.62387310281866,2.334930278617884,2446.5153217315674,3.5347747802734375
260,24485.23928277685,0.8780477294325828,100.0,2.4999999999999996,90.62177945723118,1.4698358865288994,2554.9402236938477,2.882791519165039
261,19664.29705672925,1.2937026011943817,79.0,2.5,75.09078529278257,0.6711699307231681,2461.869955062866,2.6703948974609375
262,25562.16592313521,0.9540222054719925,99.0,2.4999999999999996,95.34883720930233,1.2097915804603958,2518.444538116455,2.4330921173095703
263,24451.522672198305,0.9541661001741886,100.0,2.5,95.33577813431125,1.042760206206124,2541.722297668457,2.106477737426758
264,22935.160512941726,1.211960473805666,90.0,2.5,85.74829931972789,1.3427121467217094,2516.2646770477295,3.1428184509277344
265,18349.934320339296,1.1003345185518265,82.0,2.4999999999999996,73.16661034133153,0.9851758910730053,2504.195213317871,2.8888683319091797
266,22173.200651594827,1.2376225998997687,88.0,2.4999999999999996,84.94186046511628,1.1491097116644073,2485.084295272827,2.1336708068847656
267,22409.080591235976,0.7960840910673141,96.0,2.5,89.72260118235562,1.6986319855607848,2392.807722091675,2.768697738647461
268,20754.059201670992,0.741646916270256,98.0,2.5,82.27237004603121,1.1559281790865044,2400.9711742401123,2.2141590118408203
269,21744.691976810107,0.9208219493925571,94.0,2.5,85.31476449275362,1.5682910281641969,2604.921579360962,1.9553508758544922
270,23552.872847601622,0.880671554505825,100.0,2.4999999999999996,94.03225806451613,2.2287369103331804,2647.181272506714,2.728130340576172
271,22271.62660117133,1.2281678491830825,97.0,2.4999999999999996,87.77739842949812,1.181060669397765,2560.5969429016113,3.2686004638671875
272,24984.590157372237,1.165211282968521,99.0,2.4999999999999996,95.73487031700289,2.18560880607657,2391.0014629364014,2.257020950317383
273,23583.611706652042,0.8599658849835395,96.0,2.5,93.88806226393498,1.8898497330672535,2566.072463989258,2.349468231201172
274,26331.865240418832,1.0263929331302644,98.0,2.5,92.80380176510523,1.869294547890902,2404.024839401245,3.117887496948242
275,22918.97569198933,1.1990462583303452,89.0,2.5,90.2467010900746,0.771226498916018,2441.901922225952,2.9330673217773438
276,26059.752929358674,1.004140055626631,100.0,2.5,88.5969878835919,0.9573719384164393,2529.120922088623,2.596036911010742
277,24728.72185196369,1.1083369842171669,100.0,2.5,91.99447895100069,0.5724450552495373,2430.011749267578,2.3949146270751953
278,23804.66286253598,1.1077964685857296,98.0,2.4999999999999996,93.9676758479399,1.4846922697299965,2695.164918899536,3.3660831451416016
279,23855.362768197883,1.216043967306614,100.0,2.5,95.1276102088167,1.6367987533392698,2426.4023303985596,2.8914051055908203
280,23756.33729655767,1.2160906779766083,98.0,2.5,91.25085440874915,2.1260805029249976,2302.1650314331055,3.2072601318359375
281,25545.635442741357,0.9583243483304977,99.0,2.5,96.30927353422098,1.6484725003762315,2545.4752445220947,2.5720672607421875
282,15205.905717145744,0.8564034488797188,70.0,2.5,62.09025594970813,1.5305599526255254,2479.996681213379,3.3985767364501953
283,23409.304719339478,1.0054441085457801,90.0,2.5,86.91963773930988,1.4639020173557709,2529.4601917266846,3.3660335540771484
284,24869.759241897762,0.8730571946501732,100.0,2.5,93.94875314573325,1.456934134558737,2512.009859085083,3.273130416870117
285,25900.25789244759,0.9235779696702957,100.0,2.5,95.97477064220183,0.9772263251322254,2380.7058334350586,3.1938323974609375
286,24299.659403051974,1.1091500501334668,100.0,2.5,95.01152073732719,2.101349014181944,2567.261219024658,2.5967750549316406
287,25984.865584110546,1.0847856426239013,100.0,2.5,92.9421094369548,1.3685406992351938,2566.798210144043,3.1483154296875
288,22832.421680096486,0.8154740829765796,100.0,2.5,93.21860041030317,2.0886223360894376,2432.5308799743652,3.2067394256591797
289,25207.993561634554,0.8903498581051826,100.0,2.4999999999999996,98.74755831322533,2.088080516104969,2378.3063888549805,3.3477306365966797
290,21779.565957670304,1.1818252539634704,92.0,2.4999999999999996,84.95494467890956,1.7928931969446553,2478.7514209747314,4.031667709350586
291,23102.494242206812,1.1151934689283372,94.0,2.5,79.85141828005403,1.342932773492766,2374.027729034424,2.755697250366211
292,20737.56342834999,1.038822431266308,100.0,2.5,89.81876947939513,1.5415366558009542,2553.600788116455,2.3019962310791016
293,22969.314195090676,1.2126494750380516,99.0,2.4999999999999996,88.32786142873316,1.8975705474561309,2403.648853302002,2.3778228759765625
294,21193.711458583577,1.1763313287496566,99.0,2.4999999999999996,86.73932788374205,1.9023391157044793,2478.626251220703,2.986673355102539
295,20198.38085594807,1.2875497648119927,83.0,2.5,70.94411897251014,1.0158250668604816,2599.6742248535156,2.827545166015625
296,25446.983498415128,0.8444259798526764,100.0,2.5,95.3144690113415,2.0119495514597006,2629.971504211426,3.270967483520508
297,25692.461954767452,1.4573069666326046,100.0,2.4999999999999996,95.69153202704251,1.928968502691652,2520.4873085021973,3.0236778259277344
298,24191.853948734795,1.0809371393918992,100.0,2.5,94.46667428832743,2.1957943672630953,2419.614553451538,3.0649776458740234
299,19096.672659817857,1.5693665842711926,89.0,2.4999999999999996,79.73693162490079,1.1146734062101655,2449.9995708465576,3.7274208068847656
300,23142.012393568457,0.7899957183003425,96.0,2.5,90.90180819409476,1.5498728136325777,2440.256357192993,2.639883041381836
301,23793.73766458208,1.023956537246704,100.0,2.5,93.749283174676,1.3653308213237447,2442.596197128296,3.456441879272461
302,21677.006060356925,0.9359868720173836,96.0,2.5,89.0303738317757,1.7376358331001638,2419.008493423462,3.15264892578125
303,22861.61219356286,0.9655042183399201,97.0,2.4999999999999996,88.14025438294946,1.3449601805690485,2528.571844100952,3.7109203338623047
304,23612.292343456258,1.0318253457546234,97.0,2.4999999999999996,94.75134948891696,1.365729344646839,2581.1257362365723,3.0384292602539062
305,21970.05041607177,1.0077554017305375,97.0,2.5,85.01525596112555,1.0270732402393845,2485.305070877075,3.3190860748291016
306,25648.455180363817,0.9656475728750229,99.0,2.5,96.3200733692537,1.7823487923040455,2448.4002590179443,2.7967262268066406
307,24138.215433520014,0.8108160701394082,100.0,2.5,95.21504165728439,0.9662607543106,2503.09157371521,2.411022186279297
308,25226.91955317905,0.5782163642346859,100.0,2.5,98.18287711124054,1.6393926513648813,2480.151891708374,2.5651187896728516
309,25625.791158160202,1.081393998414278,94.0,2.4999999999999996,91.6798732171157,2.695938704307573,2431.7760467529297,3.162799835205078
310,22684.665839153295,0.8258817866444588,98.0,2.5,88.97243107769424,1.714757168978281,2373.776435852051,2.8599300384521484
311,23601.010980663454,1.3093636225163936,98.0,2.5,90.77292476560713,1.1772983919408262,2378.045082092285,2.9424362182617188
312,23658.110129854944,1.0103366300463676,100.0,2.5,89.36264221804927,2.0452342295729333,2449.481248855591,3.250385284423828
313,24075.415259150457,1.2412464600801467,100.0,2.5,91.68854892110971,1.5666477332004127,2494.4934844970703,3.1984729766845703
314,27856.662957848283,1.1698344661295415,99.0,2.5,94.11101083032491,1.6891056424295054,2573.6584663391113,3.5945796966552734
315,24378.320981057765,0.9509226727485657,100.0,2.5,89.10336950314107,1.4557333014642697,2536.6623401641846,3.6302661895751953
316,13850.637412822805,1.2093828915059566,62.0,2.4999999999999996,59.63562294896458,0.7873395352501872,2606.236457824707,2.985149383544922
317,24254.66590400166,1.2486895854771136,100.0,2.4999999999999996,85.3403729498989,1.789913143624934,2507.2247982025146,3.0108089447021484
318,23668.383172151236,1.310415889918804,100.0,2.4999999999999996,93.34097421203438,1.4410432600726277,2468.9855575561523,3.170980453491211
319,25688.20082151434,0.729618416428566,100.0,2.4999999999999996,94.76082004555809,1.3135267045547603,2490.866184234619,3.4766311645507812
320,21595.10266905766,1.1853010614216328,100.0,2.5,88.78462408140192,0.9390862944162437,2467.2982692718506,3.2661476135253906
321,24900.73458757876,0.9401755982637405,100.0,2.5,95.19164562772549,2.233843480585444,2467.2904014587402,3.4817371368408203
322,26571.352314067917,1.090975339114666,99.0,2.5,92.42611529385324,2.1847064819640027,2504.256010055542,2.6783828735351562
323,23275.60196772234,1.0313654980063438,100.0,2.5,88.6019792970083,1.2004495300367797,2424.9656200408936,3.8390560150146484
324,25213.13132271821,0.7746042312681675,100.0,2.4999999999999996,93.43562528841717,0.8839341098628437,2529.0231704711914,3.509469985961914
325,23919.551045850596,0.8094650135934353,100.0,2.4999999999999996,93.05682859761687,1.756535054139779,2575.1235485076904,3.723905563354492
326,26979.036333548975,0.8296112412214279,100.0,2.5,92.97291039592498,1.3707737847463115,2551.313877105713,2.063619613647461
327,24440.240336473587,0.8389394694566726,100.0,2.5,91.64307552938511,1.0582675007991234,2370.2733516693115,2.612438201904297
328,25245.72011232675,0.9558565780520439,100.0,2.5,94.59705915878263,1.5812404606632442,2445.445775985718,2.846973419189453
329,15544.708383410281,1.051568402349949,72.0,2.5,68.40229885057471,1.114983828250641,2571.0299015045166,3.155118942260742
330,22622.623938076205,0.7183920481801033,100.0,2.4999999999999996,88.35773101555353,1.0822487028405592,2459.897756576538,3.1631546020507812
331,23790.603343730214,0.8345020331442357,95.0,2.5,89.81115006219609,1.5359264607007836,2484.208345413208,2.2834224700927734
332,24867.986702712235,0.800038361698389,98.0,2.4999999999999996,95.64467938404965,1.0681447891624607,2563.9660358428955,2.883119583129883
333,25428.14073490565,0.9909205254912377,100.0,2.5,94.13153456998313,1.2706536856745478,2625.0882148742676,3.0826358795166016
334,23400.92861272115,1.1195324227213859,98.0,2.5,88.3045615639648,0.6903318292912202,2511.643886566162,3.0307140350341797
335,21864.443634860676,1.0216134014725684,87.0,2.5,83.85655362053163,1.073574424668405,2482.4230670928955,3.4984092712402344
336,20303.74005911789,0.8608313184976578,87.0,2.4999999999999996,80.14297061159651,0.6893190772283971,2514.5671367645264,2.381999969482422
337,25158.980530764442,0.8397126768529415,100.0,2.5,95.61628555493587,1.5274972995820222,2424.170732498169,3.041402816772461
338,23314.182577423653,1.0592978379130364,97.0,2.5,93.30275229357798,1.2750196725773146,2492.730140686035,3.397674560546875
339,24406.37425078816,0.7445472356677055,94.0,2.5,87.83952721900215,1.196739915402868,2467.228651046753,3.1911392211914062
340,26580.96350398696,1.0822019477188587,100.0,2.4999999999999996,94.06307977736549,2.0849263393995003,2500.541925430298,2.4770851135253906
341,22065.138892827774,1.0945759777724744,93.0,2.4999999999999996,82.66000907852927,1.20714073976483,2546.0870265960693,2.5920257568359375
342,23567.64355972783,0.9858693638443947,95.0,2.5,87.57729061270376,0.7096004430007592,2513.317823410034,3.1379032135009766
343,24193.498708458403,1.4371674346923828,98.0,2.4999999999999996,90.28641207815275,1.205765139484014,2510.9763145446777,2.462604522705078
344,17332.477728561385,1.0328340442478656,86.0,2.5,80.10163749294185,1.2028004131757146,2571.4735984802246,2.9533634185791016
345,23785.252087049168,0.8898412331938743,99.0,2.4999999999999996,94.73262338257186,1.9188815397346202,2309.3950748443604,3.589630126953125
346,23864.640779778743,0.7846682375669479,99.0,2.5,91.13895216400911,2.0847746875144133,2487.8032207489014,3.2353973388671875
347,24742.655805506914,0.8968274442851544,97.0,2.5,89.49850471589602,1.4040534513417862,2529.1683673858643,3.4078121185302734
348,20907.79449680282,0.9786761870980263,96.0,2.5,83.81705251270468,1.252404143562519,2343.5182571411133,2.225942611694336
349,23541.350483652306,1.168780642747879,100.0,2.4999999999999996,90.30955585464334,1.4333185644661053,2500.6580352783203,1.8644142150878906
350,13663.078003055967,1.2792491312325,63.0,2.4999999999999996,60.52601873800655,1.8221743261721015,2630.826234817505,2.9453678131103516
351,26828.16420671343,1.2851006935536862,100.0,2.5,92.4896774913514,1.6655072226541718,2326.690673828125,3.2060413360595703
352,23143.510895657084,0.9159037783741951,99.0,2.4999999999999996,90.1110104213865,1.9830668816526151,2395.5326080322266,2.9801177978515625
353,21731.991970817595,1.1225273060798644,100.0,2.5,91.39674963063985,0.7194244604316548,2528.032064437866,3.066476821899414
354,23525.613207497296,1.241596399396658,97.0,2.5,90.51576909939656,1.28277967159058,2375.988245010376,3.0603065490722656
355,23539.931038773364,0.8821323205530643,98.0,2.5,86.83920704845815,1.382760290017973,2427.454710006714,3.528287887573242
356,24725.62150938747,1.2589148883521557,100.0,2.4999999999999996,93.18545620855248,1.976238568958793,2514.085054397583,2.8470458984375
357,20412.120360010194,1.1583851304650308,89.0,2.5,81.66025416812406,1.389475321673815,2370.1086044311523,3.387420654296875
358,23962.043786508606,1.0046408069133759,93.0,2.5,86.79504814305365,0.9892729439809296,2468.376636505127,3.1499061584472656
359,26135.520205884673,0.8967786610126496,99.0,2.4999999999999996,94.21340171702532,1.4950830007486673,2502.5227069854736,2.693807601928711
360,26917.938913750615,1.1106407481431961,99.0,2.4999999999999996,98.2011070110701,2.17056810403833,2454.712390899658,2.9393978118896484
361,23603.888662259604,0.7348557060956955,99.0,2.5,92.18468468468468,2.0194103816667943,2400.4788398742676,2.716165542602539
362,11557.74896990248,0.8566398134827614,55.00000000000001,2.5,51.88902672831849,0.9287454323995128,2443.544864654541,3.6260204315185547
363,20538.331909850112,0.8211524686217309,93.0,2.5,83.51021339723839,1.3781749217541044,2404.357671737671,2.6776351928710938
364,21503.176672734146,0.753358269482851,83.0,2.4999999999999996,77.57336343115125,1.0754143906573743,2389.1966342926025,3.6612701416015625
365,19383.026460504443,0.9764752678573132,82.0,2.5,76.52292950034223,1.875359629860141,2502.1135807037354,2.419332504272461
366,15812.152498633612,0.9744109091162682,73.0,2.4999999999999996,68.03689364609428,0.7682939832872208,2362.1127605438232,3.314023971557617
367,26395.932962046027,0.9956487448513508,100.0,2.5,92.60535078654266,1.2293620203647242,2444.2665576934814,2.7371082305908203
368,17300.029937783693,1.111717076152563,77.0,2.5,73.5665914221219,1.5862219882778077,2535.2816581726074,3.406747817993164
369,26511.615836511337,0.8467731919884681,100.0,2.5,92.5235768662652,1.5313688267776053,2528.9041996002197,3.354541778564453
370,22370.995476542663,0.7755916535854339,86.0,2.5,83.16193920216973,0.8797569592285297,2498.5575675964355,3.020242691040039
371,26385.0071019604,0.8539691080152988,100.0,2.5,96.83053788316947,2.2581781383308828,2435.6534481048584,2.5572147369384766
372,23754.252063258715,0.724060069322586,95.0,2.5,84.65496029526899,1.1476916142230544,2487.046480178833,1.9350833892822266
373,26117.627156051567,1.018396033346653,100.0,2.5,93.20343307817211,1.564290593369124,2412.475824356079,3.319803237915039
374,28841.289534459156,0.9734061653912067,100.0,2.5,96.19522137923225,2.2564132911205137,2533.741235733032,2.003406524658203
375,21593.026992328287,1.1427464166283607,90.0,2.5,80.45792787635946,1.8487478358678033,2442.260980606079,2.3435726165771484
376,19449.63925512285,0.817293355166912,92.0,2.5,77.69483090148174,1.2339176473815598,2473.634958267212,2.692533493041992
377,21108.14409331181,0.8384878170490265,90.0,2.5,82.60671599317018,1.4192927592013471,2467.9057598114014,3.2245845794677734
378,22688.11309883907,1.2059806437790395,92.0,2.4999999999999996,85.62785388127854,2.391149379479897,2462.247133255005,2.4876174926757812
379,21506.481204496315,1.166859430372715,82.0,2.4999999999999996,79.27536231884058,1.9823587733193542,2457.7581882476807,2.9109630584716797
380,17552.5831273131,1.1189564236998557,76.0,2.5,70.1915448260229,1.6932392644853065,2428.5175800323486,2.8127365112304688
381,19591.430148748692,1.0643825648725034,80.0,2.5,74.48139993046703,1.50729198864754,2388.164520263672,3.324310302734375
382,19606.609231922746,0.8224907049536705,80.0,2.4999999999999996,76.35049891042551,1.0864065243920589,2515.432119369507,3.072744369506836
383,22008.136411133186,1.1958187502622604,97.0,2.5,88.12888637648388,2.019873491543672,2635.8394622802734,2.2379398345947266
384,20159.795688953058,0.9175766983628273,90.0,2.5,81.4865637507147,1.1722493497010906,2511.4681720733643,3.0647945404052734
385,25456.980321059993,1.1712204638123511,100.0,2.4999999999999996,95.06695662126589,2.837850168811023,2509.1474056243896,2.9527626037597656
386,23601.24230526393,1.1397713789343833,98.0,2.5,90.5197030268418,1.6814600470353633,2393.454074859619,3.7273616790771484
387,22964.0439889703,1.0875313821434975,100.0,2.5,89.80869961284445,2.3036655298430717,2294.4326400756836,2.5128040313720703
388,20214.9608224085,0.8523388290405274,89.0,2.5,85.90208522212149,1.5440737314236863,2434.6015453338623,2.438325881958008
389,22727.54088626793,1.2317324659228326,99.0,2.5,92.83079760258184,1.7029203879239494,2497.314691543579,3.086650848388672
390,24824.447647826208,0.929851291924715,89.0,2.5,86.08615526376411,1.443488264053271,2412.7142429351807,2.935422897338867
391,24398.155573005402,1.0985293608903886,97.0,2.5,88.72086412734508,1.112768356273782,2400.3818035125732,2.3801746368408203
392,17053.944195344546,0.9750084611773491,81.0,2.4999999999999996,71.24929338609384,0.7887666287375564,2336.508274078369,2.3425159454345703
393,22767.889212362363,1.1033684033155442,100.0,2.4999999999999996,91.36690647482014,1.3566359568912965,2601.869821548462,2.9610862731933594
394,22420.900400465467,1.0677935031056405,95.0,2.5,89.68199496682682,1.3895423079508031,2428.601026535034,3.593046188354492
395,26618.702590857916,0.8510770067572594,100.0,2.4999999999999996,97.05106138841079,1.314343723874358,2441.521167755127,3.3471107482910156
396,25367.985381113664,0.8542610311508179,100.0,2.4999999999999996,92.33449477351915,1.519643962392054,2673.4023094177246,2.6561851501464844
397,25533.26551304975,0.9525534850358963,98.0,2.4999999999999996,89.51539855072464,1.5488751058521961,2524.461507797241,2.6963939666748047
398,23255.697108396624,1.1615877756476403,100.0,2.5,91.14524508696634,1.7866998970087002,2621.8509674072266,2.760713577270508
399,25741.43625241089,1.2652533748745918,100.0,2.4999999999999996,94.81337302495993,1.764563829249527,2385.722875595093,2.640087127685547
400,22310.520869930846,1.0733068777620793,93.0,2.5,85.59184618948343,0.8632602674776958,2518.1849002838135,3.0277786254882812
401,23767.302288014795,1.1804259297251702,93.0,2.5,88.59865470852017,1.7352799689341996,2355.396032333374,3.575307846069336
402,26400.62529441147,1.2466412010788916,100.0,2.4999999999999996,95.40648095508811,1.8053449087390827,2568.490982055664,3.1681900024414062
403,24707.05388006351,1.5163637194037438,100.0,2.5,92.62257696693273,1.461613675444216,2442.821502685547,2.502443313598633
404,24964.718265249052,1.054343177229166,100.0,2.5,89.47013920071846,1.8539786710418376,2440.1230812072754,2.971435546875
405,24169.643063142077,0.7073555770516395,91.0,2.4999999999999996,85.80387685290763,2.180737099104785,2468.261957168579,1.9735565185546875
406,20802.55632366271,1.0863769656419755,87.0,2.5,78.80258899676376,1.1299127528832913,2408.6055755615234,2.5695152282714844
407,24878.55834389537,1.5232937581837178,100.0,2.5,95.36984108837315,1.350800054394633,2391.0021781921387,3.0486526489257812
408,17651.228029478607,1.1432557588815688,82.0,2.5,74.08738627428957,1.0116367125853387,2549.351215362549,3.7876434326171875
409,21932.22282080712,1.1900461640954019,90.0,2.4999999999999996,79.87977770216627,1.169262429259623,2635.3020668029785,3.30316162109375
410,24691.637250923857,1.1366136854887008,98.0,2.5,87.63748854262144,0.8289493725761287,2370.973587036133,2.665689468383789
411,22070.828321859008,1.2570604965090753,95.0,2.5,89.20236851271333,1.6971365704975983,2479.5925617218018,2.638303756713867
412,21682.53496567845,0.8521293969452381,94.0,2.5,85.0504363595149,1.5637525413883242,2509.2458724975586,2.9220733642578125
413,23092.808265110005,1.1779711131751538,100.0,2.5,90.73511201170776,1.4730216035454344,2546.6268062591553,2.754823684692383
414,24200.790220736548,0.9666330263018608,97.0,2.5,92.10344827586206,2.4145809237851603,2578.087091445923,3.671649932861328
415,23959.876942955336,1.3818811982870103,92.0,2.4999999999999996,90.45197740112995,1.7930581635121592,2329.625368118286,2.5606136322021484
416,20134.806714259837,0.8843544341623784,86.0,2.4999999999999996,76.02352408957249,1.4380193694667576,2549.450635910034,3.177297592163086
417,25815.715507216046,0.8695106407999993,93.0,2.5,91.14665465194864,1.8825405630287062,2599.4060039520264,2.428457260131836
418,24343.61768687387,1.010654736161232,98.0,2.4999999999999996,93.18181818181817,1.27646564243675,2453.190565109253,2.1033458709716797
419,23970.54034101725,0.7119232615828515,100.0,2.4999999999999996,88.66598662586422,1.6801204614670484,2444.7927474975586,2.9477996826171875
420,24108.110878898486,0.9922083386778832,97.0,2.5,83.5369270424745,0.28693591008585395,2594.841957092285,3.386148452758789
421,23632.176490948004,1.0890131935477256,100.0,2.5,94.19044345135785,1.6394852738783376,2549.311637878418,3.33294677734375
422,23742.28536685126,0.9524498143792153,97.0,2.5,92.94254207777132,1.826047616354691,2376.560926437378,2.9276275634765625
423,22537.054342413285,0.8256728501617908,95.0,2.5,86.20020545599817,1.2736397253037506,2509.251832962036,3.884075164794922
424,21612.082980664396,1.0757800543308258,100.0,2.5,89.4807220860263,1.5152057245080501,2398.2417583465576,2.5920848846435547
425,24349.63098383989,0.9027681192755699,100.0,2.5,88.92290249433107,1.2725015518311609,2183.4006309509277,3.281801223754883
426,25121.94264339944,0.7175431667268276,99.0,2.5,93.93359594822735,1.7402262637834742,2519.40655708313,2.4532814025878906
427,20977.306110091115,0.8377304139733315,99.0,2.4999999999999996,88.02874029435624,1.9742044866214934,2576.8449306488037,2.901437759399414
428,27190.798749504305,1.1883971959352493,100.0,2.5,97.44475138121547,2.0353937935529154,2351.9904613494873,2.829008102416992
429,23804.03166187632,1.0123832131922246,97.0,2.5,91.57929957617667,1.5824178274222587,2451.478958129883,2.3002796173095703
430,24752.716160472908,0.8114254607260227,100.0,2.5,92.57318601207427,1.7392525990446754,2479.4700145721436,2.7110862731933594
431,25075.584667597606,1.4951349738240243,100.0,2.4999999999999996,90.63859006637675,1.3247221561954676,2459.0060710906982,3.8572044372558594
432,17781.726785583236,1.064060820043087,84.0,2.5,73.9993234863006,1.5025135507063219,2588.824510574341,3.4444198608398438
433,26407.876078595735,1.0484412033855914,100.0,2.5,97.79093600546572,1.969482314141719,2498.0006217956543,2.854074478149414
434,22525.672177780867,0.931935981810093,97.0,2.5,88.76836158192091,1.5704232196248593,2359.811305999756,3.839639663696289
435,25610.427711011253,1.0962662987411023,100.0,2.5,97.53431030472203,2.1203973622392662,2477.647066116333,3.5963973999023438
436,22021.327464724844,0.8421273350715637,92.0,2.5,86.83527153663769,1.3659143373162534,2380.6395530700684,3.5389862060546875
437,28083.31414651152,1.1594752019643784,100.0,2.5,98.6612207851146,1.725947779582546,2516.2837505340576,3.627819061279297
438,24809.273687822693,1.2960701332986355,100.0,2.4999999999999996,90.97166456349662,1.2741141673352572,2515.3257846832275,3.1281585693359375
439,21757.038538369663,0.9793274526298046,86.0,2.4999999999999996,83.60824742268042,1.8256121272805599,2435.8222484588623,3.0226783752441406
440,13636.371332183731,0.8277539601922035,61.0,2.4999999999999996,57.285730898941736,0.42786343612334804,2526.0190963745117,3.7243385314941406
441,22495.800284624493,0.9870642352104188,100.0,2.5,92.40638002773926,1.8068388484428755,2469.44260597229,3.4009323120117188
442,24683.401251757496,0.944769598543644,97.0,2.5,92.56687535571999,2.011366299507851,2440.14310836792,2.850351333618164
443,22698.56836264534,0.7990422299504281,87.0,2.4999999999999996,83.37432915921288,1.1700499787633891,2455.7557106018066,2.949068069458008
444,23112.33026335156,1.0542821049690247,95.0,2.5,86.90600673870105,2.068437036911825,2413.7344360351562,3.2772769927978516
445,17447.068309444796,0.8647347669303417,67.0,2.5,67.13142857142857,1.0310192023633677,2363.428831100464,3.148784637451172
446,23204.118126691454,1.1396309126913549,97.0,2.5,88.30227743271222,0.47547211978992066,2510.5433464050293,3.1187610626220703
447,23645.039027451356,0.8423899748921394,100.0,2.5,84.36115843270868,1.469339172940585,2377.971649169922,3.1977272033691406
448,23690.334888007463,1.1035885873436928,91.0,2.5,88.69455875628715,1.5292324616689204,2426.2454509735107,3.1623992919921875
449,23118.924795816765,1.099680159687996,98.0,2.5,89.28571428571429,2.4236602854781424,2429.734230041504,2.8123092651367188
450,22208.404137493493,1.0929668609797956,90.0,2.5,85.67561470787277,1.1216783216783217,2348.2906818389893,2.726797103881836
451,22735.244893215466,1.0404149223864079,100.0,2.5,89.03587443946188,1.3564341269976343,2459.178686141968,2.004056930541992
452,23398.158331804552,0.9806209668517113,100.0,2.5,92.87739593966202,1.9827954722461336,2206.0763835906982,2.481508255004883
453,25599.35087151055,1.0041079871356486,96.0,2.5,92.87150837988827,1.4099541622189369,2441.861629486084,2.3740673065185547
454,21108.79758543822,1.0833286973834038,99.0,2.5,91.6970802919708,1.1589987414347644,2418.3082580566406,3.4533939361572266
455,23373.422762024536,1.3252378530800342,98.0,2.5,84.7988409673465,0.9285001741306748,2474.498987197876,3.590475082397461
456,25846.548569362036,0.6890517820417881,99.0,2.4999999999999996,98.69484869484869,1.3738391236750789,2528.5427570343018,2.2694454193115234
457,23773.616835175224,1.1826758354902267,100.0,2.5,94.24778761061947,0.9717383755446776,2493.885040283203,2.444456100463867
458,14218.563321672864,0.915126388669014,56.99999999999999,2.5,58.33723105706268,1.0248705809735106,2526.298761367798,2.3584232330322266
459,18705.690454490916,0.6113587619364261,81.0,2.5,75.91898852727698,2.454102454102454,2290.1718616485596,3.0682373046875
460,23416.641923488114,0.6904036757349968,100.0,2.5,92.52992633517495,0.9651140173228526,2622.124195098877,2.8164424896240234
461,18630.634817128222,0.9518034927546978,80.0,2.5,69.83144134846921,1.3271634500263398,2458.743095397949,3.70587158203125
462,17141.438264680637,0.6996128687262535,80.0,2.5,77.83029744062716,0.9181654476334452,2470.755100250244,2.708984375
463,23167.06642990318,0.8550114467740059,100.0,2.4999999999999996,92.57208765859285,1.400611867463285,2594.1219329833984,2.8859901428222656
464,20320.814041415604,0.8682615029811859,90.0,2.4999999999999996,80.83873167405386,0.9915433885710377,2591.3476943969727,3.3877029418945312
465,24196.95646588812,1.2907968144118787,100.0,2.5,95.62550630714037,1.9456635079235944,2442.5110816955566,2.8182296752929688
466,23421.589402426707,1.2643474313616752,100.0,2.5,94.4848417048887,1.3462254885359162,2577.889919281006,3.332792282104492
467,17365.72279679073,0.8729377433657646,82.0,2.4999999999999996,74.101625085832,1.544949333512783,2401.3168811798096,3.228544235229492
468,22372.571165534955,0.8735546761751175,96.0,2.5,91.30285714285714,1.2170572062900462,2475.0540256500244,3.1527652740478516
469,26332.55346263379,1.0041276739537717,100.0,2.5,95.94391007069186,1.2812235066896487,2590.681791305542,3.7947635650634766
470,26828.26513435515,0.918512053489685,99.0,2.5,89.46089262041538,1.72059120112939,2439.7385120391846,2.9991207122802734
471,26005.585832070046,0.8967840573191643,100.0,2.5,93.16659222867352,1.5221878224974201,2359.7564697265625,3.527332305908203
472,27098.555898873117,1.1400598630309104,100.0,2.5,95.61904761904762,1.3758377568443427,2534.62553024292,2.0375709533691406
473,22307.470164657498,1.3447662697732448,97.0,2.5,81.90519598906107,1.3863161394509356,2448.5208988189697,2.785696029663086
474,14294.473205790924,1.0602103720605374,65.0,2.4999999999999996,58.62426546837193,1.1568752418455375,2303.0354976654053,2.4327354431152344
475,24331.02168356043,0.8293026503920555,100.0,2.5,90.384175623142,1.7232926690229164,2429.54158782959,3.1490554809570312
476,17143.638940966408,1.1289694848656655,70.0,2.5,65.65645013723696,1.8019344462817406,2474.7238159179688,2.5642833709716797
477,27269.451339963496,1.043962697684765,96.0,2.5,98.53093079306782,1.8819316600062863,2530.257225036621,2.8729400634765625
478,23985.821339546845,0.7707780197262764,100.0,2.5,91.29499660402989,1.2327521359844615,2617.1507835388184,2.9894981384277344
479,26564.177556914514,1.1393305291235447,100.0,2.5,96.30903255387437,1.076376574172592,2421.3972091674805,2.9403343200683594
480,24650.427469287675,1.22716770529747,100.0,2.4999999999999996,93.37823952505994,1.3952987944029491,2508.7077617645264,2.8507118225097656
481,22644.286828889937,1.128296991288662,89.0,2.4999999999999996,83.5174746335964,1.4461832858603967,2528.280735015869,2.8635215759277344
482,20895.41189025854,1.051618671119213,95.0,2.4999999999999996,87.29232150875617,0.8315282725152483,2517.613410949707,3.6467361450195312
483,15899.657468965273,1.1048849928379059,72.0,2.5,69.00933318340267,1.131039911659715,2493.4990406036377,3.6348209381103516
484,25175.849710072944,0.79496551156044,96.0,2.5,93.68518091726204,1.0958129341275031,2588.3734226226807,3.2969608306884766
485,18953.90122586432,0.959027558863163,80.0,2.5,73.57394967550951,0.8541258373065787,2308.850049972534,2.670215606689453
486,23174.02771054464,0.9209533551335335,92.0,2.5,86.05752961082909,2.2445013940127856,2616.6770458221436,2.667774200439453
487,22532.95272843874,0.9745135247707367,93.0,2.5,90.15502998755234,1.2929512741415532,2482.4905395507812,2.826801300048828
488,16630.518768169546,0.798043238222599,67.0,2.5,61.659946236559136,2.092207829841491,2248.401641845703,3.9801788330078125
489,21958.881552326206,0.9401018686592579,100.0,2.5,86.16675993284835,1.2147203576866705,2524.7178077697754,1.9116172790527344
490,22346.40570182835,0.6982443182170391,87.0,2.5,82.65657260839642,1.2753780070707188,2503.147602081299,2.3310165405273438
491,26833.089117571668,0.750474798977375,99.0,2.4999999999999996,94.57735247208932,1.575165403321211,2427.192449569702,3.3045692443847656
492,20460.63734517994,0.952147766649723,92.0,2.5,82.62191688253182,1.38070864301407,2415.9953594207764,2.7141265869140625
493,21560.551368957524,1.1400286492705345,100.0,2.4999999999999996,90.29104138244656,1.2459161636856968,2538.717746734619,3.290060043334961
494,23874.195133946665,1.095244289934635,100.0,2.5,86.53256051824071,1.8981905634448009,2511.1846923828125,2.6297569274902344
495,25769.11477519587,1.0686980447173118,100.0,2.5,93.43586314499052,1.6161830495287606,2549.0148067474365,2.0271987915039062
496,24289.986451676243,1.2662097039818763,100.0,2.4999999999999996,96.63622702577737,1.2405537544295135,2518.7699794769287,2.8854312896728516
497,27613.00652922395,0.8226238009333611,100.0,2.5,97.17024189867641,0.8602381936696889,2457.6358795166016,3.5735034942626953
498,24007.80480544531,0.7791437408328057,99.0,2.5,91.30189530685921,1.784084451256264,2376.316785812378,3.2425174713134766
499,22773.09681667683,0.9735385438799858,100.0,2.5,90.34664830119375,1.1353219874761173,2516.298770904541,3.7156314849853516
500,24275.893126021307,1.2357330125570298,96.0,2.5,94.54835766423358,1.534885236641719,2262.30525970459,2.056385040283203
501,23269.40678497542,0.7474216131865978,100.0,2.5,93.38481041834736,2.2930755723996454,2430.523633956909,2.2382259368896484
502,20764.60407686244,1.0892823179066182,98.0,2.5,82.40512014372334,0.8494982528447272,2620.6130981445312,2.689210891723633
503,24278.480037762474,0.93307871311903,100.0,2.5,97.0835734870317,1.6913951708941957,2590.0440216064453,3.0008087158203125
504,23791.279162135357,1.167963783144951,92.0,2.5,89.98174349612049,1.421137255579952,2320.4360008239746,3.3060874938964844
505,23518.416525021614,1.1374507412314414,100.0,2.4999999999999996,89.98411978221415,1.1123111983216372,2332.916498184204,2.6414642333984375
506,26368.277960644376,0.8679168847203255,100.0,2.5,97.12109331242299,2.1016801683695663,2311.5084171295166,2.477794647216797
507,22617.448307614053,0.8767839169502258,100.0,2.5,88.54570321404148,1.2994661855018768,2511.061906814575,2.944124221801758
508,23769.569937122327,0.6846619629859925,100.0,2.5,91.76348786379846,0.8457881889426576,2398.231267929077,3.2607803344726562
509,21162.020524365187,1.1488714039325714,87.0,2.5,78.2984940436053,0.7214506172839507,2532.349109649658,3.421968460083008
510,27982.40201647032,0.804246638417244,98.0,2.5,98.5295807007467,0.9842972246133117,2322.9737281799316,3.411611557006836
511,20965.096508627412,1.0088970431685447,88.0,2.5,82.19287259478538,1.5957323167755282,2522.263288497925,3.008617401123047
512,21070.229381638746,1.1484171438217163,87.0,2.5,80.16426642664266,1.7238614939764367,2276.2112617492676,3.3633174896240234
513,21734.58257811839,1.1045708826184273,80.0,2.5,80.87244490122188,1.7373860813124353,2438.3978843688965,3.446338653564453
514,26855.734645285913,1.3168915255367757,99.0,2.4999999999999996,96.0571823841365,1.569184463721064,2577.9435634613037,3.2475719451904297
515,22175.528230139655,0.5737158986926079,93.0,2.4999999999999996,84.73780627433021,0.9105388607961507,2586.660146713257,3.182920455932617
516,23372.334119549338,1.260347445756197,100.0,2.5,89.55778102846855,0.9432746145352845,2438.6494159698486,3.005826950073242
517,24461.109489578335,1.1468966206908227,97.0,2.5,97.89741219963032,1.8050394086658226,2481.2674522399902,2.7653236389160156
518,24167.713702851128,1.0141411089897157,94.0,2.5,86.78750569995441,2.6583299951814503,2413.3684635162354,2.6883087158203125
519,23859.908475550266,1.1688283021748065,92.0,2.4999999999999996,88.01969991982591,1.6430058678780994,2555.6540489196777,3.1328468322753906
520,25035.210611779694,0.8762268164753914,100.0,2.5,95.33831183525685,1.7396447741557444,2545.886993408203,3.0612621307373047
521,22649.912005072623,1.0286682122945785,99.0,2.5,87.04288939051918,1.3510612926305747,2638.204336166382,2.7295894622802734
522,27359.30552721381,1.0178804595768451,100.0,2.4999999999999996,97.16033706568163,1.6662289053778974,2586.8477821350098,1.8028411865234375
523,26482.151562579882,0.9482715764641761,100.0,2.5,95.58030076914247,0.954443287100488,2458.922863006592,2.5128707885742188
524,23190.706894534833,0.8299192072451115,91.0,2.5,86.68156424581007,1.313190138513012,2388.5560035705566,2.8854808807373047
525,23651.964826419848,1.046190987676382,100.0,2.5,93.08915770609319,1.9564040075819116,2394.9337005615234,3.7473411560058594
526,25397.03723067266,1.1778321970999241,100.0,2.4999999999999996,93.59656069691141,1.8474700196318878,2412.3427867889404,2.8396148681640625
527,22964.40249207408,1.3276876151561736,100.0,2.5,93.04138484466353,1.169897284416712,2505.0621032714844,2.8023929595947266
528,20293.835872256008,0.7821991866827012,87.0,2.5,79.06708232305738,1.752864769288313,2511.086940765381,2.9843788146972656
529,17282.087866295973,1.0098882883787155,78.0,2.5,74.73636466719583,1.3609586514492673,2499.237060546875,3.5230159759521484
530,26690.847418372392,1.0850932106375695,100.0,2.4999999999999996,91.75700090334237,1.4375863074443094,2527.9433727264404,2.427175521850586
531,24938.264799119755,0.6606882333755493,100.0,2.5,92.93099572937739,1.531714050359552,2547.292470932007,2.8960933685302734
532,23114.613297751766,0.9656625099480152,98.0,2.5,90.24974341430038,1.655481740678759,2473.0260372161865,2.241231918334961
533,27126.54578928838,1.066003091186285,100.0,2.5,98.22390283029678,2.352115049716308,2624.9136924743652,3.7466392517089844
534,14775.790074782915,1.0093947160243988,73.0,2.4999999999999996,67.57336343115125,1.0162964206638194,2475.0027656555176,2.8678436279296875
535,21803.499754911816,1.1811385820806026,100.0,2.5,93.26043028646143,1.3006555770711337,2644.4947719573975,3.2940521240234375
536,24856.984734119047,0.9896296361088752,97.0,2.4999999999999996,91.66100158622253,1.3919745310460137,2585.7038497924805,2.8721961975097656
537,24584.448634278004,0.7814635998010635,100.0,2.5,92.87466547725245,1.2316199572703281,2436.339855194092,2.5554676055908203
538,23854.027612622038,1.0188769346475601,95.0,2.5,88.34193918531268,1.3177591159454631,2442.8532123565674,2.9803905487060547
539,23737.89437609846,1.2185582865774631,100.0,2.4999999999999996,88.73334079964161,1.4986258771149732,2443.950414657593,3.6770668029785156
540,26542.11770554867,0.9233156149089337,100.0,2.5,96.29205767910277,2.1222822521294136,2509.074926376343,3.2182788848876953
541,23227.750160763015,0.9887961125373841,100.0,2.5,93.66505413499193,1.4078656097241744,2469.4700241088867,3.6305294036865234
542,22752.16467511068,1.0489439304172992,95.0,2.5,84.18161434977578,1.2899692891337728,2600.330352783203,3.3922576904296875
543,19418.093162729434,0.9723222820460796,93.0,2.5,78.75197472353871,1.7317739870592714,2520.7865238189697,3.4390945434570312
544,23165.939191857593,1.3545492221415043,99.0,2.5,87.53725576774478,1.4447038416528553,2698.6000537872314,3.0603179931640625
545,24507.51292565761,1.1821314172446729,96.0,2.5,89.37528499772002,1.818728212525544,2559.0877532958984,3.440431594848633
546,21850.55016561338,0.6415594223141671,93.0,2.4999999999999996,81.39745916515426,1.4088223484196638,2505.5863857269287,2.7531261444091797
547,25683.03774624922,0.884006110727787,97.0,2.4999999999999996,92.67693681625363,1.4442654495010516,2631.108283996582,3.484792709350586
548,23708.56421008989,0.8804943899810315,100.0,2.4999999999999996,91.97080291970804,1.1116846212335647,2406.6781997680664,3.126546859741211
549,22490.753350854397,1.1323957446217536,100.0,2.5,88.30963665086888,1.069041800345151,2446.176767349243,3.4141273498535156
550,23428.934884259445,0.8120182237029075,96.0,2.4999999999999996,90.71313918825958,1.3342096615182386,2539.8952960968018,3.008472442626953
551,26200.566976191072,1.045208718776703,100.0,2.4999999999999996,98.13990642474039,1.181084330451709,2437.000513076782,2.5754032135009766
552,22488.603476224995,0.7862547047436237,93.0,2.5,86.94495837187789,2.1436916214357984,2398.314952850342,3.6594371795654297
553,24382.81549198801,1.0856307166814805,100.0,2.5,91.56436535645906,1.8663839959330026,2339.890718460083,3.0111331939697266
554,24664.591431780624,0.9049937479197979,100.0,2.4999999999999996,91.27037285108283,0.643475217737338,2420.5527305603027,3.2477455139160156
555,24454.55155667114,1.036625155210495,100.0,2.5,93.88626139116391,2.062882515300612,2393.340826034546,2.5947723388671875
556,23747.087719423344,0.8594175277650357,100.0,2.5,89.5117748420448,0.9140147066190919,2607.034683227539,3.1479148864746094
557,20995.208573907294,1.1512822423875333,83.0,2.5,77.81221303948577,1.8656936973728753,2580.8067321777344,3.6138992309570312
558,25127.239243899552,0.9286959378421307,100.0,2.5,92.30944254835039,1.7889238712167819,2502.1190643310547,3.5632476806640625
559,24239.353101335266,1.2674250990152358,100.0,2.4999999999999996,94.88675360329444,1.7083854467545723,2392.845630645752,3.5294876098632812
560,23161.60176925121,1.041716970205307,97.0,2.5,86.75324675324674,0.7534833988616998,2411.0090732574463,3.1974658966064453
561,24275.283954337985,0.9991606840491295,100.0,2.4999999999999996,95.20278099652376,1.5597949692793374,2482.722520828247,3.3237857818603516
562,26492.413569855213,0.897010115981102,100.0,2.4999999999999996,94.59310648606981,0.941127503121676,2420.5470085144043,3.5226516723632812
563,24477.339960200028,0.9954154980182648,100.0,2.5,93.48869088416724,1.8318217444854998,2462.761163711548,2.325998306274414
564,14451.678884053901,1.0342358246445655,68.0,2.5,62.96844743137031,0.5938511774635415,2459.385633468628,3.0474624633789062
565,20183.988804635246,1.1598584367334843,87.0,2.5,80.49178417433865,1.7134841436130543,2423.6886501312256,3.062856674194336
566,25206.4621390509,0.5999991129338741,99.0,2.5,89.24912754699989,1.1498550995606245,2542.276620864868,3.5253849029541016
567,15344.273124557763,0.7497956003248691,70.0,2.4999999999999996,66.86802973977694,0.8268051722463159,2492.4163818359375,2.409475326538086
568,27038.39089349135,1.059896177649498,98.0,2.5,97.82854557792355,1.1592739107258088,2493.3927059173584,3.181795120239258
569,21578.141627859815,1.0847180569171906,95.0,2.4999999999999996,85.95749542961609,0.9614663227087265,2609.5921993255615,2.9891204833984375
570,22295.745965925773,0.7931624761223793,89.0,2.4999999999999996,86.47499720326658,1.6042905580876903,2452.4712562561035,3.450468063354492
571,19888.435120773145,0.8436884939670563,92.0,2.4999999999999996,80.30713640469737,1.7756170963914693,2511.8820667266846,3.2465076446533203
572,24106.85958582646,0.9905445232987404,98.0,2.5,95.19711594371438,1.7887059380975752,2568.1426525115967,3.2337112426757812
573,18717.32915508461,1.109744227528572,87.0,2.5,80.38174836232211,1.2615127938848125,2440.980911254883,3.6921234130859375
574,24117.707328041895,1.2199806931614876,96.0,2.5,84.98086016662913,1.9147585113946584,2458.6846828460693,3.0072708129882812
575,27661.765813932045,0.9140157115459442,100.0,2.4999999999999996,97.59626338573707,1.7956803781846904,2307.098388671875,3.7377567291259766
576,9003.641586799231,1.0796253970265388,52.0,2.5,46.375130495302166,0.3764389348784244,2455.2016258239746,3.6107101440429688
577,20571.21335014525,0.6973854449391365,86.0,2.5,78.39088241931844,0.9869269433348044,2450.5724906921387,2.8927650451660156
578,24780.096594988667,1.1472179037332535,100.0,2.5,90.15997237886984,1.487408883892874,2480.52716255188,3.527059555053711
579,21568.304188281043,1.3282308667898177,93.0,2.5,81.58165011982199,1.6014563786584513,2516.389846801758,2.974550247192383
580,25091.419702231993,0.9662221884727478,98.0,2.4999999999999996,93.30121587520074,1.1407750459715318,2575.6583213806152,3.134044647216797
581,26682.888691452532,1.4210412672162056,98.0,2.4999999999999996,97.51074903824394,1.0397208420752784,2486.6549968719482,3.215024948120117
582,24125.922962042885,1.1949912180006503,98.0,2.5,89.24963105914405,1.7027941430570033,2542.5078868865967,3.018463134765625
583,24154.09466592927,0.8987581034004688,98.0,2.4999999999999996,90.39336061846294,1.5151428128356375,2577.83579826355,2.3847198486328125
584,24692.133184092843,0.9616341930627823,100.0,2.5,96.82074408117249,1.539449050548275,2555.628538131714,3.066434860229492
585,24220.89338605742,1.1978103771805764,100.0,2.5,92.31957625248289,1.647935486026799,2404.6576023101807,3.2431697845458984
586,27220.4229852934,1.120550678819418,100.0,2.4999999999999996,93.67060146149522,1.538567052260985,2510.3306770324707,2.615734100341797
587,25815.64964880407,0.8500205090641976,96.0,2.5,97.73615260859573,1.8330637936450684,2521.130084991455,2.4169769287109375
588,22481.82938456259,1.2539064100384711,100.0,2.5,90.86543957928433,1.5805880963219492,2652.0392894744873,3.591684341430664
589,24278.25906003061,0.9846092163026333,100.0,2.5,91.0376282782212,1.6162808514985214,2520.679712295532,3.3625030517578125
590,25199.325881734938,0.9242677843570709,99.0,2.5,94.28052655469814,1.6187159884187625,2411.3361835479736,2.7416439056396484
591,24053.315676281934,0.8068048378825188,98.0,2.5,90.31204235665203,1.3781671027612097,2462.292194366455,3.5132808685302734
592,23174.50313403679,1.063893549144268,100.0,2.5,93.22112594312246,0.7814539671991076,2546.4119911193848,3.2675857543945312
593,23239.15058383758,0.9145674297213554,100.0,2.5,92.58757062146893,1.195821471157083,2540.9367084503174,3.1585540771484375
594,26911.39589548362,0.7486812487244606,100.0,2.5,94.12761151891587,2.326595732470186,2373.741626739502,3.620138168334961
595,23556.116447106677,0.7835554653406143,96.0,2.5,97.94718025602583,1.5769537249829662,2514.4574642181396,3.531036376953125
596,25218.951781655716,1.4011476349830627,100.0,2.4999999999999996,94.32155074116305,1.3888653551801458,2436.685085296631,3.2830867767333984
597,22569.096969843773,0.9026857131719589,98.0,2.5,89.76712171618676,1.685501533070521,2489.104986190796,2.204854965209961
598,25354.948383100116,1.0527975445985793,98.0,2.5,93.14848762603117,2.35792957236672,2447.9968547821045,3.355243682861328
599,23475.40088104416,1.0696190795302392,99.0,2.5,91.36732329084587,1.4563302319425984,2428.380250930786,2.674907684326172
600,24194.725639653836,1.1233133843541145,100.0,2.4999999999999996,92.68770152003685,1.377050632070668,2544.1458225250244,3.134946823120117
601,23611.375656786873,1.117021513581276,99.0,2.5,96.46522234891675,1.558615038362023,2475.778579711914,2.831584930419922
602,23365.084139205468,1.118783448934555,100.0,2.5,89.21848260125499,1.9000850163195662,2491.8344020843506,2.921724319458008
603,22494.134036663603,1.0756297485530377,90.0,2.5,81.90778293871077,1.8295215929072608,2570.0647830963135,3.8116188049316406
604,23121.348427661796,0.8593316531181335,100.0,2.5,88.26161790017211,1.970010190711894,2362.727403640747,3.108945846557617
605,18995.628248604433,1.0423765572905541,75.0,2.4999999999999996,73.21163719338277,0.8239423182556707,2463.5727405548096,3.551942825317383
606,27300.883285650933,0.729510944634676,96.0,2.5,98.18245368752184,1.9060090208060525,2546.10538482666,2.9546966552734375
607,24357.741630340963,1.0115615326166152,100.0,2.4999999999999996,90.09439326737177,1.430891354463586,2589.006185531616,3.6522598266601562
608,23056.940937204683,1.3044366911053658,100.0,2.4999999999999996,88.4126984126984,1.2950763510971082,2555.410623550415,3.8450489044189453
609,20271.025762425867,0.9955796808004379,92.0,2.5,85.09373571101966,1.3407153800629428,2291.262626647949,2.4374351501464844
610,22921.77517614574,0.9335046298801899,100.0,2.4999999999999996,91.18222631518361,1.0963758389261744,2446.5863704681396,2.1764183044433594
611,24079.975517754363,1.017977523058653,93.0,2.5,93.31018518518519,1.6593779829955377,2476.565361022949,2.269580841064453
612,23617.227003394222,1.2775193986296653,96.0,2.5,90.91012903962545,1.513245926870309,2507.4779987335205,2.801708221435547
613,24506.487165978928,1.3411706346273422,99.0,2.5,93.30511306672608,1.6115617736863694,2430.1631450653076,3.0366973876953125
614,-385.7136454491362,0.7802652508020401,9.0,-385.7136454491362,8.424482196881545,0.2678244668463253,2430.0358295440674,2.888154983520508
615,23933.134068753337,0.7313300693035125,96.0,2.5,91.28735632183908,1.0357109121923844,2582.866907119751,2.6808509826660156
616,23726.19934697377,1.1496614572405814,100.0,2.5,90.45944412932502,0.8182222846968419,2553.9658069610596,2.7772254943847656
617,23098.109347576843,1.0064690925180912,100.0,2.5,93.50694046116783,1.9484829794108145,2502.50244140625,2.7243690490722656
618,24091.858530190068,1.1791919487714768,100.0,2.4999999999999996,92.19178082191782,1.5912464764065184,2489.490270614624,2.924480438232422
619,25668.20635904298,0.9964363099634648,100.0,2.5,96.7814287316362,1.5824982063091626,2412.4505519866943,3.291839599609375
620,21206.487646489044,1.209912979900837,92.0,2.5,82.9772956045185,0.7975421513041588,2342.728614807129,2.7138595581054688
621,22352.56323196843,1.1584214988350867,93.0,2.5,84.045197740113,0.9310736740738252,2549.7183799743652,3.7590885162353516
622,19828.81776635511,1.3488843715190888,75.0,2.5,75.36895092094727,1.0780528341992053,2428.136110305786,3.897686004638672
623,22156.151671137588,1.4514144392311572,99.0,2.4999999999999996,87.60736196319019,1.921794887334699,2191.3840770721436,3.440187454223633
624,21248.515193022202,0.8784587833285332,87.0,2.5,82.99187364083782,2.3234355652919323,2618.3078289031982,3.2299041748046875
625,24584.979503412073,0.9010857465863228,95.0,2.5,90.4750949039457,1.4182813110726449,2544.9395179748535,3.111621856689453
626,22384.389306474968,1.2338574923574925,90.0,2.5,83.51100022680879,1.931481077383094,2497.194528579712,3.1870155334472656
627,26059.075924299254,0.653970122039318,100.0,2.5,89.19484524727392,1.6873201703538627,2424.7498512268066,3.0372371673583984
628,22276.33179442637,0.970680625140667,92.0,2.5,82.02298327454773,1.64717902145533,2508.500099182129,2.728435516357422
629,24452.182971670427,0.7880936719477176,98.0,2.5,92.61713754214627,2.1911890405895535,2525.721311569214,2.0263309478759766
630,24766.22577756496,1.2663915325701236,100.0,2.5,91.21683440073193,1.299735187939165,2633.023738861084,2.5294189453125
631,24903.766516072887,1.0230303347110747,100.0,2.5,91.33858267716536,2.917988058749535,2493.3741092681885,3.101175308227539
632,24544.571589470608,0.7556920728087425,97.0,2.4999999999999996,93.03840877914952,1.3536262754663826,2487.8859519958496,3.287616729736328
633,22849.468563079452,0.958839390873909,93.0,2.5,87.79755026577305,0.7744574718538029,2540.4934883117676,3.1244029998779297
634,23369.79581989175,1.0476817409694195,100.0,2.5,89.8612834103981,1.0835211857358367,2365.884304046631,2.327526092529297
635,16175.874807637409,0.9202073788642884,80.0,2.4999999999999996,72.92986425339366,1.4918187842299915,2334.3615531921387,2.55047607421875
636,21689.338543494476,0.8783061054348945,96.0,2.5,84.44664902998237,1.2579926152737753,2434.7753524780273,3.379934310913086
637,19323.443112609682,0.9126146990060806,84.0,2.4999999999999996,75.32817233254796,1.6787829238112073,2519.853115081787,3.103618621826172
638,26645.855215658907,0.9198035551607608,100.0,2.5,94.31030628213726,1.6095049237217478,2259.922981262207,2.6990509033203125
639,21230.520629062044,1.0999391636252402,92.0,2.5,83.27514359725194,1.9087512736329673,2532.0334434509277,3.1485214233398438
640,23813.03203679595,0.8553278478980064,100.0,2.4999999999999996,93.62262422715824,1.8854880271510277,2664.398431777954,2.0923595428466797
641,23118.87796522183,0.9666531243920327,93.0,2.4999999999999996,88.90027322404372,1.4448704488901005,2475.831985473633,3.2581863403320312
642,25049.220011028105,1.1335502706468106,98.0,2.5,98.22196397443346,1.8069822013636765,2576.4000415802,2.0255069732666016
643,21307.445189083042,1.2773494267463683,87.0,2.5,83.93538254431232,1.30401149298265,2605.785846710205,2.725189208984375
644,21503.727222854195,1.3693400606513024,100.0,2.5,86.96245733788396,1.1707636913229018,2428.2660484313965,3.275449752807617
645,25178.354624502823,1.0412796801328659,92.0,2.4999999999999996,90.65516066765073,1.747562208079539,2500.6470680236816,2.7972583770751953
646,25750.146319187468,0.7269727508723736,100.0,2.5,91.33148404993065,1.499191755320701,2562.222719192505,2.6521759033203125
647,26549.405814940037,0.7402958223223686,95.0,2.5,97.43529960363722,1.7713738665951206,2345.1132774353027,2.6072750091552734
648,24672.2526254825,1.06969332665205,100.0,2.4999999999999996,95.27812967868249,1.6951820222099159,2469.3851470947266,3.2538585662841797
649,24914.546882373284,1.0385183092951775,89.0,2.4999999999999996,84.91074435836981,1.52840366728084,2457.392454147339,2.691152572631836
650,23925.97015087016,1.0729035758972167,97.0,2.5,87.5,1.2703449284657407,2587.735414505005,2.654674530029297
651,25162.29895488744,0.917771118581295,100.0,2.4999999999999996,90.96392270747235,0.8863950557046434,2617.6528930664062,2.785573959350586
652,22878.023764158268,1.2399067507684232,92.0,2.5,88.44278099126687,1.042942339129989,2478.527545928955,2.7294883728027344
653,22930.875876190872,1.1278345975279809,99.0,2.5,92.77496548550391,1.426210233953005,2451.2298107147217,3.434946060180664
654,20961.39005296647,1.0071480613946915,83.0,2.5,80.45859000684463,1.6592435851492864,2313.3623600006104,2.5670814514160156
655,22786.2170399364,1.1907409217953682,98.0,2.5,95.07544742075098,1.1922471003474644,2493.9846992492676,3.6459217071533203
656,22662.02289048654,0.9203155587613583,88.0,2.5,80.84768812330009,1.2196919031047735,2635.9007358551025,2.9143009185791016
657,25365.279130335424,0.6849557173252105,100.0,2.5,96.41488162344983,1.578175755310892,2429.1622638702393,3.3433780670166016
658,22887.729158371018,1.2227820679545403,96.0,2.5,86.35757171447632,1.2852350968045667,2410.810708999634,3.1548538208007812
659,24268.075909930176,1.1842278242111206,98.0,2.5,93.54185418541854,1.8859229929000545,2467.1003818511963,3.221986770629883
660,24845.709199789762,1.3004064047336579,100.0,2.5,91.67244968771686,2.366941732859831,2486.7584705352783,3.0838966369628906
661,23181.051405519174,0.8102767962217331,98.0,2.5,87.66101694915254,1.6547905093070896,2653.6076068878174,1.9519233703613281
662,24416.840881013683,0.8265885251760483,93.0,2.5,90.34320323014805,1.557744880590086,2478.8291454315186,2.603609085083008
663,23590.78349665859,0.8362492728233337,100.0,2.5,91.93050634358212,1.274200296679472,2495.684862136841,4.455217361450195
664,24250.962110765035,1.224997403919697,100.0,2.5,92.28584412633492,1.4907128762434734,2474.106788635254,3.0827198028564453
665,25082.72932793834,0.7091853834688664,89.0,2.5,91.60385016815493,1.0961223315932844,2514.328956604004,2.556631088256836
666,20676.685489730655,1.0795180822908879,94.0,2.4999999999999996,86.55998209489705,2.2150631466328767,2622.619867324829,2.880359649658203
667,23948.431248219094,0.8870814383029938,100.0,2.5,90.53154271526915,1.1764182127792184,2526.6647338867188,2.6194496154785156
668,23189.95364993705,1.0405098128318786,98.0,2.5,88.45804988662131,1.5478186503426468,2533.870220184326,2.8057212829589844
669,25956.7778447096,0.9447728434205055,100.0,2.5,95.57204126579344,1.047084076419517,2506.2074661254883,2.4655494689941406
670,24701.91222041949,0.9291885757446289,100.0,2.5,96.48500114495077,2.1158329860446257,2471.5096950531006,2.71942138671875
671,26558.46786444393,0.8062664604187012,100.0,2.4999999999999996,97.92687094202073,1.5070837956432288,2362.985610961914,2.6586360931396484
672,24038.593185913232,0.8134759816527367,100.0,2.5,95.5895589558956,2.8504523804097635,2211.0793590545654,2.9788284301757812
673,23470.006061409298,1.0845581793785095,97.0,2.5,93.4603322104774,1.110030388455684,2257.9145431518555,2.5186080932617188
674,19476.976043572417,1.2322181871533393,81.0,2.5,71.26096366328738,1.432565434315653,2496.753454208374,3.3299217224121094
675,24908.915204859,1.1092782454192638,97.0,2.4999999999999996,87.31049971925884,1.8421514607530565,2632.171154022217,3.352933883666992
676,19521.218869263404,1.5582180683314801,86.0,2.5,78.04293217629595,1.1613934485784387,2445.5747604370117,3.418550491333008
677,22829.82389047155,1.2558601200580597,89.0,2.5,85.74136008918617,1.3925646588443756,2486.6702556610107,2.739044189453125
678,22600.13938388951,1.1466651856899261,96.0,2.5,95.84481175390266,1.4626870546479915,2327.53586769104,2.9454574584960938
679,24598.08718772778,0.8920804804563522,98.0,2.5,92.5782142041562,1.5682130283182538,2343.892812728882,3.145315170288086
680,23292.46131364262,0.9361954171955585,98.0,2.5,91.05221429380451,1.5885382133227246,2231.5526008605957,2.3428497314453125
681,22948.862516521163,1.1434747576713562,92.0,2.5,85.57465453319851,1.6496834909581302,2587.317943572998,2.4463157653808594
682,18711.550938224587,1.0534218020737172,80.0,2.5,70.85051833686322,0.5846085404178383,2416.58616065979,3.757303237915039
683,23178.650666546917,0.8865200412273407,100.0,2.5,90.60031595576619,1.346578366445916,2578.763008117676,2.252532958984375
684,26416.15503354491,1.3249725860357284,96.0,2.5,91.15254237288136,1.907955794184464,2463.184356689453,3.4510746002197266
685,22485.41266896173,1.1758373518288137,100.0,2.5,90.71677731517947,1.6416327590684792,2517.939567565918,3.376331329345703
686,24651.17665826208,1.2170035330951214,100.0,2.4999999999999996,96.40644361833954,0.5494812316420777,2563.958168029785,4.221931457519531
687,23894.0508781787,1.24556713655591,100.0,2.5,93.10504933255949,1.3684204298721505,2509.981870651245,4.373542785644531
688,27150.607818156506,0.8159030643105507,97.0,2.4999999999999996,95.79633584354276,1.397399284664652,2610.412120819092,2.835369110107422
689,25141.07895841454,1.0424955329298973,98.0,2.4999999999999996,92.22532069157836,1.6198074346121396,2325.754404067993,2.4153385162353516
690,22399.12978888949,0.8533347129821778,100.0,2.5,88.98028169014086,1.8740621098090426,2456.54034614563,3.271696090698242
691,23776.059463502013,1.0346269573271274,95.0,2.5,84.90438695163105,2.067842605156038,2407.064914703369,2.126108169555664
692,23476.656942446472,0.8981658774614334,97.0,2.4999999999999996,95.88316467341306,1.0232452142206017,2545.133590698242,3.7043704986572266
693,22641.27684646682,0.8728795412182808,97.0,2.4999999999999996,86.46153846153845,1.3893439560376393,2309.967517852783,3.431489944458008
694,23696.585402169087,0.758851672410965,100.0,2.4999999999999996,89.50276243093923,1.2986731066670285,2528.252124786377,3.076902389526367
695,18282.119305723856,1.2304099875688552,87.0,2.5,80.80592659108767,1.7852662566835975,2498.3699321746826,2.143230438232422
696,23938.07697622958,1.1899143759906292,96.0,2.4999999999999996,90.96626643796455,1.409104709517261,2535.121202468872,3.1739120483398438
697,24850.972755902316,1.0297389101982117,100.0,2.5,91.03078982597054,1.8112680607487421,2457.3569297790527,2.3152618408203125
698,24313.96254858956,0.9238213266432286,100.0,2.5,88.02249917282452,1.5435656648016418,2607.2237491607666,2.4459285736083984
699,22241.805412750506,1.033866780102253,100.0,2.5,88.59678687787888,1.2822606038695232,2434.7832202911377,3.1403541564941406
700,22054.429243926177,0.704932668209076,100.0,2.5,93.80936417476813,2.0264097666306786,2469.5847034454346,2.9194602966308594
701,17307.088112979753,0.9991261085867882,76.0,2.4999999999999996,71.66215606675688,0.8537191641095091,2600.849151611328,3.618131637573242
702,27601.433549681635,0.9518708023428917,98.0,2.4999999999999996,97.67014805463101,0.9618080389071663,2432.887554168701,2.6386547088623047
703,21471.63494673204,0.8566136425733566,91.0,2.4999999999999996,84.35412026726058,1.2373979289266,2427.1018505096436,3.4790382385253906
704,24218.99907537847,1.0799639062583446,99.0,2.5,91.22727272727272,0.6927172782988793,2501.6956329345703,2.8049564361572266
705,22749.71542646038,1.0726703245937825,97.0,2.4999999999999996,86.31494067503743,1.8265623570317504,2448.0316638946533,2.7364845275878906
706,19619.47337741813,1.1468933570384978,79.0,2.5,76.25851099453064,0.9053218465717713,2491.752862930298,2.7305641174316406
707,25813.578199232743,1.0940281248092651,99.0,2.5,98.09267362279816,2.324473493100944,2464.139461517334,3.53851318359375
708,25161.500941203405,0.940958350598812,96.0,2.4999999999999996,89.04478617128746,0.8249161126397885,2505.6803226470947,2.8982715606689453
709,26464.209782466758,0.9595943799614907,100.0,2.5,96.56627880447182,1.5498671624405387,2481.3005924224854,3.2366867065429688
710,25504.206407941572,0.94590522646904,100.0,2.5,94.4393276536956,1.4330545181190115,2514.9879455566406,2.787717819213867
711,15666.12789325358,0.8218258917331696,72.0,2.5,66.7345092718227,0.7569057014559805,2436.490535736084,3.7428550720214844
712,20735.658130168427,1.123645484149456,90.0,2.5,83.38433639351695,1.1690735828666863,2441.162109375,2.320842742919922
713,23124.578084470773,0.922109673321247,100.0,2.5,97.43089803876592,2.711515774826825,2388.7627124786377,3.467639923095703
714,23785.851187809123,1.146403038352728,98.0,2.4999999999999996,91.30777015630271,1.5396939460694805,2393.6078548431396,3.7620296478271484
715,24695.836585160116,0.7542792919278145,100.0,2.4999999999999996,90.41342795989637,1.6612630022643002,2583.813190460205,3.3877811431884766
716,23062.74466953584,1.3322542637586594,98.0,2.5,88.38942850688954,1.748741436087664,2632.164478302002,2.884531021118164
717,21644.091914267938,0.9012196885049343,89.0,2.5,77.67441860465117,0.9450204075065298,2319.6330070495605,3.437397003173828
718,23998.74137712536,1.2515250146389008,98.0,2.5,89.40112994350282,1.313564760305122,2434.086799621582,3.344928741455078
719,17381.613024839095,0.7573963448405265,74.0,2.5,68.63543788187373,1.159011772508705,2597.5046157836914,2.5673580169677734
720,24695.49172408832,1.2270743294060231,100.0,2.5,97.34371422028852,0.7081916662351933,2525.254249572754,3.370412826538086
721,25130.106146207207,0.9031507641077041,99.0,2.5,91.17082533589252,2.2588656475790247,2436.6610050201416,2.5185890197753906
722,24830.015071287507,1.3812714254856109,99.0,2.5,90.1004628061858,1.4210182116452552,2545.473098754883,2.8142852783203125
723,24964.49707992419,0.7707351166009903,100.0,2.5,93.78017935157507,1.0755278690781436,2663.372039794922,2.6892833709716797
724,14707.04451588141,1.1250888063013553,73.0,2.5,64.70388788426763,1.4735644572181306,2336.7292881011963,3.292919158935547
725,22473.798464769126,0.9632831740379334,88.0,2.4999999999999996,78.60702026353671,1.2871960178058461,2611.682653427124,2.857219696044922
726,27369.214829325956,0.7827378842234611,98.0,2.5,98.25898953117887,1.7099331571584018,2412.4648571014404,3.647327423095703
727,23247.729662831942,1.1925355778634548,95.0,2.5,86.68669825494048,1.4697901090989645,2474.348306655884,3.729543685913086
728,24791.126137498137,1.1024685542285442,100.0,2.4999999999999996,92.22698555956678,1.5318186491210033,2626.4936923980713,2.709901809692383
729,25302.06946386655,1.211846451163292,98.0,2.4999999999999996,96.0849598163031,2.5236061477672216,2522.022485733032,3.3568477630615234
730,23330.53463570132,0.902181391119957,91.0,2.5,86.7682437850842,1.009367148981482,2468.254327774048,2.6820220947265625
731,21396.984847534433,1.134121692329645,82.0,2.4999999999999996,79.19094576423129,1.6415820585978007,2432.1606159210205,2.6726341247558594
732,26316.38758049108,1.1567957516014575,95.0,2.4999999999999996,93.22764891012939,2.0195600947073014,2444.3578720092773,3.2922897338867188
733,24990.844425916406,0.7194977498054504,100.0,2.5,91.87985381452718,1.2416214114902993,2439.9189949035645,3.1805591583251953
734,23916.9539226632,1.1405970340967178,97.0,2.5,88.6947813508401,1.419156123733192,2489.4821643829346,2.935445785522461
735,19245.264649453602,0.8985684868693352,85.0,2.5,76.99420677361853,0.858934897496951,2394.825220108032,3.4270057678222656
736,24114.757634503734,1.0616433557868004,100.0,2.5,88.86749716874293,1.4315538323889054,2442.3184394836426,2.9368839263916016
737,21076.38492041476,1.1458212564885617,91.0,2.4999999999999996,90.04432321854756,1.2782639288326978,2481.029748916626,3.3145198822021484
738,26734.55134028034,0.9701324731111527,100.0,2.5,92.09790991393764,1.113488666983674,2436.774969100952,2.8121891021728516
739,24579.910291410353,0.8000134474039078,99.0,2.4999999999999996,92.08868144690781,1.7507633632439137,2454.0224075317383,3.0664291381835938
740,27004.0397078946,1.1085884013772012,97.0,2.4999999999999996,98.30898424019325,1.5514210201539196,2464.96844291687,3.363126754760742
741,24158.261817807765,1.0872474022209644,90.0,2.5,85.89801957659914,1.193655669299786,2409.298896789551,3.0782718658447266
742,25664.989007563112,1.0279476395249367,96.0,2.5,91.5250370708338,1.7048299722310738,2492.4614429473877,3.412935256958008
743,19269.001902357242,1.0349342748522758,86.0,2.5,80.1150747986191,1.1238211032967278,2493.997812271118,3.1522769927978516
744,25836.631726290412,1.1195459544658661,99.0,2.4999999999999996,96.20639042565202,1.8258980896673167,2524.866819381714,3.4352378845214844
745,24587.88644583839,1.2390965989232063,100.0,2.4999999999999996,92.02109751991921,1.1658342067818643,2346.926212310791,2.5340805053710938
746,22517.795950485543,0.8338297647237778,98.0,2.5,90.97871381912378,1.3516723285552517,2542.0010089874268,3.173685073852539
747,22757.36413496549,0.7175397974252701,100.0,2.5,91.83532658693653,0.9164992437752545,2449.641466140747,3.414743423461914
748,24376.394471021307,0.9790931224822998,100.0,2.5,90.69347187711769,1.2675978272918746,2339.2271995544434,3.3029842376708984
749,20832.04815229014,1.04804191082716,85.0,2.5,83.61594867094408,1.0691125445223806,2381.751775741577,3.4998722076416016
750,23223.0718951043,0.9145268055796624,100.0,2.5,88.3007417397168,0.7475495998863583,2590.717077255249,2.509387969970703
751,21392.224844697896,1.1035466712713242,92.0,2.4999999999999996,81.82859761686527,0.9554122529272969,2459.2370986938477,3.2848682403564453
752,21017.358310414238,0.9958027420938015,87.0,2.5,85.00171605079511,1.1405181310896146,2500.0274181365967,3.126462936401367
753,26154.22000349443,0.7712240800261497,96.0,2.5,97.32387923147301,1.2922617872265736,2548.8407611846924,2.238788604736328
754,23838.96206996512,0.9217851254343986,97.0,2.4999999999999996,92.05974842767296,2.266460230996994,2533.1404209136963,2.561309814453125
755,24635.548879114303,1.0901359438896179,97.0,2.5,91.3635349252399,1.6362962297218353,2580.538749694824,2.7034988403320312
756,25746.644196349785,1.1088405653834343,100.0,2.4999999999999996,95.37237066515065,1.2568315431960415,2260.505199432373,4.09138298034668
757,27737.038822336093,1.2254081551730633,100.0,2.5,92.36856981345393,0.9746142985349346,2233.642339706421,2.8251781463623047
758,22204.044998576133,1.0983591908216477,95.0,2.5,89.04329849546342,1.9863100228549115,2394.716739654541,3.8519420623779297
759,22730.134530259333,0.7616005750000476,98.0,2.5,86.78559254630156,1.0932745288562802,2319.559097290039,2.9120750427246094
760,24344.422111010146,0.9367939782142639,100.0,2.4999999999999996,94.88552226905115,1.6743488807181346,2571.9237327575684,0.30297088623046875
761,22224.67469798679,0.5006604221463203,100.0,2.5,89.02522935779817,1.8415352159675131,2523.0045318603516,0.5156059265136719
762,20038.873012435826,0.5543830345571041,100.0,2.5,83.37581735564667,0.9219230463741476,2404.3402671813965,0.9314727783203125
763,21917.311049717744,0.38547705590724946,95.0,2.5,83.598780074551,1.4873390619201234,2480.2205562591553,0.8400535583496094
764,17499.1521884949,0.12362966507673263,75.0,2.5,68.59759587864912,1.316692495018818,2492.149829864502,1.784688949584961
765,26933.424109653184,0.34590005278587344,100.0,2.4999999999999996,93.72427983539094,2.0208188118184487,2674.1344928741455,2.0343685150146484
766,27597.811831642193,0.10466569155454636,100.0,2.5,97.0679544670576,2.4344156631152147,2578.0937671661377,1.2924232482910156
767,25044.241499927164,0.16173491522669792,100.0,2.5,91.23653500897666,1.214000986623875,2433.5227012634277,1.1108684539794922
768,26059.926429941417,0.18225152567029,100.0,2.4999999999999996,92.30422535211268,1.023920813857575,2458.7783813476562,0.8661823272705078
769,26615.483517120112,0.12812167540192604,98.0,2.4999999999999996,94.06382248656068,0.7670176548830723,2537.125587463379,2.464946746826172
770,23241.151984205335,0.5626184275746345,97.0,2.5,84.48993364076031,1.557702834566961,2521.2035179138184,1.1744365692138672
771,23340.32890816491,0.2109736204147339,93.0,2.5,84.30006850879195,1.8889844858860472,2565.587282180786,0.9982509613037109
772,19387.527229591244,0.07318109631538391,88.0,2.5,79.7229791099001,1.3678090926847204,2344.7062969207764,5.430080413818359
773,21178.547499722958,0.17669320076704026,91.0,2.5,79.48185395714911,1.4316860033386205,2586.4250659942627,0.21746444702148438
774,22764.184086715366,0.20564093619585036,93.0,2.5,85.1063829787234,2.2879703182228988,2536.1711978912354,1.3415031433105469
775,24318.471172002093,0.4772524081170559,99.0,2.4999999999999996,90.53497942386831,0.9282949744438208,2516.3276195526123,1.9776115417480469
776,24584.94017537866,0.007797813713550567,100.0,2.5,88.47671665351223,0.9570588591198359,2567.1725273132324,4.243605613708496
777,26186.84523932494,0.13839927569031715,100.0,2.5,93.64705882352942,1.726334078809117,2464.3630981445312,2.120412826538086
778,22863.52232188311,0.3280095446109772,88.0,2.5,86.40968906486549,1.2536845030211563,2547.2450256347656,1.8502845764160156
779,26019.855558113413,0.33942888885736466,99.0,2.5,91.77755032412146,1.3672965928132563,2473.46830368042,2.0116748809814453
780,14187.172912604126,0.2209042289853096,59.0,2.4999999999999996,57.28053878309336,1.0074256827032386,2472.9580879211426,1.9804553985595703
781,25430.88918417686,0.21183113813400267,100.0,2.4999999999999996,88.40481052870433,1.656706738007551,2393.051862716675,0.6638412475585938
782,25261.425121505086,0.11175445795059204,94.0,2.4999999999999996,90.82860385925086,1.6812874269462013,2364.66383934021,0.12232208251953125
783,22890.41054282291,0.1406683123111725,100.0,2.5,93.13857174837699,1.1357261434541186,2708.0492973327637,0.1763153076171875
784,24304.81852444485,0.18641358897089957,88.0,2.5,88.60033726812816,1.778234063695806,2484.8177433013916,1.898712158203125
785,20850.10357529635,0.013509135246276855,86.0,2.5,74.86203401283929,0.8261500482739881,2427.0100593566895,0.6780338287353516
786,22163.724758260592,0.0037065905332565306,91.0,2.5,86.86914305069436,2.01598868527041,2546.1947917938232,0.20123672485351562
787,25610.79842121712,0.09938261777162552,100.0,2.5,89.21213493321258,1.6713199723566001,2557.283401489258,0.9761772155761719
788,20280.353886860983,0.027155548632144928,90.0,2.4999999999999996,79.96909833351728,1.1531720995443393,2494.434595108032,0.7240734100341797
789,23743.572185461457,0.05001605898141861,99.0,2.5,88.66447293770567,1.7155855343539388,2461.8752002716064,2.0409698486328125
790,25309.035669337998,0.00931785762310028,100.0,2.5,91.69658886894075,1.222887265938169,2466.803789138794,1.9295635223388672
791,23518.947074841304,0.008286349475383759,100.0,2.5,93.46532387273976,2.2938278826248273,2505.8953762054443,0.04220771789550781
792,20855.563169710193,0.15486727088689803,80.0,2.5,76.2636612021858,1.4411379374883024,2615.412712097168,1.4059677124023438
793,26332.794366260445,-0.022323275506496428,100.0,2.5,95.52204443421203,1.213303358899762,2407.550096511841,2.746562957763672
794,23924.323271520236,0.01642556071281433,100.0,2.4999999999999996,87.9420488250057,0.8658834299664327,2618.990659713745,1.0582733154296875
795,25029.373418999636,-0.03644018784165382,100.0,2.4999999999999996,93.91334250343878,1.8901619633637456,2599.210023880005,1.3718032836914062
796,27593.128471573567,0.07152151003479958,100.0,2.5,94.49741527857553,1.1580468072811327,2522.5722789764404,0.4756736755371094
797,23352.78652676541,0.14828063294291496,99.0,2.5,95.6367384333486,1.3686439199171718,2411.0875129699707,2.439788818359375
798,26142.16142493393,0.143904460221529,98.0,2.5,92.40159726183686,1.6941850511108996,2506.253480911255,0.996124267578125
799,17245.92065475654,-0.1708514618873596,76.0,2.5,70.11756648784385,1.9321335221711744,2489.905834197998,0.8903961181640625
800,24976.4487407006,0.026402943879365922,100.0,2.5,91.60831262706122,2.015704002660549,2487.398862838745,0.8412113189697266
801,25880.404943592235,-0.04437333464622498,100.0,2.4999999999999996,91.29852744310575,1.5640347563279182,2436.321020126343,0.9236640930175781
802,24634.759283239615,-0.16581058591604234,99.0,2.4999999999999996,88.01838152880521,1.6222499529906496,2376.6541481018066,1.6134033203125
803,25870.421409547405,0.08008144706487656,95.0,2.5,91.2591407678245,1.0793905282352076,2507.2154998779297,1.5046672821044922
804,23643.70837728117,0.04375491768121719,94.0,2.5,89.34731146432195,2.0600679753069295,2376.051902770996,0.03145790100097656
805,16260.204010144027,0.0785453487932682,76.0,2.5,69.55139526669022,1.7103775782053248,2404.8078060150146,5.157773017883301
806,22658.138360663856,0.06885818406939506,99.0,2.5,88.19516707133774,0.9652998297206499,2473.5312461853027,0.5417919158935547
807,23465.899899623404,0.0022786866128444673,100.0,2.5,92.13495698804603,0.4649635288830505,2694.7336196899414,1.958963394165039
808,22987.61834018629,-0.03503626048564911,94.0,2.5,87.38030095759234,1.547580793242747,2493.779420852661,1.0112934112548828
809,18018.896432733585,0.021145650744438173,81.0,2.5,71.72875965470242,1.0963387971236114,2400.233507156372,0.6396465301513672
810,22790.180602547334,-0.07867786645889283,90.0,2.5,85.51865799383773,1.9031784299055061,2475.910425186157,0.3029003143310547
811,25500.242534317385,0.05281861141324043,99.0,2.5,92.79675346635103,1.2786697944647696,2480.283737182617,0.8995761871337891
812,24852.785682419482,0.01687743008136749,100.0,2.4999999999999996,92.94776545890959,1.5392428327872025,2165.7235622406006,0.6250419616699219
813,18376.206378950403,-0.13288790717720986,90.0,2.5,73.92857142857143,0.8497965078849695,2416.578769683838,1.51617431640625
814,23681.050142580043,0.00329091876745224,100.0,2.5,89.02835369270424,1.1838963747633031,2455.8160305023193,1.6779613494873047
815,24001.52509377187,0.026607530266046522,98.0,2.5,91.80531975099038,1.8298822396357748,2461.2159729003906,1.5347156524658203
816,23053.074809614558,0.11574975475668907,99.0,2.5,89.55649298825675,1.3929677411982493,2493.553400039673,0.2245197296142578
817,20857.342870495355,-0.08369375750422478,84.0,2.5,77.94201250710631,1.8356658077771604,2416.4016246795654,2.160541534423828
818,24718.17225297113,-0.061969386339187624,99.0,2.5,90.97967572505138,0.7726980038634901,2451.505422592163,1.7340145111083984
819,26238.86653212836,-0.08431984260678291,99.0,2.5,90.82663605051665,0.9960519915383659,2438.4427070617676,0.18815994262695312
820,24966.154945393027,-0.0012422087788581848,100.0,2.5,91.29750393523723,1.7934059939310596,2498.6472129821777,1.2840919494628906
821,23231.843140150282,-0.15884181708097458,100.0,2.5,92.59216052263183,1.7889045326013653,2508.836030960083,2.503337860107422
822,25907.658465162298,-0.04825664103031158,92.0,2.5,89.1507838051201,1.373319996780832,2396.578550338745,1.2294673919677734
823,28252.618375809267,-0.120762038230896,100.0,2.4999999999999996,94.65992130410343,1.5939160918240416,2525.231122970581,0.3833599090576172
824,16284.910902054111,0.060514696538448334,69.0,2.5,64.20115007328899,0.43102724428049244,2678.0097484588623,0.9121189117431641
825,20489.739688245623,-0.007524988353252411,90.0,2.5,78.98202924433531,1.0579154127133636,2483.318328857422,0.4129066467285156
826,25600.36696829457,-0.06954148784279823,99.0,2.5,90.25300221522677,1.7185082401396392,2531.27384185791,0.5906620025634766
827,22300.457970388175,-0.09690582945942879,100.0,2.5,86.65004533091569,1.2991480432514246,2499.1884231567383,2.914907455444336
828,26687.52026238953,-0.1542649883031845,99.0,2.4999999999999996,98.4831204379562,1.7910325737844686,2522.3724842071533,2.1511459350585938
829,19474.42091651566,-0.11269297286868095,90.0,2.5,80.93002459199641,1.1157408207841306,2456.333637237549,1.1406517028808594
830,24985.918649471238,-0.0656443652510643,89.0,2.4999999999999996,88.45051037963069,1.592520414629189,2568.9797401428223,1.4489326477050781
831,21383.636842867585,-0.10761249393224716,79.0,2.5,72.65083513237131,1.94611312674716,2437.0884895324707,0.49334144592285156
832,25359.201023566256,-0.1769449606537819,97.0,2.5,88.52627962899348,1.249670770592949,2468.86944770813,1.2981033325195312
833,11441.086951889654,-0.06765276223421096,59.0,2.5,49.151765245300325,0.48559558268498104,2557.7869415283203,2.9106884002685547
834,24210.126009718828,-0.04261440396308899,100.0,2.5,94.64510950579063,2.190187035019816,2367.274761199951,0.739837646484375
835,24410.01146997397,0.023873937577009202,94.0,2.4999999999999996,85.41431474373448,1.5913872599489682,2416.501998901367,1.677377700805664
836,17901.444940372756,-0.12145133435726166,70.0,2.4999999999999996,64.78305904016572,1.0130361913042483,2400.1710414886475,1.3952198028564453
837,26026.693325730514,-0.03892192989587784,99.0,2.4999999999999996,93.72499714253057,1.7006725049381728,2376.9125938415527,1.2762565612792969
838,27727.668648373452,0.18470778077840805,100.0,2.4999999999999996,93.71403275785745,1.1139858716823163,2435.8983039855957,0.9500808715820312
839,25208.28012113188,-0.09872487440705299,100.0,2.4999999999999996,92.61279690873963,1.1935154822759204,2392.8635120391846,0.00785064697265625
840,16608.952103684827,-0.0504025836288929,70.0,2.5,61.955161033344716,0.6425043039911782,2428.4141063690186,0.6976490020751953
841,21805.57210027884,-0.07082925975322724,100.0,2.5,82.21202283667301,1.1757526004817507,2496.3202476501465,0.010396957397460938
842,24088.289533246563,-0.039600664973258974,98.0,2.4999999999999996,90.74991360442345,1.0583197992027167,2604.771852493286,0.25992393493652344
843,27110.329257747035,-0.13912417978048325,100.0,2.5,92.94196728657853,1.6125083073909547,2386.7416381835938,0.19426727294921875
844,18893.783864136945,-0.09975646913051606,79.0,2.5,74.98277841561423,1.2663182499779484,2346.51517868042,0.6805076599121094
845,26398.164695447205,-0.1044145542383194,97.0,2.4999999999999996,97.45742943783532,2.5701931392332082,2482.851266860962,0.018192291259765625
846,22493.61319304616,-0.10525371730327607,95.0,2.4999999999999996,85.80788450860632,1.325351194357181,2463.693380355835,0.577789306640625
847,25447.92093422426,-0.2034453508257866,100.0,2.5,87.85770396139603,1.689629596331925,2212.700605392456,0.4887199401855469
848,25539.936858229175,-0.05614249750971794,96.0,2.5,86.52164162368244,1.3868913667563436,2609.511613845825,1.8709754943847656
849,24960.439310903796,-0.16041062042117119,99.0,2.4999999999999996,87.26194548979359,1.7900529194448451,2342.456579208374,0.351715087890625
850,25286.74903473719,-0.08164060488343239,100.0,2.5,90.82833666444593,0.8793094801598136,2549.093723297119,1.5979347229003906
851,26075.903594959498,-0.18227042838931085,93.0,2.5,94.98839907192576,1.3270016996646607,2538.698434829712,1.5024681091308594
852,28439.5028155172,-0.13454381316900255,100.0,2.4999999999999996,96.60978895374944,2.0125743759165307,2489.5129203796387,0.4674663543701172
853,21866.317126531765,-0.10045918017625809,94.0,2.5,80.62058922370338,1.5411481164741976,2440.8676624298096,0.43834686279296875
854,25805.988217919847,-0.14287566408514976,100.0,2.5,88.46813865690424,0.9802209571706306,2375.892162322998,2.6963768005371094
855,24043.262412279022,-0.12605994060635567,95.0,2.5,83.09028164310364,1.5081996746026831,2538.0265712738037,0.8582305908203125
856,24564.477678907944,-0.17170142948627473,93.0,2.4999999999999996,84.3909060061079,0.7190101290774583,2342.2811031341553,1.8932933807373047
857,27490.353367387794,-0.05728399857878685,100.0,2.4999999999999996,93.41969505903933,1.839797855121741,2560.1305961608887,0.4794750213623047
858,27028.15852582723,-0.14670923843979836,100.0,2.4999999999999996,89.78328173374614,1.3308527273349846,2453.514337539673,0.7631301879882812
859,26127.940537595547,-0.14743845403194428,100.0,2.4999999999999996,89.83012712341095,1.004604195190147,2468.2867527008057,0.5163764953613281
860,25412.229942823873,-0.17357031747698784,99.0,2.5,87.36055332440874,1.4137828719628118,2539.346694946289,0.057765960693359375
861,25420.8806243145,-0.18378490805625916,100.0,2.4999999999999996,93.75854214123007,1.2901489426275976,2565.725564956665,0.5349159240722656
862,30425.322957911565,-0.04109269142150879,100.0,2.5,92.95790801697443,1.0936390605822102,2444.117546081543,0.9210777282714844
863,26608.704958745388,-0.11341476336121559,100.0,2.5,91.90829399865137,1.1885202302573257,2465.099811553955,0.6584854125976562
864,24470.19454638796,-0.13698550999164583,100.0,2.5,90.25831113170393,0.7477075778656646,2535.264015197754,2.0581092834472656
865,25454.704294460815,-0.09296854570508004,100.0,2.5,92.22674813306178,2.011863512242135,2602.5683879852295,0.4779815673828125
866,24495.793285274674,-0.17002994656562806,96.0,2.5,88.52365135723285,0.8472669172086325,2566.312313079834,0.11646270751953125
867,24439.289270455534,-0.189079627096653,100.0,2.5,93.00022763487367,1.6816314537410084,2473.6311435699463,1.5800857543945312
868,24994.386105240475,-0.14988664850592615,100.0,2.4999999999999996,95.20763056880307,1.708495487788715,2407.5942039489746,0.35327911376953125
869,24303.6571794288,-0.06171442300081253,100.0,2.5,89.71687429218574,1.2007456378506374,2593.2862758636475,1.4306106567382812
870,24497.695982481055,-0.12731786251068114,96.0,2.5,87.82275341075658,1.40923613128086,2515.0578022003174,1.3566513061523438
871,27523.933637337544,-0.05296961396932602,98.0,2.5,98.27802486030333,2.2853137048720646,2414.263963699341,0.27324676513671875
872,24027.906426218746,-0.17465616673231124,98.0,2.5,87.7527440785673,1.860774704302342,2408.7138175964355,0.13854217529296875
873,19887.01252027664,-0.18469500169157982,85.0,2.5,75.70040668775418,0.8702219323389574,2384.167194366455,0.9409656524658203
874,24663.862431274945,-0.1479545447230339,100.0,2.5,89.32496075353218,1.2240859348615645,2493.0148124694824,0.8055000305175781
875,23081.62753083377,-0.1085057607293129,90.0,2.5,82.21969265793967,1.1785549221999692,2584.791660308838,1.0643672943115234
876,24284.847514913774,-0.19259911626577378,92.0,2.4999999999999996,81.76352705410822,2.1581254333290243,2351.3989448547363,0.06802558898925781
877,19357.808781947417,-0.11504669085144997,80.0,2.5,67.590184326586,0.686252008262566,2468.161106109619,0.42371177673339844
878,25135.286417137,-0.2381156249344349,100.0,2.5,92.12669683257919,1.5248189858559091,2412.1005535125732,0.5357303619384766
879,24172.466696467323,-0.32954838752746585,91.0,2.5,85.11197440585009,1.7799307493944767,2454.4825553894043,0.34999847412109375
880,21768.888572014734,-0.06146418645977974,92.0,2.5,78.98154477101845,0.9618502107424619,2301.90110206604,2.5828304290771484
881,28435.298850513023,-0.10756933093070983,100.0,2.4999999999999996,95.03119682359615,2.3248889226224185,2549.9494075775146,1.2299995422363281
882,23951.000503465086,-0.18841830790042877,93.0,2.4999999999999996,84.30652747504875,1.4362905035648317,2470.468521118164,2.737346649169922
883,25403.668915023067,-0.17814997166395188,97.0,2.5,89.84242149416166,1.6009088432535197,2562.8950595855713,0.3912315368652344
884,26122.95738555533,-0.06402292102575302,100.0,2.5,91.98417184850199,2.2197712892552386,2484.534978866577,0.4997711181640625
885,25452.44578697659,-0.13167918771505355,98.0,2.5,89.26425575331595,1.206259631946333,2572.8206634521484,0.1379375457763672
886,24757.035071169114,-0.11320262536406517,95.0,2.4999999999999996,84.08038839336118,1.4376733036878455,2425.384759902954,2.2675209045410156
887,24713.461446645277,-0.18559488013386727,95.0,2.5,88.71078543622625,1.2368235320902488,2518.474340438843,0.7015113830566406
888,26682.831953386187,-0.1856929314136505,100.0,2.4999999999999996,96.21523027815778,1.7512637388118535,2561.826467514038,0.42952919006347656
889,27200.030552426106,-0.17409737393260002,93.0,2.5,92.82819184868274,1.763043668249483,2396.055221557617,0.5461006164550781
890,21506.200136784155,-0.1611133423447609,85.0,2.5,80.76704222146353,1.2980189934499438,2359.070062637329,1.2698650360107422
891,26157.615063327867,-0.12116276413202286,100.0,2.5,86.38154192459201,0.9900932093666333,2310.124397277832,0.49076271057128906
892,26599.440689172323,-0.1039356181025505,100.0,2.5,91.20631341600902,1.9938519583387788,2450.850009918213,0.033313751220703125
893,16202.106972158457,-0.07378120228648186,66.0,2.5,63.37979890310786,1.3287939515394425,2445.1162815093994,1.4588813781738281
894,20030.11795046073,-0.11099147468805313,79.0,2.5,71.60861594867094,0.8358262467368044,2443.963050842285,1.3425579071044922
895,23962.61904798103,0.04977506026625633,98.0,2.5,90.688397538181,1.6134038428878463,2268.277168273926,0.07674026489257812
896,17664.76603716199,-0.12158293619751931,76.0,2.5,65.76742050281254,0.8061901333758319,2400.4435539245605,0.6086158752441406
897,24292.552985416536,-0.06040693074464798,98.0,2.5,95.0521436848204,1.8519908231308562,2520.8330154418945,0.6790103912353516
898,27826.70204053667,-0.16711769998073578,100.0,2.4999999999999996,97.44656268053149,1.3950798872708083,2501.561164855957,0.4466133117675781
899,18933.95766279108,-0.17479599446058272,76.0,2.4999999999999996,68.15892557358701,1.3597225146555258,2427.2842407226562,0.4759235382080078
900,23090.28069169632,-0.07392401084303855,80.0,2.5,78.95573212258796,1.5552765092432526,2413.499116897583,0.3097667694091797
901,26404.46144903981,-0.1174858583509922,100.0,2.5,92.87643484132343,1.9198166703691146,2361.7894649505615,0.018444061279296875
902,24261.257922576184,-0.14031393215060234,98.0,2.5,90.76870671057114,1.0782477642704373,2497.241735458374,1.264699935913086
903,24385.147211216114,-0.05555363029241562,100.0,2.5,85.30207394048692,1.4921388807011886,2661.7629528045654,1.8777351379394531
904,25153.807242472256,-0.12506417647004128,96.0,2.5,88.65138827677391,2.4739931011558016,2576.415777206421,0.9082965850830078
905,21950.555115430838,-0.20050314649939538,81.0,2.5,81.40857890544999,1.397047334093395,2406.55517578125,0.49936676025390625
906,27097.367637598287,-0.14713109359145166,100.0,2.4999999999999996,92.21470555617167,0.9635261350673715,2522.2079753875732,1.3944091796875
907,28069.981643655392,-0.11884582594037056,100.0,2.5,91.061261671601,1.430766546404228,2480.5452823638916,0.07980537414550781
908,25268.823035846013,-0.21178271874785423,100.0,2.4999999999999996,96.25197561526304,2.3376294445755597,2584.3732357025146,1.7913093566894531
909,25275.155858345097,-0.05146924793720245,98.0,2.5,91.6704701049749,1.1681771307910978,2248.005151748657,1.5889968872070312
910,28600.36597722435,-0.21409931495785714,99.0,2.4999999999999996,97.94606999426276,1.7908442220368828,2292.1109199523926,0.04006767272949219
911,24136.45797127804,-0.1805511701107025,92.0,2.5,83.67983367983368,1.874152866170983,2519.008159637451,0.3626213073730469
912,24242.64721498246,-0.2200924561917782,100.0,2.5,90.9195933456562,1.0322822822822824,2534.337282180786,0.25155067443847656
913,23998.373386305404,-0.26294832736253737,99.0,2.4999999999999996,90.44643871407474,0.8803873228977931,2519.179344177246,1.2276630401611328
914,14691.527549309996,-0.2119837561249733,69.0,2.5,60.965012577178136,1.6168232952178139,2371.882915496826,1.0874881744384766
915,24937.36684677249,-0.20368636772036552,100.0,2.4999999999999996,89.03696836249854,0.7738838953990786,2656.684398651123,1.5902557373046875
916,26248.430096707987,-0.18869288846850396,100.0,2.5,91.32711131345323,0.892135333948731,2424.046754837036,0.7350215911865234
917,21932.519179312636,-0.09448433637619019,91.0,2.5,84.91770238495128,0.9607047480317692,2415.9247875213623,0.6016826629638672
918,21892.90514916539,-0.155536493062973,97.0,2.4999999999999996,82.51477944520236,1.0486723731330247,2406.1734676361084,0.6747035980224609
919,26307.50179364445,-0.1270832286775112,100.0,2.5,88.64117712629584,1.843152508901589,2425.504207611084,1.3704757690429688
920,23608.785899605613,-0.1122005131840706,100.0,2.5,89.95134095281205,1.8685427866746984,2222.573757171631,0.4460296630859375
921,27789.69217004157,-0.045020921379327776,100.0,2.5,95.11060692002269,2.101392172314158,2561.5134239196777,0.5513134002685547
922,25541.846287110206,-0.2511687815189362,100.0,2.5,86.37948487234281,1.2738097257323133,2504.9569606781006,0.4305915832519531
923,25190.903910635676,-0.12297118604183196,100.0,2.4999999999999996,92.51923947487552,1.4190557300861246,2424.8669147491455,0.027919769287109375
924,23521.239370576663,-0.14173225656151772,98.0,2.5,89.81681647513938,1.4632815253601357,2522.425889968872,1.0218582153320312
925,25045.584431518877,-0.22796421885490417,100.0,2.5,94.87508755545178,1.7591331529401881,2368.574380874634,0.4424781799316406
926,25202.820033779648,-0.17216224521398543,100.0,2.5,89.00951315053162,1.2455967932508087,2429.0008544921875,0.2783222198486328
927,25743.816237957464,-0.17755617067217827,100.0,2.4999999999999996,91.45106861642294,1.8020079205547657,2394.683361053467,0.497161865234375
928,22586.40921967484,-0.1380627781152725,100.0,2.5,90.19808743169399,1.9751227298738065,2516.502618789673,0.9237289428710938
929,23313.19569795992,-0.1774713698029518,96.0,2.4999999999999996,89.8328530259366,1.9705559619604975,2444.57745552063,0.7227287292480469
930,21556.09334117517,-0.19898868903517722,91.0,2.5,80.66914498141264,1.906007885687537,2470.052719116211,0.5569744110107422
931,25057.802103225906,-0.16053392246365547,96.0,2.4999999999999996,88.31213475421107,1.2450509364295566,2389.1615867614746,0.7478351593017578
932,22268.34771856787,-0.18040955930948258,83.0,2.5,77.95618763619682,1.7506532069979368,2383.564233779907,0.6296672821044922
933,25109.967434259623,-0.18105120211839676,100.0,2.5,93.28658466490401,0.736906006542781,2547.6155281066895,0.33249473571777344
934,21426.856113273436,-0.19102430045604707,92.0,2.4999999999999996,78.43358537411127,1.2872567254910856,2454.279661178589,0.35459327697753906
935,25638.101771691283,-0.027537805438041688,97.0,2.4999999999999996,90.76296128594068,1.4645308924485128,2537.6319885253906,1.1095161437988281
936,27514.546077871808,-0.07117468640208244,99.0,2.5,93.82022471910112,1.463472073476391,2407.329797744751,0.9550132751464844
937,28120.821717169598,-0.18657029584050178,99.0,2.4999999999999996,92.64992546726293,1.2081642787411617,2345.789909362793,0.8244724273681641
938,24288.72970311183,-0.1375931465625763,95.0,2.5,86.88186813186813,1.4789436603713553,2459.117889404297,1.0078983306884766
939,22837.743624160845,-0.15111750930547715,95.0,2.5,81.15577889447236,1.2291997658667113,2609.4627380371094,0.16155242919921875
940,21374.83952746513,-0.09091228649020194,87.0,2.4999999999999996,82.74764016831571,0.6389053798094592,2410.0773334503174,0.3612060546875
941,23553.505721891677,-0.1086330008506775,99.0,2.5,89.49311849613964,1.115601309695879,2372.230052947998,0.4849395751953125
942,24373.189224242557,-0.21771967321634292,98.0,2.5,91.20108572721104,1.1730618977341785,2378.46302986145,1.3950672149658203
943,25829.92423810027,-0.17370059207081795,99.0,2.5,88.66518353726363,1.1794588499279568,2525.5391597747803,0.9571399688720703
944,25054.408505772633,0.012343252897262574,95.0,2.5,88.3375257260462,1.428783162887209,2440.5369758605957,1.3790569305419922
945,26870.827415027154,-0.17434278070926668,100.0,2.4999999999999996,94.90268767377201,1.481659458593625,2487.006187438965,0.6867198944091797
946,26687.358338329257,-0.18090503498911858,100.0,2.5,93.84426321081443,2.0093348370311648,2557.677745819092,1.3928680419921875
947,24032.757748617547,-0.19278003185987472,97.0,2.5,86.56767172976649,0.9156315298905263,2445.7077980041504,1.0076160430908203
948,17925.921939879372,-0.1442231336236,73.0,2.5,62.71205357142857,0.8626170633215913,2439.8884773254395,0.6103382110595703
949,23931.746441151405,-0.07628332555294037,90.0,2.5,84.77916194790487,2.0923516797712653,2591.125965118408,0.9705219268798828
950,21898.24261279405,-0.19719440817832948,97.0,2.4999999999999996,87.71608471665712,1.1952733448126913,2641.0951614379883,0.41143035888671875
951,24951.13739972969,-0.23347789213061332,96.0,2.5,90.18029255017575,1.2040229885057472,2515.7580375671387,0.4870433807373047
952,25533.019488169866,-0.15952697426080703,99.0,2.5,91.51105510367739,1.6164291299707194,2457.0932388305664,0.6044483184814453
953,25134.976579450835,-0.19307024672627449,95.0,2.5,85.62217194570135,2.2497046927014352,2513.1657123565674,0.11025238037109375
954,21315.719848623958,-0.17776420444250107,88.0,2.5,84.79149632052331,1.8249410459148285,2553.874969482422,0.8311729431152344
955,26807.624061033788,-0.09423060178756713,100.0,2.5,92.04780510227533,1.5240562916668983,2332.3168754577637,0.31687355041503906
956,23053.72829978084,-0.11112582743167877,100.0,2.5,83.98213876803298,1.1953968469078917,2509.0973377227783,0.2193622589111328
957,23059.12282792616,-0.14837010577321053,95.0,2.4999999999999996,85.0732704759741,2.2071471835251364,2562.490701675415,0.40073204040527344
958,27797.732306676837,-0.20772034034132958,100.0,2.4999999999999996,93.13725490196079,1.3716747050080385,2563.6420249938965,0.13425254821777344
959,23728.26151712662,-0.028305904418230058,100.0,2.5,90.12457531143828,1.8459656996498435,2507.499933242798,0.3393669128417969
960,23676.66452931779,-0.12706546857953072,94.0,2.5,83.01483812949641,1.2165491655428664,2481.776237487793,0.07295989990234375
961,26474.2953126059,-0.19079846933484076,96.0,2.5,91.47180192572215,1.340918775629922,2476.066827774048,0.16540908813476562
962,23223.863610157314,-0.07779691338539124,98.0,2.5,90.55959963603276,1.8560784050479961,2581.995964050293,1.7270832061767578
963,23876.43494404527,-0.22048698514699935,100.0,2.5,88.66659088325565,1.7727471954701066,2449.955940246582,1.1474018096923828
964,20373.84675056591,-0.15863919973373414,85.0,2.5,73.03268420453252,1.0572770791256123,2540.884017944336,0.8100624084472656
965,22520.05723502577,-0.12504788994789123,97.0,2.4999999999999996,85.35201868535202,0.7537238923548388,2514.0950679779053,0.9127521514892578
966,15279.875519879046,-0.03280505657196045,66.0,2.5,60.75329995448339,0.9766245935378797,2614.1135692596436,2.285806655883789
967,25558.875854823164,-0.07010502547025681,100.0,2.5,89.31567328918322,1.7092380106675025,2528.1476974487305,0.39751625061035156
968,27526.48654939096,-0.1534313203394413,100.0,2.5,90.21368492839281,1.4870063409526724,2428.9028644561768,0.36116600036621094
969,23290.080139685528,-0.16689383268356323,99.0,2.5,83.43482183130357,0.800628117086333,2499.6578693389893,2.468891143798828
970,27443.033061607337,-0.15388545095920564,99.0,2.5,97.21193891716797,2.2880330563418863,2445.5974102020264,0.8363170623779297
971,25163.756753144287,-0.11687622904777527,97.0,2.5,92.54022988505747,0.9372809084326549,2361.262321472168,0.10107612609863281
972,21493.289079009788,-0.1375652515888214,97.0,2.5,84.87540378403322,1.521157356086309,2525.3498554229736,0.21529197692871094
973,23788.406824500908,-0.15792523458600044,89.0,2.5,82.59250902527076,1.6101255072190241,2602.3499965667725,0.6775379180908203
974,25721.826292642247,-0.24818011984229088,100.0,2.4999999999999996,92.74822488650913,2.578899168740901,2449.0437507629395,0.5128154754638672
975,25362.056204980167,-0.08290923342108726,97.0,2.5,86.94242593627725,1.2228554338976856,2538.766622543335,1.4759540557861328
976,24712.440622062863,-0.056329738497734066,88.0,2.5,87.85994010596637,1.4065193996690544,2473.9439487457275,0.1771087646484375
977,27563.573721400928,-0.20383707612752913,100.0,2.4999999999999996,93.6556927297668,1.4560773049048712,2485.527276992798,0.9704551696777344
978,25172.691395484577,-0.06790353909134865,100.0,2.4999999999999996,88.92901478388444,1.6455415951735208,2508.666753768921,0.2723426818847656
979,25159.433343511857,-0.250275454968214,99.0,2.4999999999999996,91.37061654824662,1.8194977445633878,2465.5001163482666,0.7621212005615234
980,23473.961815345767,-0.17104718074202538,98.0,2.4999999999999996,86.05206320336478,1.6069929665113318,2417.652368545532,1.3291492462158203
981,27074.403382115685,-0.200150253623724,100.0,2.4999999999999996,95.57409338431236,1.955061592843018,2394.469738006592,0.3035907745361328
982,24330.600043103797,-0.13116522029042244,92.0,2.4999999999999996,87.91028446389497,1.7229926098148303,2435.443639755249,0.27675819396972656
983,26105.630362827684,-0.15456647261977197,99.0,2.4999999999999996,96.27215551743853,1.6844137774370334,2425.8873462677,0.6578559875488281
984,25458.725103924764,-0.274710895717144,89.0,2.4999999999999996,88.34594835262689,1.0719308475971598,2503.681182861328,0.9385890960693359
985,22785.332260653424,-0.1235526902973652,98.0,2.4999999999999996,85.50079853981292,1.4820079651319884,2654.2646884918213,0.9873275756835938
986,24081.694115076112,-0.09962455838918687,100.0,2.5,86.93375825176417,1.6706941322923885,2559.738874435425,0.5017032623291016
987,26825.89361055378,-0.13931392192840575,98.0,2.5,98.26623225506167,1.3228795105462572,2372.6508617401123,0.210174560546875
988,26700.084363013117,-0.17473886728286744,100.0,2.4999999999999996,91.59626500666963,1.0337919355374279,2545.8498001098633,1.0503768920898438
989,25654.426750421146,-0.1324722246825695,100.0,2.4999999999999996,91.88944268237427,2.517122387850549,2501.6019344329834,1.8682479858398438
990,26897.89720068167,-0.07406392514705658,100.0,2.4999999999999996,92.32605729877217,1.896289747769152,2530.632972717285,0.8973331451416016
991,28428.051395747032,-0.2439461115002632,100.0,2.5,93.40997040746643,1.2543623381579458,2449.4659900665283,0.6369209289550781
992,26630.975296644778,-0.20565442889928817,100.0,2.5,94.94305239179954,2.227073477211005,2609.683036804199,0.29686546325683594
993,23800.150257134872,-0.1773061652481556,92.0,2.5,85.87909552376557,1.5350839967634793,2481.4515113830566,0.07049751281738281
994,24205.15027142618,-0.13541081339120864,100.0,2.5,89.5040369088812,2.415464472734356,2397.599458694458,0.4449176788330078
995,25472.945155577843,-0.127819651812315,95.0,2.5,87.12078493289725,2.0915689102470525,2473.3307361602783,0.7383251190185547
996,24221.955472481204,-0.1754968260228634,100.0,2.5,88.51889225249468,1.730189196599945,2525.1777172088623,1.815582275390625
997,23757.814490331544,-0.1238179275393486,86.0,2.5,78.31162999550966,1.3718985417098624,2588.3078575134277,0.9130287170410156
998,22913.998175768596,-0.16885037407279013,96.0,2.5,84.66222426470588,0.9152670315153802,2496.2053298950195,0.5509471893310547
999,24264.264572739758,-0.24211203202605247,100.0,2.5,92.40376972862497,1.1482461758188198,2354.2561531066895,1.9127197265625
1000,25721.14161028579,-0.19949334874749183,99.0,2.4999999999999996,90.2103467879477,0.9241247977381724,2530.2462577819824,0.9377365112304688
1001,23588.7313327511,-0.0727383914589882,100.0,2.5,91.32618123716047,1.9177931942197481,2287.5349521636963,0.7424507141113281
1002,23937.22129823033,-0.2128200751543045,100.0,2.5,88.68220528910801,1.1663395949499384,2539.0985012054443,0.47983360290527344
1003,26892.480688285177,-0.16554175391793252,100.0,2.5,91.80914972273567,0.9437898736123159,2485.0733280181885,0.40778350830078125
1004,25085.20974051896,-0.11611435055732727,100.0,2.4999999999999996,92.37490071485306,1.6070245195493704,2467.91934967041,0.006237030029296875
1005,24211.969509665298,-0.12756744220852853,97.0,2.4999999999999996,88.72024836150396,1.7691094423126723,2421.3740825653076,0.3734569549560547
1006,25221.66622558488,-0.24513561218976976,97.0,2.4999999999999996,90.6786228274106,1.0419610827263832,2547.602415084839,0.24284934997558594
1007,28664.992338576558,-0.18872763752937316,100.0,2.5,97.34473447344735,2.097033464854596,2451.6146183013916,0.3731708526611328
1008,24657.48275693765,-0.14176493331789972,99.0,2.5,88.32786142873316,1.3112238470964122,2455.397605895996,0.16818809509277344
1009,26067.34284792578,-0.06970455721020699,97.0,2.5,88.34864440958997,0.8983356503581619,2404.3400287628174,0.4208526611328125
1010,26400.530822782617,-0.17219028770923614,98.0,2.4999999999999996,88.84395011796428,0.7776870476222218,2438.154697418213,1.158233642578125
1011,16614.300647068798,-0.09685737401247024,71.0,2.5,63.98190045248868,0.7260102861231168,2355.8454513549805,0.8573150634765625
1012,25270.14148976512,-0.1637420302629471,97.0,2.5,89.06127037661608,2.052362388558894,2518.589973449707,0.5926609039306641
1013,25414.001559102635,-0.14565159425139426,99.0,2.5,92.60094743965712,1.8366639713526627,2427.3226261138916,0.42907142639160156
1014,27066.20844244166,-0.16536242365837098,100.0,2.5,95.4504094631483,1.099702004854911,2405.6661128997803,2.536661148071289
1015,23776.746909959864,-0.04667187601327896,97.0,2.5,94.43550241434812,2.3217950239981007,2507.8582763671875,0.3444175720214844
1016,28086.219414156993,-0.16348083466291427,99.0,2.5,94.15251339336601,1.5485662412559407,2488.6038303375244,0.4381675720214844
1017,27762.07070331978,-0.07334893748164177,100.0,2.4999999999999996,96.90663027408165,2.1030430185504003,2432.1846961975098,0.02545166015625
1018,24794.386825033966,-0.17968258038163185,93.0,2.5,88.33718244803696,2.322837916424358,2358.41965675354,0.06056404113769531
1019,28061.137408477545,-0.18637809485197068,100.0,2.4999999999999996,97.63536668951338,1.1130338560060273,2261.401891708374,0.8946304321289062
1020,24235.26882382533,-0.11275466978549957,92.0,2.4999999999999996,85.99752168525403,2.2477085616997456,2552.0308017730713,0.5455150604248047
1021,24402.633159407527,-0.14476612001657485,100.0,2.5,92.59887005649718,1.2920803077606668,2624.842882156372,0.5592441558837891
1022,27269.927231312962,-0.14529643565416336,99.0,2.5,98.21119446047317,1.3552447236408007,2517.3771381378174,0.9950981140136719
1023,24212.57811229144,-0.0659287190437317,99.0,2.4999999999999996,91.17386489479513,1.7593862866422152,2408.198595046997,1.417642593383789
1024,26209.22217918445,-0.1801331375539303,100.0,2.4999999999999996,91.0132354576799,2.201211066723137,2500.232219696045,0.7691650390625
1025,27221.9411345424,-0.19616099923849106,100.0,2.5,93.00225733634312,1.38316872404798,2381.611108779907,0.4393329620361328
1026,27286.189347224492,-0.13098026290535927,98.0,2.4999999999999996,95.15598411798072,1.6467999682435268,2401.4182090759277,0.9131202697753906
1027,24591.614631254735,-0.16717741280794143,98.0,2.4999999999999996,95.58643690939411,1.3620963050000572,2410.918712615967,1.5324935913085938
1028,21492.2916356465,-0.17011857151985169,92.0,2.4999999999999996,81.5884885565375,1.993606952847193,2600.7816791534424,0.7428398132324219
1029,22828.799398676965,-0.22374127119779585,94.0,2.5,86.95799457994579,1.4733683066307481,2358.5333824157715,1.0761260986328125
1030,12894.960533879383,-0.24229196310043336,57.99999999999999,2.4999999999999996,54.048537083238834,0.8094468233854759,2528.3350944519043,0.35900115966796875
1031,23417.490702248782,-0.20229514598846435,100.0,2.5,88.808501017409,1.4406152935956218,2397.1753120422363,1.277252197265625
1032,25532.215982380116,-0.2154530781507492,99.0,2.5,92.65658747300216,1.4262337438635777,2494.59171295166,0.30002403259277344
1033,26867.0253604759,-0.043429850339889525,100.0,2.5,95.82673603257182,1.4695521993747522,2669.1858768463135,0.2359600067138672
1034,19842.575892823235,-0.24403657108545304,77.0,2.5,75.44689193864606,1.3339092872570195,2477.572202682495,0.03463554382324219
1035,28073.74258299692,-0.2579395292699337,100.0,2.4999999999999996,94.13265306122449,2.042533744998161,2502.2618770599365,0.4255638122558594
1036,24208.377236181375,-0.17923228144645692,92.0,2.5,87.30212959799567,1.7197137070790756,2502.957582473755,0.565521240234375
1037,25576.885627117033,-0.13422021597623826,99.0,2.5,92.94197488971835,1.430132203409426,2353.565454483032,1.347940444946289
1038,25744.642657104585,-0.20979352831840514,99.0,2.5,94.30625285257874,2.334503945916578,2449.6681690216064,0.6181182861328125
1039,21984.186294813444,-0.1587563493847847,82.0,2.5,76.72842295526434,0.9527525218256662,2590.958833694458,0.251953125
1040,24892.6728690866,-0.15955216243863105,97.0,2.5,90.0796858759672,1.6894835971101678,2524.402141571045,0.09900283813476562
1041,24775.202145046987,-0.1845847861468792,96.0,2.5,90.66682048915553,1.435343215892506,2221.8165397644043,2.5669784545898438
1042,19791.747760212114,-0.19220103845000266,90.0,2.5,79.46020128087832,1.3779480992595747,2362.2682094573975,0.2345142364501953
1043,25127.796856743535,-0.2356570467352867,98.0,2.5,87.94648051192554,2.133541214000984,2573.1987953186035,0.5180683135986328
1044,24836.22496796846,-0.1479658603668213,97.0,2.4999999999999996,93.95391284508328,1.14558419822915,2574.52130317688,1.7677345275878906
1045,27319.61271878971,-0.05457151651382446,97.0,2.5,96.69172932330827,1.5051442318018773,2507.3482990264893,0.5058650970458984
1046,14338.605412724512,-0.13225884079933167,56.99999999999999,2.5,53.70557237358449,1.1264549332818297,2349.416732788086,0.3695831298828125
1047,24425.989008454417,-0.14742766812443733,95.0,2.5,91.84583714547118,1.237145067346196,2487.800359725952,0.1089630126953125
1048,25916.651088808954,-0.11491158127784729,99.0,2.4999999999999996,94.18888888888888,1.8277195836584275,2617.0334815979004,0.17873764038085938
1049,26260.59946364404,-0.14449239879846573,100.0,2.4999999999999996,91.77972865123704,1.6424790848557282,2427.4494647979736,0.6049118041992188
1050,24625.15817905328,-0.19991331353783606,99.0,2.4999999999999996,92.21885861643682,1.0236423299622575,2534.008741378784,2.3615283966064453
1051,14858.906647483995,-0.14174669325351716,66.0,2.5,63.466306062654944,1.8322014714204866,2513.613700866699,0.9291858673095703
1052,28113.87901913734,-0.1425049212574959,97.0,2.4999999999999996,98.53475692866878,1.597843202193984,2531.285047531128,1.4148540496826172
1053,24655.267777334673,-0.12029852658510208,98.0,2.5,91.13350696410373,1.300975731798849,2444.326639175415,0.46783447265625
1054,24517.7348488505,-0.09616701781749726,99.0,2.5,87.88665613005193,1.6213512726233466,2479.645013809204,0.5913200378417969
1055,25101.542246122834,-0.2284349510073662,100.0,2.5,92.14318389752974,1.7147998922518786,2559.528589248657,0.2106952667236328
1056,24897.03698140696,-0.22922936841845512,100.0,2.4999999999999996,91.68389616356536,1.1643226127052733,2435.284376144409,0.5761318206787109
1057,25376.351979317616,-0.24902333274483682,93.0,2.4999999999999996,88.61666474055241,1.0435788616254569,2434.8902702331543,1.0555801391601562
1058,25101.550391649616,-0.13242124736309052,96.0,2.5,89.92335437330928,2.072387453464791,2614.0501499176025,0.49245452880859375
1059,25041.52960024194,-0.1454203762114048,95.0,2.5,87.24416417745326,0.969855689820047,2456.1619758605957,1.1070117950439453
1060,27528.05861224566,-0.12281618610024453,99.0,2.5,95.9009878505734,1.5763221467178783,2472.5422859191895,0.5980167388916016
1061,23740.47784548736,-0.1580248987674713,100.0,2.4999999999999996,96.98375870069606,1.9754172866381432,2567.42787361145,0.8010749816894531
1062,22343.23249177942,-0.2130260655283928,93.0,2.5,81.96831816649815,1.7152554028049667,2431.0977458953857,0.4440727233886719
1063,26961.847900172845,-0.14080001622438432,100.0,2.4999999999999996,93.84633213582106,0.811052788652283,2452.4834156036377,1.0411205291748047
1064,26910.14907535914,0.04939822152256965,96.0,2.5,93.31979237192508,1.1361189496707806,2465.757369995117,0.7640342712402344
1065,23416.785702783498,-0.1509430518746376,94.0,2.5,88.00964741012977,1.1018403256737208,2501.7426013946533,0.28182029724121094
1066,27699.44566795388,-0.17598354056477547,100.0,2.5,97.38274464389114,1.4770221136079156,2506.243944168091,0.7270698547363281
1067,26324.595994107243,-0.19441163793206215,100.0,2.5,91.69605278125356,1.6069487160107674,2527.474880218506,0.15891647338867188
1068,21192.10614613349,-0.12219826117157936,80.0,2.5,74.27771556550951,1.1875217441725618,2546.8149185180664,0.9861164093017578
1069,24896.517127453273,-0.11478445023298263,99.0,2.4999999999999996,88.68804001819008,1.9862656467315716,2574.155807495117,0.3275775909423828
1070,23220.24177561482,-0.14058542102575303,97.0,2.5,84.69656992084433,1.5900243730579526,2507.315158843994,0.7200393676757812
1071,23413.100300001,-0.1877798730134964,95.0,2.4999999999999996,86.54545454545455,1.9630317029038207,2576.231002807617,0.8629493713378906
1072,22992.170400328312,-0.17069157645106314,94.0,2.5,84.47716206816601,2.184755597199509,2413.6321544647217,0.5716953277587891
1073,26537.93162423967,-0.15944551065564155,100.0,2.5,96.80814552110742,1.2116770624407662,2551.2514114379883,0.9515743255615234
1074,21358.650610262,-0.20030609279870987,80.0,2.5,76.71891087976203,0.8953947824479516,2477.6289463043213,0.19639015197753906
1075,20745.61174763465,-0.21759576991200447,98.0,2.5,81.26045733407696,1.1971037452723885,2443.3202743530273,0.044513702392578125
1076,24312.831212459947,-0.13939912676811217,100.0,2.5,88.56560624929243,1.6754630407452682,2462.4171257019043,0.5217056274414062
1077,24686.962886841466,-0.18683087840676307,93.0,2.5,90.79775666704819,1.2307864916414226,2621.7877864837646,1.0107612609863281
1078,27021.913820045727,-0.11507105410099029,99.0,2.5,95.80148317170566,1.5405697201229134,2392.5700187683105,0.8234024047851562
1079,26642.13390305846,-0.13055262222886085,100.0,2.5,93.7343927355278,1.5359708235679175,2444.9470043182373,0.36424827575683594
1080,23060.365800537864,-0.14122604280710221,98.0,2.5,86.46951358757707,1.3419769697181498,2447.5462436676025,0.6000881195068359
1081,18847.38164752914,-0.24240682393312454,82.0,2.5,71.89586870401811,0.955831430255785,2332.345485687256,0.7660808563232422
1082,22596.304295574337,-0.17134348630905152,91.0,2.5,80.41167915874259,1.660447438389268,2630.1965713500977,0.2448883056640625
1083,26343.69608505371,-0.18275718957185746,100.0,2.5,93.60587002096436,1.9576494599880943,2519.3402767181396,0.32529449462890625
1084,27112.62440509765,-0.20178235828876495,98.0,2.5,92.66159263887312,1.7451198780702268,2462.0566368103027,0.48592567443847656
1085,24402.292176515453,-0.18280172616243362,96.0,2.5,84.62849352419904,1.736038848421783,2661.220073699951,0.04424858093261719
1086,25670.696551160236,-0.16710161730647088,100.0,2.5,88.22049405306495,1.3567742013465003,2364.4447326660156,0.07841110229492188
1087,26285.98826540138,-0.12292575031518936,100.0,2.5,96.11255509097073,1.4629761282248637,2471.752882003784,0.3409576416015625
1088,22738.200869028806,-0.19910405859351157,92.0,2.5,81.73804949711831,1.093344808452331,2338.635206222534,1.0372676849365234
1089,27614.73540274611,-0.2546274784207344,100.0,2.4999999999999996,95.90264597521492,1.7695344522587049,2519.2174911499023,0.12109565734863281
1090,22595.720559879905,-0.10544296324253083,97.0,2.5,88.96519613549063,1.6360602864779508,2487.9937171936035,1.67559814453125
1091,25501.146466909708,-0.270748695731163,100.0,2.5,93.28967022865679,0.7638615254714326,2322.885274887085,0.11594009399414062
1092,23997.823326612935,-0.18736788511276245,98.0,2.4999999999999996,84.96554840167175,1.2080300473325039,2537.292003631592,0.27735137939453125
1093,27423.501170484244,-0.17728666558861733,98.0,2.4999999999999996,89.02216129769248,1.2333949454991449,2357.8271865844727,1.4840412139892578
1094,25257.804040469604,-0.16678920283913612,100.0,2.5,96.62793347003873,1.9246809693764646,2444.4868564605713,0.46132850646972656
1095,24968.292850269347,-0.1897703778743744,93.0,2.4999999999999996,88.35740072202167,1.9788400170341736,2413.5677814483643,1.8115310668945312
1096,25355.978224451563,-0.10323928475379944,98.0,2.5,91.2268677176148,1.914263059334282,2262.2225284576416,0.6603260040283203
1097,24833.337824695933,-0.2632894942164421,100.0,2.4999999999999996,90.55750310980436,0.8413721012146208,2498.7120628356934,0.9238014221191406
1098,28351.957669861273,-0.17825893059372902,99.0,2.4999999999999996,90.15456989247312,1.2442770435579806,2488.0335330963135,0.6037654876708984
1099,25558.42459105918,-0.1630988235771656,97.0,2.5,90.23725735043705,1.4741643040442864,2434.5412254333496,0.07465934753417969
1100,26752.054145234626,-0.2229714161157608,100.0,2.4999999999999996,94.46469248291571,1.7387382873177333,2510.3397369384766,0.27423858642578125
1101,24443.423549498635,-0.1784600941836834,100.0,2.5,87.82233329546746,0.8740292520611479,2357.534408569336,0.21904945373535156
1102,23076.272834862655,0.008822258114814758,86.0,2.5,85.97372929754427,1.2434321845222192,2397.6709842681885,0.25736045837402344
1103,24581.930074017433,-0.06846177071332932,93.0,2.4999999999999996,90.48214691835342,1.618235304158819,2560.2753162384033,1.3372669219970703
1104,24654.98819216796,-0.20927593022584914,100.0,2.4999999999999996,92.44853861025815,1.0770597379524762,2408.9505672454834,1.2683944702148438
1105,26373.582067109113,-0.2186164715886116,95.0,2.5,91.66666666666666,1.8670527721282935,2495.0942993164062,1.2725162506103516
1106,19744.12933344661,-0.17886338382959366,78.0,2.5,73.58934169278997,1.4039228702969506,2607.757091522217,0.5500755310058594
1107,27100.093523821502,-0.13210622936487199,98.0,2.4999999999999996,91.93566655340356,1.7710923401578877,2480.2892208099365,0.6586208343505859
1108,23131.641259389125,-0.1692119635641575,90.0,2.5,81.12758972036681,1.1013065964975957,2567.9235458374023,0.08474922180175781
1109,24106.00023297412,-0.18273747861385345,100.0,2.5,90.2536563071298,1.360762825023409,2368.974208831787,0.022037506103515625
1110,23068.915177609626,-0.17350114926695823,90.0,2.4999999999999996,85.11248852157944,1.5572306515946064,2364.0778064727783,0.5510482788085938
1111,26743.672837661503,-0.14344854339957236,100.0,2.4999999999999996,93.50663965788881,1.0822799103601228,2433.8343143463135,0.8595638275146484
1112,26118.244412467087,-0.13276558965444565,100.0,2.5,93.26611033843301,2.192935904239637,2611.4161014556885,0.0914306640625
1113,28405.046804009864,-0.1941244874894619,100.0,2.4999999999999996,94.53229398663697,0.941753539400009,2465.7371044158936,0.8484115600585938
1114,25558.4343652254,-0.18060081154108049,100.0,2.4999999999999996,93.8192290651307,1.8517365337258345,2465.290307998657,0.06400108337402344
1115,26250.556189368435,-0.22142578065395355,100.0,2.5,91.79062109685478,1.396361065388142,2563.901424407959,0.5154533386230469
1116,26955.546889521112,-0.19394906669855116,100.0,2.4999999999999996,94.89877616378818,1.2368781891339042,2564.9960041046143,0.5683498382568359
1117,22912.20752395497,-0.1760103638470173,100.0,2.5,88.93285100610446,1.402909653079825,2500.5970001220703,0.6662445068359375
1118,22803.240024968232,-0.21348021149635316,89.0,2.5,78.99338639166012,1.4109317473803455,2366.3110733032227,1.0418853759765625
1119,21772.672116433365,-0.17892156511545182,100.0,2.5,84.60846084608461,1.2270499696061712,2561.5408420562744,0.197113037109375
1120,24191.048617742028,-0.15568562105298042,99.0,2.4999999999999996,89.05771629436444,1.5663087720093876,2550.13108253479,0.2216796875
1121,26123.79375480074,-0.27817256063222884,99.0,2.5,90.37590579710145,2.216205671452977,2433.6445331573486,0.09558486938476562
1122,18240.143145607733,-0.10878079786896705,84.0,2.4999999999999996,76.43913538111491,1.273978538188407,2516.691207885742,0.6066322326660156
1123,22853.664827282653,-0.24067702859640122,95.0,2.5,86.07893849094793,2.2295213677233363,2414.663553237915,0.2287464141845703
1124,22440.293994034848,-0.18232170462608338,89.0,2.4999999999999996,76.85997493448787,0.4848858865146623,2288.7001037597656,0.9111766815185547
1125,24765.914388908746,-0.21072254359722137,100.0,2.4999999999999996,93.48748882931189,1.927389845370386,2477.5755405426025,0.26361083984375
1126,25780.163495146913,-0.1407122015953064,100.0,2.4999999999999996,90.17706101274389,1.2199943842437926,2397.9837894439697,0.3474578857421875
1127,23922.044528022456,-0.18369024142622947,91.0,2.5,85.86882259166477,1.292113745749989,2476.8786430358887,0.9779167175292969
1128,25105.586845862446,-0.22494106769561767,97.0,2.4999999999999996,90.3918656460642,0.8408310709237362,2478.4939289093018,0.8648433685302734
1129,22976.032195185082,-0.18617548123002053,96.0,2.4999999999999996,85.50477489768078,1.5135123200565221,2376.4185905456543,0.19088172912597656
1130,28287.295702010608,-0.05659605890512467,100.0,2.4999999999999996,92.6478969565713,1.869942344870062,2497.8697299957275,0.7256412506103516
1131,24716.95658979785,-0.21697642236948014,100.0,2.5,92.23613184793844,1.6063468600595883,2668.8337326049805,0.42592430114746094
1132,18047.852487266857,-0.18656629234552383,76.0,2.5,70.84295612009238,1.1118806406064607,2555.581569671631,0.38595008850097656
1133,26450.464952161547,-0.18208480462431909,100.0,2.5,93.77067883628067,1.309912338349466,2439.4078254699707,0.2375202178955078
1134,22207.163667590274,-0.1316670821607113,92.0,2.5,84.1001747233547,1.3720013144922774,2630.8319568634033,1.1002273559570312
1135,20741.65257251805,-0.16658345624804496,87.0,2.5,76.64691132892636,0.83212300568945,2423.774480819702,0.9384288787841797
1136,25345.728701404652,-0.26139274045825006,98.0,2.4999999999999996,87.22178284939555,1.3876532368947072,2392.5156593322754,0.13213729858398438
1137,22317.016320756447,-0.2818310263752937,90.0,2.5,89.27539581647983,1.2806854892114916,2401.9694328308105,0.2966651916503906
1138,24564.693265686674,-0.13822891503572465,100.0,2.5,92.98808432630614,1.5798568254751912,2419.4726943969727,0.9662914276123047
1139,26113.190586461635,-0.13860526636242868,100.0,2.4999999999999996,93.62558969048442,1.2484092214476366,2458.7814807891846,0.25223350524902344
1140,21994.051463637985,-0.2113604685664177,91.0,2.5,88.53950702603088,1.048044537552518,2440.272092819214,3.301473617553711
1141,26344.461668132688,-0.19793406814336778,100.0,2.5,93.32431213351376,1.1846199606461356,2422.5618839263916,0.19368553161621094
1142,25611.572527710796,-0.13919964611530303,100.0,2.5,95.70616223743762,1.276400517769658,2509.103775024414,0.9416694641113281
1143,26523.171943132365,-0.14762848764657974,100.0,2.5,91.74762702400893,1.422289924591085,2513.5788917541504,1.0159912109375
1144,27511.581094845696,-0.13483823329210282,100.0,2.5,90.11025726695622,1.4891453180839398,2431.905508041382,0.24641036987304688
1145,21326.7801720118,-0.13340986728668214,88.0,2.5,78.23641885052301,1.6436063378710108,2492.312431335449,0.6108474731445312
1146,22919.51473887033,-0.01698620170354843,91.0,2.5,89.60993731135362,0.8718559501528389,2525.1059532165527,0.7558956146240234
1147,21757.271897156366,-0.18662730544805528,93.0,2.5,82.82896973818428,1.208311197686087,2454.3864727020264,1.0830268859863281
1148,23382.782645862986,-0.21531357884407043,100.0,2.5,93.31891645800137,1.98364784213613,2551.872491836548,0.5480480194091797
1149,24142.745608230343,-0.16058752804994583,97.0,2.5,91.353001017294,1.80951731040444,2693.3789253234863,1.1465682983398438
1150,23808.801463502517,-0.149716417491436,100.0,2.5,89.07834614955979,0.9322240282725538,2456.348657608032,0.18328857421875
1151,22710.743136011526,-0.18348200216889382,99.0,2.4999999999999996,88.75767048743776,1.0190010466912927,2525.175094604492,0.4607868194580078
1152,25592.224831618565,-0.21699032738804816,100.0,2.4999999999999996,92.2755505364201,2.0099374331645588,2371.978521347046,0.40462493896484375
1153,24827.852891208153,-0.23158159464597702,93.0,2.5,87.18065175428636,1.0097792139082153,2411.56005859375,0.6623172760009766
1154,24597.971346258106,-0.1815687046945095,99.0,2.4999999999999996,91.53793730122672,2.1211670582636883,2414.8988723754883,0.3339424133300781
1155,25259.612874383103,-0.11308069422841072,100.0,2.4999999999999996,94.76335520149954,1.3931870535402657,2470.3431129455566,0.7452068328857422
1156,22419.459929322467,-0.1673944115638733,91.0,2.4999999999999996,87.4111442329741,1.0992638174220053,2452.2523880004883,0.7053031921386719
1157,25205.201250652146,-0.12354898989200593,100.0,2.4999999999999996,90.38526720144617,1.1425399028452463,2453.911781311035,0.027070999145507812
1158,22609.008952091295,-0.12836833864450456,93.0,2.5,86.0879243183083,1.2281295857320238,2625.9968280792236,0.5293025970458984
1159,21547.157203290546,-0.1515791194140911,95.0,2.4999999999999996,83.93083573487031,1.4770862986526734,2368.760585784912,0.027883529663085938
1160,27435.473695566445,-0.1705847406387329,99.0,2.4999999999999996,98.21491074553728,1.2471711789474849,2388.559103012085,1.4181632995605469
1161,24450.44512453447,-0.25884862571954725,100.0,2.5,88.5214446952596,1.853841248685881,2451.7762660980225,0.9249172210693359
1162,25493.012585727505,-0.20996509969234467,95.0,2.5,88.20426487093154,1.5873552722066266,2433.8538646698,1.2610359191894531
1163,24716.925014432418,-0.14812765702605246,96.0,2.5,82.91300966559271,2.0475117127110942,2470.433473587036,0.24709701538085938
1164,25485.666871020985,-0.1920731197297573,96.0,2.5,96.65567057217609,1.4687993062497742,2462.1329307556152,1.1194496154785156
1165,19853.497992545417,-0.044794111251831054,79.0,2.5,75.22915016408284,1.4022330437834518,2485.4793548583984,0.012935638427734375
1166,23299.050297849713,-0.20262797564268112,99.0,2.5,90.12092174309834,1.3059787626962143,2464.1525745391846,0.1340789794921875
1167,22505.426804326442,-0.25486486956477167,100.0,2.5,91.06031458639809,2.1747514693099856,2608.0288887023926,0.36623191833496094
1168,25764.43679771097,-0.2773687866330147,98.0,2.5,89.97734994337486,1.7894897447633993,2411.03196144104,0.9814414978027344
1169,18077.128524120268,-0.2476399601995945,80.0,2.5,74.48345941063566,1.9311405143496088,2512.298583984375,1.176849365234375
1170,26454.83257266824,-0.17132198706269264,100.0,2.5,94.17563739376772,1.6959431892112429,2646.406650543213,0.7268276214599609
1171,22861.86253472676,-0.14718514934182167,95.0,2.5,85.5978884553592,1.3564945837806188,2633.6517333984375,0.2729911804199219
1172,25411.85628935712,-0.14351946413516997,98.0,2.4999999999999996,96.06637270828499,1.392150285139215,2552.5598526000977,0.5560035705566406
1173,24488.2240281172,-0.2004671400785446,99.0,2.5,86.95701229831886,1.7616101116420406,2415.0872230529785,0.2598075866699219
1174,24889.476545116904,-0.16191733688116072,100.0,2.5,89.72743930371048,1.433054149266267,2567.500591278076,0.9771862030029297
1175,23137.138314655083,-0.1452453029155731,88.0,2.5,82.63985205732779,1.4658105586653496,2414.7303104400635,0.10423088073730469
1176,24528.32808567275,-0.15740301221609115,100.0,2.5,88.90621519269325,2.141291519136739,2559.1912269592285,0.6084480285644531
1177,23816.61068189379,-0.17373819261789322,99.0,2.4999999999999996,89.73168798822597,1.894220851955772,2513.2291316986084,0.17745208740234375
1178,25223.285280563985,-0.19872305661439896,99.0,2.5,92.30419977298524,1.6834087978650034,2492.0458793640137,0.6496219635009766
1179,26025.355456816207,-0.20173265442252158,100.0,2.4999999999999996,93.45165913350237,2.225595207294847,2368.9870834350586,0.30020904541015625
1180,26446.352424410798,-0.19888239175081254,99.0,2.5,92.40912739364752,2.0329284499718536,2631.683588027954,0.5908660888671875
1181,21665.47884451209,-0.11156553834676743,83.0,2.5,81.46471680594243,1.6849488139235573,2542.5446033477783,1.0133647918701172
1182,27240.439692504795,-0.23135210290551186,96.0,2.5,95.37178432984847,1.8833099579242636,2481.863260269165,0.5601615905761719
1183,24079.530742341678,-0.1479553511738777,95.0,2.4999999999999996,88.22936499048045,1.5742201516126642,2465.4130935668945,1.4811153411865234
1184,25865.86266521573,-0.1885640448331833,100.0,2.4999999999999996,90.16431115707228,1.0161339490352372,2489.6292686462402,1.5713272094726562
1185,24666.269862842833,-0.12425627589225768,100.0,2.4999999999999996,89.62338392355255,0.6568571379053363,2351.724863052368,0.024730682373046875
1186,24048.181310948123,-0.17782349199056624,99.0,2.4999999999999996,88.51157662624036,1.8761267810410005,2401.2629985809326,1.2193355560302734
1187,27126.392452204687,-0.16078658789396286,100.0,2.4999999999999996,97.49647390691113,1.6806468768129956,2493.5553073883057,0.08820343017578125
1188,22737.050883621698,-0.1762063756585121,90.0,2.4999999999999996,78.86683667812396,1.8496921067363312,2484.977960586548,1.2087688446044922
1189,24805.496329354373,-0.18504505306482316,99.0,2.5,93.4673950947344,2.074953370160478,2535.6733798980713,1.3532390594482422
1190,19085.414778677896,-0.17691628456115724,69.0,2.5,66.07834206331133,0.7595173729359033,2445.2714920043945,0.6563682556152344
1191,27412.351542471013,-0.20058195501565934,100.0,2.5,95.70430733410943,1.6295232694233621,2444.5860385894775,0.8360977172851562
1192,25387.932591952387,-0.18727316215634346,100.0,2.4999999999999996,90.66697545159796,0.8968973076881541,2338.106870651245,0.3373603820800781
1193,25444.96701857183,-0.13151424765586853,100.0,2.5,90.22242294230553,1.3112962710012293,2415.930986404419,0.2372570037841797
1194,24910.500514815816,-0.1503917594254017,96.0,2.5,86.77195340501792,2.028176192613029,2497.874975204468,0.7015762329101562
1195,8648.862512642505,-0.2027362048625946,44.0,2.5,39.533560864618885,1.3272612147484293,2591.3262367248535,0.2987098693847656
1196,22779.69299891982,-0.174711179882288,100.0,2.5,89.07166685839181,0.9490645910146115,2277.2538661956787,0.8586864471435547
1197,25844.47996036927,-0.1682245808839798,98.0,2.5,98.76214715409533,1.7465193052963974,2433.4380626678467,1.3001384735107422
1198,26199.430128391086,-0.17191804587841034,100.0,2.5,92.99154929577465,1.070513790571632,2525.1827239990234,0.7900886535644531
1199,24050.149277431385,-0.19891615480184555,99.0,2.4999999999999996,95.30948324815446,1.1319076686744554,2411.7391109466553,0.05034446716308594
1200,25394.229589723087,-0.24885483741760253,99.0,2.4999999999999996,90.96509240246407,1.5557323433218422,2411.2141132354736,0.6601066589355469
1201,21217.995613210718,-0.16164772048592568,81.0,2.5,81.52148664343787,0.8698782805741302,2621.826171875,1.3879375457763672
1202,29278.80512701907,-0.20225358814001082,100.0,2.4999999999999996,94.13211132223091,1.723405876781379,2467.0846462249756,0.1809062957763672
1203,25676.064961728815,-0.2150652003288269,97.0,2.5,84.94745168945643,1.2188948839777736,2460.689067840576,0.5208740234375
1204,18097.823436560946,-0.1400862915813923,76.0,2.4999999999999996,69.41725472342362,1.0506530159854657,2650.4619121551514,0.8102149963378906
1205,27301.93086973698,-0.13595421731472015,100.0,2.4999999999999996,91.32543711223914,1.1827469928028587,2499.5036125183105,0.32518959045410156
1206,24924.44842757574,-0.16333851367235183,100.0,2.5,95.63808862663427,1.1390792677428083,2451.1005878448486,1.5846977233886719
1207,25184.96951050763,-0.20302294999361037,98.0,2.4999999999999996,94.07798629059445,2.447876667519982,2618.5591220855713,0.10236358642578125
1208,25070.4762448556,-0.2276189909875393,96.0,2.5,90.44167610419026,1.222382679690254,2483.4020137786865,0.06766891479492188
1209,25602.587460918974,-0.1715060642361641,96.0,2.5,85.13274336283186,1.4816520362642107,2439.775228500366,0.101959228515625
1210,22898.09963919842,-0.13658909395337104,91.0,2.4999999999999996,81.90249971722656,0.9476191876709509,2502.4101734161377,0.08753013610839844
1211,25424.65624820268,-0.2484139883518219,100.0,2.4999999999999996,85.68356722498869,1.1749932729392771,2303.9391040802,1.4437122344970703
1212,27754.09501474297,-0.22019200548529624,100.0,2.5,87.54306034003778,1.6467345182278343,2517.8263187408447,1.4291801452636719
1213,20641.836522041627,-0.2177910801768303,95.0,2.5,86.33710950909716,1.4643344748091944,2626.7433166503906,0.4441680908203125
1214,24058.794742410155,-0.12175151467323303,97.0,2.5,90.35027472527473,1.157814578059977,2492.1252727508545,0.5231285095214844
1215,24049.66472493693,-0.20556981593370438,95.0,2.4999999999999996,85.52826956025127,1.6042840721114757,2572.1256732940674,0.07524490356445312
1216,22871.676527870903,-0.19814048781991006,89.0,2.5,81.40354868061874,0.9481930134322688,2344.775915145874,1.031839370727539
1217,23950.726650341236,-0.2668849182128906,99.0,2.5,89.69738184291057,1.2228223767210447,2370.4171180725098,0.19930458068847656
1218,26528.259314515224,-0.24168465346097945,99.0,2.5,92.24823568948135,1.2155285056048415,2360.4812622070312,0.8530540466308594
1219,28423.658067516142,-0.22967651292681693,99.0,2.5,88.28969359331477,1.3056978467537883,2514.5223140716553,0.03974723815917969
1220,26276.76279056928,-0.15828874081373215,100.0,2.4999999999999996,91.37061526392469,1.4575946873768924,2320.513963699341,0.9926128387451172
1221,26166.752552893387,-0.20874612137675286,99.0,2.4999999999999996,95.81791680681691,1.9742279764579276,2379.863739013672,0.49361419677734375
1222,23490.397647181315,-0.16451645582914354,96.0,2.5,86.66135095113339,1.2618243432790601,2504.6699047088623,0.42648887634277344
1223,22450.40884155296,-0.22861544713377951,93.0,2.5,85.69831152856983,1.6567825569346766,2413.8131141662598,0.5011768341064453
1224,22203.467279839293,-0.1321146556735039,97.0,2.5,88.61034798534799,1.8105272844391278,2432.9922199249268,0.9631214141845703
1225,26038.554549216322,-0.2281332305073738,100.0,2.5,90.18446059250978,1.3443268380360047,2565.8106803894043,1.0519638061523438
1226,24750.956214428614,-0.20932574540376664,98.0,2.5,88.83093321238236,1.5449486350287394,2441.1656856536865,0.8864765167236328
1227,21459.643342314474,-0.1725946222245693,82.0,2.5,75.9661971830986,1.241157884585931,2318.9187049865723,0.8004798889160156
1228,29220.110888793773,-0.18511095464229585,98.0,2.5,98.79573345567152,1.5242963043517663,2398.5204696655273,1.3064556121826172
1229,26640.309834076306,-0.1429625403881073,100.0,2.5,91.06446432668042,1.9188245726279873,2531.153678894043,0.487030029296875
1230,24065.09283368856,-0.18839409947395325,97.0,2.5,86.50588895120583,1.8192447094586692,2459.5820903778076,0.3487091064453125
1231,23878.75221649609,-0.22178973168134689,100.0,2.5,89.04909028492962,1.9088669950738917,2239.1793727874756,1.084024429321289
1232,25431.532151211577,-0.1277569852769375,96.0,2.5,88.19594058283252,1.3253605507634856,2442.0435428619385,0.25714683532714844
1233,26366.236242428527,-0.17342279836535454,100.0,2.4999999999999996,90.87443946188341,0.8636011611256902,2484.468698501587,0.2180957794189453
1234,26658.161186609996,-0.21801686987280847,99.0,2.5,89.77777777777777,1.830474650334612,2461.411952972412,0.33486366271972656
1235,25259.59334011723,-0.23743143036961556,100.0,2.5,92.78491080559027,1.217059488606714,2365.053176879883,0.7064247131347656
1236,24437.463603993856,-0.17052732467651366,89.0,2.5,90.72547881601857,1.5679414113645869,2514.737844467163,0.7814445495605469
1237,26463.566778346078,-0.1474732893705368,100.0,2.4999999999999996,94.99320344358858,0.9000515839840623,2213.0584716796875,0.07220268249511719
1238,26766.31593672038,-0.11889945253729821,100.0,2.4999999999999996,96.07574720511064,2.1426709433192412,2483.630895614624,0.4459114074707031
1239,24772.84539628342,-0.22237781062722206,90.0,2.4999999999999996,90.72385455364179,1.3775486124221257,2348.7541675567627,0.5976161956787109
1240,24800.92844106241,-0.1354379352927208,100.0,2.5,89.62878355225585,1.1677258023813348,2443.892478942871,1.2618560791015625
1241,21571.497738585964,-0.17065035536885262,84.0,2.5,77.73330283623055,0.9652476456325982,2481.4279079437256,0.04770088195800781
1242,22526.91202983731,-0.2622691597044468,83.0,2.5,76.45208403550163,1.5436486752268832,2519.0963745117188,0.8989353179931641
1243,19232.161649597227,-0.19516456454992295,85.0,2.4999999999999996,74.8870311793945,1.5335455375428726,2566.83611869812,1.2943000793457031
1244,23197.37118379423,-0.20103802487254144,100.0,2.5,83.24293133294864,0.9309199583349239,2463.0284309387207,0.2858695983886719
1245,26988.260525334925,-0.14700864627957344,100.0,2.5,95.21398987574781,1.5078747870275275,2499.497652053833,0.45255470275878906
1246,13029.049750182923,-0.15849824547767638,65.0,2.5,58.01079591133571,0.9192295517081842,2497.0431327819824,0.3303852081298828
1247,24260.224651938897,-0.23987074300646782,100.0,2.5,87.70152003684937,1.8512462656372113,2426.3558387756348,0.8517723083496094
1248,23211.55314233805,-0.1710906970500946,100.0,2.5,87.94464142742765,1.5624007254622223,2511.0020637512207,0.2704944610595703
1249,25412.596284907533,-0.19801843747496606,98.0,2.4999999999999996,88.006718924972,1.5166840998172393,2552.1833896636963,0.009405136108398438
1250,26593.05325390226,-0.2129036983847618,100.0,2.5,93.9853788214444,1.2950132580617568,2551.4302253723145,0.2346935272216797
1251,24168.208127029084,-0.1854137486219406,94.0,2.5,87.57288213101634,0.8693137662431549,2395.0746059417725,0.4448375701904297
1252,28691.96994546054,-0.19244687333703042,100.0,2.5,88.95262131467247,1.9647117571991346,2440.8040046691895,0.2814750671386719
1253,26931.47142228397,-0.2268740180134773,94.0,2.4999999999999996,91.17714285714285,2.5809001761289982,2475.210666656494,0.0990447998046875
1254,20319.62729867576,-0.25845931872725486,78.0,2.5,74.23443634324173,0.9094106701159599,2652.9972553253174,1.3350391387939453
1255,27426.56129314358,-0.08172231525182724,100.0,2.4999999999999996,94.42731529062465,2.24472554035343,2428.8644790649414,1.0571060180664062
1256,21611.10105029463,-0.16308894738554955,83.0,2.4999999999999996,77.48109099243639,0.558521790176949,2430.814027786255,0.030328750610351562
1257,26102.47325743149,-0.19864362314343453,100.0,2.5,91.29454217410917,1.0730416100372122,2444.693088531494,0.25493431091308594
1258,27136.91101684411,-0.2397702194750309,100.0,2.4999999999999996,92.58429483589111,1.520423819587181,2608.4470748901367,0.42221641540527344
1259,22671.193541030145,-0.2585750612616539,100.0,2.4999999999999996,93.3171464909238,1.2415663907630243,2581.226110458374,0.08011817932128906
1260,22326.784151289292,-0.10018344461917877,86.0,2.5,82.25244072524407,0.5582744043684278,2509.509801864624,1.2034854888916016
1261,27728.944940500434,-0.17084676459431647,94.0,2.4999999999999996,90.81031094671135,1.4674178028678677,2513.6516094207764,0.3707752227783203
1262,28358.067411805187,-0.1474243938922882,97.0,2.5,97.35047512576858,1.7876403601394235,2407.5522422790527,0.8524360656738281
1263,26212.588088601788,-0.14252529680728912,99.0,2.5,93.8229238160604,1.289970721625811,2609.982490539551,0.8840408325195312
1264,23838.686150189027,-0.19350847363471985,91.0,2.5,83.02061616863563,0.8914901115662609,2475.5938053131104,0.035373687744140625
1265,25536.283488016696,-0.20834584712982177,100.0,2.5,92.91924044840998,1.270544603824032,2391.615867614746,0.3888206481933594
1266,25572.584267409296,-0.1188907688856125,100.0,2.5,91.29281513089609,1.3694538268881689,2453.83358001709,0.35623931884765625
1267,21225.61062386121,-0.22799808025360108,85.0,2.5,77.67113783533766,1.9423628756359625,2363.227367401123,1.130258560180664
1268,26516.273465453007,-0.19536892279982568,98.0,2.4999999999999996,89.17531652788867,1.8344881506115902,2403.3355712890625,0.48139190673828125
1269,25526.230061218757,-0.2197400437295437,100.0,2.5,88.90268683675774,1.4992419877263548,2441.964626312256,0.05232048034667969
1270,26522.36851015495,-0.10125462964177132,99.0,2.4999999999999996,98.96701490785304,1.8894977005955251,2398.5395431518555,1.4653663635253906
1271,20720.465672475962,-0.10808519825339317,69.0,2.5,69.17752912677356,1.2650094149331457,2532.2158336639404,0.7173614501953125
1272,25397.882225861616,-0.1512603135406971,100.0,2.5,93.64241450539362,2.056809238617779,2456.688642501831,0.2553062438964844
1273,27044.996094454313,-0.127795931994915,100.0,2.5,92.73059778260372,1.1135694871852466,2636.6381645202637,0.9704017639160156
1274,25712.05108700031,-0.20324266701936722,98.0,2.5,90.13955616563716,1.2428199035733234,2459.597587585449,0.5663032531738281
1275,19676.001303650715,-0.2535601678490639,78.0,2.5,74.1877051964225,1.5322608074555286,2371.3080883026123,0.5634479522705078
1276,27943.47155808963,-0.23553865790367126,99.0,2.5,97.72831574116567,1.7400701575945305,2607.5026988983154,0.2026081085205078
1277,26292.872210202473,-0.2224255058169365,99.0,2.4999999999999996,91.17881095828123,0.9315278978200326,2429.2991161346436,0.9243736267089844
1278,27428.596857054938,-0.1533384332060814,100.0,2.4999999999999996,92.3734458259325,1.8528495337328588,2276.4759063720703,1.3159027099609375
1279,27883.88230469607,-0.14693724870681762,100.0,2.5,93.91738538356786,1.331841876150277,2474.853277206421,1.1024169921875
1280,27893.902861764385,-0.16199920132756232,100.0,2.5,93.05338396247487,1.2336104039160807,2460.4220390319824,1.4151477813720703
1281,24178.970219733877,-0.23870731234550477,99.0,2.5,87.45433789954338,0.9935443330626181,2485.8102798461914,1.0913505554199219
1282,24006.853628220135,-0.1664343912899494,96.0,2.4999999999999996,89.12844036697247,1.8270768540758093,2645.2999114990234,0.05711174011230469
1283,18931.54348169505,-0.1518440181016922,79.0,2.4999999999999996,76.05617720940853,0.9568745039245083,2520.2436447143555,0.17786216735839844
1284,25745.317843917102,-0.22066340893507003,100.0,2.4999999999999996,97.01847863054076,1.6981288521599736,2569.5438385009766,0.5757369995117188
1285,21894.49023630106,-0.026442990899086,87.0,2.5,76.4513214366388,0.6519976577631638,2519.063711166382,0.6693477630615234
1286,23979.709550454063,-0.1149622455239296,96.0,2.5,97.9306358381503,0.9223051120195465,2499.7191429138184,0.6047439575195312
1287,14890.379615453388,-0.0793208459019661,62.0,2.5,59.03808537567598,0.5331042306887399,2520.759344100952,1.2068977355957031
1288,25658.48977543707,-0.16966402783989906,98.0,2.5,84.7144456886898,2.1449050667183465,2631.6230297088623,0.47139549255371094
1289,23365.54955199021,-0.1664309611916542,100.0,2.5,90.81019830028329,1.253689404540021,2479.3286323547363,0.6563320159912109
1290,24078.19401777792,-0.1724232666194439,100.0,2.5,90.13513513513513,0.734859877381293,2392.841100692749,0.8043708801269531
1291,22796.48848934891,-0.12442885369062423,100.0,2.5,83.77713134929515,1.2778102095089836,2586.7698192596436,0.9096775054931641
1292,27856.257978932288,-0.22831473797559737,100.0,2.5,95.65266613834484,1.4273060227037146,2512.566566467285,0.31281280517578125
1293,23357.48321949232,-0.25297863110899926,89.0,2.5,82.88,2.1208136476831054,2469.6085453033447,0.16302871704101562
1294,24001.94676630465,-0.24581283137202262,95.0,2.5,86.41359773371104,1.8729494006891663,2374.800443649292,0.6329250335693359
1295,26051.006728820335,-0.19040229588747024,100.0,2.4999999999999996,92.89779194172547,1.9525054653006986,2479.508638381958,0.7286624908447266
1296,25143.721158970737,-0.21611364364624022,94.0,2.5,87.32826161008289,1.426688377141971,2447.209119796753,0.2410125732421875
1297,26079.674240188266,-0.17398105949163437,98.0,2.4999999999999996,88.91382405745063,2.303344206778057,2558.0334663391113,0.2224597930908203
1298,25600.984984286944,-0.13315539568662643,95.0,2.4999999999999996,89.64138876199178,1.149916950442468,2434.9029064178467,0.4144706726074219
1299,19479.65041219865,-0.22580994710326194,77.0,2.4999999999999996,71.14589155953045,1.556969332952352,2389.9123668670654,0.5584564208984375
1300,26366.127122289938,-0.21446674793958664,99.0,2.4999999999999996,96.13487785296478,2.172918317467049,2484.5831394195557,0.1279888153076172
1301,29725.07355157288,-0.23635049924254417,100.0,2.5,94.46335375538915,1.167211596886664,2406.1763286590576,0.9416065216064453
1302,26191.710597686786,-0.09440053015947342,98.0,2.5,91.65343615332276,1.5656065025914074,2502.2549629211426,0.30573272705078125
1303,27914.508566356842,-0.06246342986822128,100.0,2.5,94.82328953330313,0.3475263154958805,2568.310260772705,0.09800338745117188
1304,23425.285702560876,-0.17066704526543616,79.0,2.5,74.88157004286037,1.3284341435839457,2543.303966522217,1.4709796905517578
1305,23211.769288890217,-0.1804299134016037,91.0,2.5,85.18145161290323,0.6608479527069795,2467.6384925842285,0.5334568023681641
1306,23908.095809474726,-0.19389125004410743,91.0,2.5,84.86181613085166,1.677960077506048,2431.6840171813965,0.26303672790527344
1307,19675.77444380358,-0.17807979464530946,85.0,2.5,74.25652667423383,1.1104966764098456,2403.862714767456,0.4960594177246094
1308,27994.585506840336,-0.17534184336662292,100.0,2.4999999999999996,94.12100456621005,2.0672319131856347,2572.374105453491,0.714202880859375
1309,25596.878611226497,-0.22223683595657348,100.0,2.5,87.897447380206,1.3010499398142017,2557.0783615112305,1.4224128723144531
1310,28762.818582416585,-0.12363512516021728,100.0,2.5,96.99692867705608,1.6520120359204318,2484.421730041504,2.3335342407226562
1311,27244.22197098826,-0.22600425019860268,100.0,2.5,94.50700988278557,2.2197349109993088,2546.2825298309326,0.333160400390625
1312,28352.28463903399,-0.1323416781425476,98.0,2.5,96.25,1.500865665711123,2525.8913040161133,1.0741462707519531
1313,24216.99349074255,-0.17952439308166504,99.0,2.5,85.19981937231881,1.6584173176695094,2438.922166824341,0.8972358703613281
1314,27038.284816157015,-0.15385723263025283,99.0,2.5,93.46426986240569,0.9742925537450996,2505.842447280884,0.5396595001220703
1315,19213.9029604486,-0.13621726036071777,79.0,2.5,66.89686403260501,0.8444097860750949,2473.7632274627686,1.3885459899902344
1316,25175.82530743782,-0.1092626079916954,100.0,2.4999999999999996,87.80790960451978,1.4158439129611675,2585.387706756592,0.7373790740966797
1317,23738.90528135148,-0.10990925043821335,98.0,2.5,93.04868224191507,1.4764312804767925,2414.7446155548096,0.21612548828125
1318,25525.10033393816,-0.17127932041883467,99.0,2.5,90.74660633484163,2.9087933343252494,2436.121702194214,0.094207763671875
1319,30372.879264640436,-0.1596891263127327,98.0,2.5,98.59660940833052,1.230371417992437,2458.3587646484375,1.2004852294921875
1320,24016.021416278138,-0.15571841433644296,99.0,2.4999999999999996,82.70549870684808,1.8016007872348947,2468.928337097168,0.2322063446044922
1321,16859.674122168122,-0.2637878358364105,73.0,2.5,65.59335533052679,0.9793144798640953,2406.921625137329,1.1062545776367188
1322,23984.51500803988,-0.14606532081961632,100.0,2.4999999999999996,88.36753516255477,1.3847871497514948,2405.9836864471436,0.1991424560546875
1323,22272.476568379458,-0.1752702187001705,92.0,2.5,80.53599818305702,1.1203028523537761,2561.5999698638916,0.5079765319824219
1324,25503.762274424884,-0.16077255442738533,100.0,2.5,94.62805224304373,2.1981128341973895,2559.598207473755,0.7158565521240234
1325,22657.516636847573,-0.26156013578176496,94.0,2.5,84.0068493150685,1.4309783871717405,2516.066789627075,0.08835983276367188
1326,23237.981481838124,-0.19924838066101075,100.0,2.5,90.714532274767,1.8017347919622833,2420.407295227051,0.11680984497070312
1327,26939.988776796086,-0.10072270557284355,99.0,2.4999999999999996,93.15006247870045,1.6828771505549913,2520.4367637634277,0.5626163482666016
1328,27708.501313279237,-0.12758454993367196,100.0,2.5,98.33772784592458,1.5486511288566656,2432.598829269409,0.2845039367675781
1329,26133.942700294632,-0.22194299310445786,100.0,2.5,94.36361553442548,1.6354381024585725,2588.3052349090576,0.6818046569824219
1330,27694.01284172754,-0.14511728510260583,100.0,2.4999999999999996,94.851864368593,2.6830793186429482,2514.5320892333984,0.6606063842773438
1331,21077.914614140052,-0.12368259087204933,82.0,2.5,72.6250139213721,2.0219222013495086,2495.224952697754,1.2112541198730469
1332,19990.174615093896,-0.11876033619046211,94.0,2.5,82.25527499135248,0.6072628638516658,2698.610305786133,1.1075077056884766
1333,22998.309234988054,-0.1929802703857422,89.0,2.5,79.69045763278031,0.7249791362699625,2584.2642784118652,1.7402153015136719
1334,25086.286235049076,-0.2102168457210064,92.0,2.4999999999999996,86.87661100526729,1.3029625489100054,2464.0514850616455,0.6971817016601562
1335,25819.766899221235,-0.19168903365731238,95.0,2.5,86.67955863951768,1.0870483063776126,2542.0892238616943,0.933685302734375
1336,23381.591822300015,-0.25796932891011237,98.0,2.5,86.51009757204447,1.0362815504456244,2525.665760040283,0.7877044677734375
1337,24880.99433549583,-0.22050168439745904,99.0,2.4999999999999996,88.46952908587258,1.7928298208310296,2587.4829292297363,0.13396263122558594
1338,27149.1828285351,-0.18910838946700095,100.0,2.4999999999999996,94.27272727272728,1.5651521177729353,2417.9725646972656,0.5341014862060547
1339,20485.35923456682,-0.1629222485423088,96.0,2.5,84.07943067033976,1.6694550033400923,2498.615264892578,0.5287017822265625
1340,22443.723441743892,-0.1893112251162529,92.0,2.5,82.33968218190014,1.5069140763503133,2417.4792766571045,0.9878826141357422
1341,27457.442699784173,-0.17247373282909392,100.0,2.5,94.6070187240722,0.9338106143139827,2449.7711658477783,0.6341991424560547
1342,21703.89176858257,-0.23793754741549492,86.0,2.5,80.09028822780414,1.6518734870611766,2553.7168979644775,1.5119266510009766
1343,20362.57130513105,-0.20006273061037064,82.0,2.4999999999999996,76.48738152335275,1.0362244632287851,2447.901725769043,0.19249534606933594
1344,27175.359499418075,-0.15224675536155702,97.0,2.4999999999999996,96.38734995383194,1.0118286445012787,2531.703472137451,1.6907234191894531
1345,25155.542315826868,-0.17009951189160347,100.0,2.5,93.61383285302594,1.4549429479985034,2554.738998413086,0.03396797180175781
1346,25188.75621338884,-0.1610638517141342,100.0,2.4999999999999996,91.39908256880734,2.1868526939834765,2394.520044326782,0.3293170928955078
1347,21573.938237108952,-0.17254041731357575,85.0,2.4999999999999996,78.49498704517292,0.929562200783201,2355.0384044647217,0.4710350036621094
1348,22780.923408704315,-0.24883586898446083,87.0,2.5,82.29845626072041,1.866343779450535,2274.714469909668,0.13033485412597656
1349,24318.390519146407,-0.17113393038511276,99.0,2.4999999999999996,87.97504254112309,1.6108161429773407,2483.9353561401367,0.20011138916015625
1350,26496.95012525904,-0.1884536351263523,100.0,2.4999999999999996,90.29104643412576,1.2635061015465587,2450.159788131714,0.5375862121582031
1351,25799.630685297754,-0.22476157188415527,100.0,2.4999999999999996,93.63656987295825,2.035411957629748,2592.7062034606934,0.6011562347412109
1352,22333.1103222504,-0.2595461082458496,95.0,2.5,85.66151004386977,1.5847637788358488,2459.6493244171143,0.5418357849121094
1353,22907.104653722363,-0.16573610082268714,93.0,2.5,86.45509945958376,2.049852133502324,2401.3102054595947,3.031003952026367
1354,27402.811847594287,-0.10823824152350425,100.0,2.4999999999999996,96.35109578373567,1.675254039121738,2487.5175952911377,0.38611793518066406
1355,25346.93145558269,-0.20998677864670753,100.0,2.5,93.73107547381406,1.1405148609943916,2484.8480224609375,0.28767967224121094
1356,27027.55663194595,-0.22853017687797547,97.0,2.4999999999999996,90.48946370832869,1.6679423760181875,2368.069887161255,0.3276634216308594
1357,26237.518757144528,-0.15834671288728713,100.0,2.4999999999999996,95.16019086571234,1.555982591985531,2563.2688999176025,0.2386493682861328
1358,27397.274673683463,-0.21716619417071342,98.0,2.5,91.74364896073904,1.2781051867161968,2500.5338191986084,0.00679779052734375
1359,26753.743041210084,-0.2351815164089203,100.0,2.4999999999999996,92.76043415016225,1.7117666925396835,2550.1773357391357,1.4573974609375
1360,27349.62502284037,-0.14520725414156913,100.0,2.4999999999999996,93.24125438695799,2.1468699839486356,2509.20033454895,0.5166435241699219
1361,26444.37938507963,-0.2508205145597458,99.0,2.5,97.2165183664157,0.822308050510861,2477.8764247894287,0.5710849761962891
1362,25131.009257083537,-0.16449248403310776,100.0,2.5,89.4742883379247,1.4906697787456236,2528.3873081207275,0.5810527801513672
1363,23124.613476599847,-0.20911676526069642,99.0,2.5,90.81852145363976,1.5865969455702698,2524.9998569488525,1.3468360900878906
1364,28078.524678675723,-0.18328899323940276,100.0,2.4999999999999996,92.37784282819185,1.5600649616955657,2478.4233570098877,0.9737358093261719
1365,24835.27570598714,-0.1499862040579319,100.0,2.5,92.13943950786057,1.7964902964178817,2543.4787273406982,0.5149955749511719
1366,26050.11825853161,-0.2234688687324524,100.0,2.5,93.84960718294052,1.3112917754116913,2596.888303756714,0.3234882354736328
1367,27844.523824441334,-0.1775493851304054,100.0,2.5,95.95538530869761,1.817839368065385,2422.5997924804688,0.5627555847167969
1368,27374.01822911664,-0.11757995635271072,99.0,2.4999999999999996,94.78055898529577,1.9070652604868767,2315.0243759155273,0.034496307373046875
1369,24851.152398546234,-0.18061908066272736,94.0,2.4999999999999996,87.77247956403271,1.2888777710276478,2485.7821464538574,0.8217563629150391
1370,25106.30559830913,-0.15351180016994476,100.0,2.4999999999999996,92.22272317403066,1.0427947598253275,2391.7789459228516,0.6293621063232422
1371,22233.864359374937,-0.24401065364480018,97.0,2.5,92.04428718182855,1.262987404586729,2343.933582305908,0.7528095245361328
1372,26670.94145057254,-0.22008153840899466,100.0,2.5,96.84521107580572,1.3259949293399478,2435.6653690338135,0.7800769805908203
1373,24549.71957541945,-0.1954178574681282,93.0,2.4999999999999996,89.502700270027,1.4569902885759345,2445.3978538513184,1.3799877166748047
1374,22914.334368082407,-0.2081827336549759,89.0,2.5,86.03428571428572,1.5187266235493162,2546.5087890625,1.1611576080322266
1375,24408.80631869292,-0.20334623545408248,100.0,2.5,91.57691871669878,0.9073764366793582,2483.44087600708,0.2847175598144531
1376,25610.68644606532,-0.21211364403367042,100.0,2.5,93.12061552387418,1.61608396283174,2484.6558570861816,0.7076187133789062
1377,25862.47817942024,-0.25197216525673866,100.0,2.5,90.07195862379132,1.1125854853526589,2517.2345638275146,0.3074226379394531
1378,23356.050470800354,-0.21376566961407661,94.0,2.5,88.94138823264709,1.3925123381910633,2585.641860961914,1.1429367065429688
1379,25413.824284077284,-0.23291383519768716,99.0,2.4999999999999996,88.64501679731242,1.0779805172328536,2477.2212505340576,0.4456920623779297
1380,27184.070181636896,-0.20693774938583373,100.0,2.5,90.23008047149496,1.5974478297772705,2598.519802093506,0.22397613525390625
1381,22567.62341049493,-0.12881270676851272,92.0,2.5,84.69644902634593,1.5526184480777934,2385.1687908172607,0.5688610076904297
1382,24341.041262038794,-0.2639967939257622,100.0,2.5,89.0760127446518,1.2132484685084381,2327.0225524902344,0.38065528869628906
1383,26812.781541887987,-0.1900849398970604,99.0,2.5,95.23809523809523,1.3880468973405775,2365.189790725708,0.7073383331298828
1384,14946.837706171129,-0.21451069802045822,56.00000000000001,2.5,55.78996174800046,0.6636629322942036,2472.2824096679688,0.12843704223632812
1385,27373.94844526932,-0.05197210103273392,98.0,2.4999999999999996,98.2147024504084,1.3214281451064185,2405.742406845093,1.6518230438232422
1386,23777.424360292567,-0.24292549833655358,95.0,2.5,84.60579972813774,1.538841106909867,2527.7767181396484,0.7683963775634766
1387,26306.863270607326,-0.22949914038181304,97.0,2.5,88.4090909090909,2.203031265544375,2445.0769424438477,0.9254417419433594
1388,24593.244661965076,-0.18520565271377565,92.0,2.5,85.49480343425215,1.6716353127962627,2536.6742610931396,0.2150249481201172
1389,23777.83977062007,-0.23849435046315193,96.0,2.5,89.02658855340243,1.3633631914832727,2245.6507682800293,0.8136386871337891
1390,23556.59632391256,-0.14030677273869516,83.0,2.5,78.15615548336507,1.081246111661559,2334.824800491333,0.297332763671875
1391,28715.70832257705,-0.2308642442524433,97.0,2.5,98.54844154382806,1.9365792212059807,2541.0916805267334,0.5136852264404297
1392,25921.61029760602,-0.17578760012984276,100.0,2.5,95.34005037783375,1.0970017226127846,2523.6213207244873,0.33017730712890625
1393,23873.27174840238,-0.1648878599703312,95.0,2.5,82.64870931537598,1.6207875357696004,2444.4186687469482,0.3525123596191406
1394,22434.837309320577,-0.24129859894514083,92.0,2.5,86.88561721404304,1.1266135322647806,2518.571376800537,2.617889404296875
1395,25998.160975652296,-0.21337059438228606,100.0,2.4999999999999996,97.45062011943041,1.1751158706854363,2461.3680839538574,0.8674812316894531
1396,17830.275126248216,-0.23007621452212335,72.0,2.5,67.426893982161,0.9445488721804512,2393.718719482422,0.054538726806640625
1397,24238.71252579105,-0.19738222122192384,100.0,2.5,88.41304100874702,1.6658267860824152,2610.7845306396484,1.2713813781738281
1398,25018.173141697047,-0.19677302733063698,94.0,2.5,87.1240810871018,1.247231214857727,2434.8669052124023,0.5831069946289062
1399,24713.975261412128,-0.15696264430880547,88.0,2.5,80.75196408529742,0.9563204861955986,2473.6249446868896,0.7298069000244141
1400,25882.721991319933,-0.12772777944803237,100.0,2.4999999999999996,90.19922143347836,1.1408880814194282,2363.3410930633545,0.06777381896972656
1401,26150.322067876416,-0.17717505231499672,99.0,2.4999999999999996,91.03635132083991,1.1337077855924864,2494.0218925476074,0.29184722900390625
1402,26095.76599130622,-0.24588658079504966,100.0,2.5,94.51399954473025,1.9824656595367962,2478.7845611572266,0.5397739410400391
1403,25979.367263800457,-0.24805709466338158,95.0,2.5,91.04788341429563,1.3205722079030058,2549.818754196167,0.0693511962890625
1404,23528.083101696357,-0.28603919059038163,99.0,2.5,93.56316573130226,1.070117763617122,2474.3399620056152,0.1941089630126953
1405,22060.541746766274,-0.13577851206064223,93.0,2.5,80.7653118985622,1.5348366804850129,2488.6488914489746,0.2285175323486328
1406,22467.02934452885,-0.1572853744029999,91.0,2.5,82.72613778231755,1.4050070790522597,2386.6751194000244,1.1223869323730469
1407,25606.94168020259,-0.09687188893556595,98.0,2.4999999999999996,90.57670126874278,1.3894961585854055,2545.4046726226807,0.7415828704833984
1408,27404.315232239554,-0.2024633567035198,98.0,2.5,98.62562471603816,0.7325036045143435,2498.887777328491,0.08663749694824219
1409,22912.43066436057,-0.16792687982320786,88.0,2.5,84.78115230013398,1.634410541384402,2553.523302078247,0.5010719299316406
1410,23487.54325742536,-0.12996881663799287,90.0,2.4999999999999996,88.3248730964467,0.9264523315040203,2574.338674545288,1.4636344909667969
1411,25044.725981162363,-0.12246597111225128,95.0,2.5,85.36502160564021,2.275227465450462,2478.7402153015137,0.3314533233642578
1412,22815.284473454958,-0.18620593547821046,86.0,2.5,81.07134818816115,1.4514764149092967,2551.7821311950684,0.46021461486816406
1413,25798.852950629305,-0.12734684899449347,100.0,2.5,92.80978509373571,1.878031451572299,2500.2803802490234,0.6809787750244141
1414,24557.56170368821,-0.09148488834500312,100.0,2.5,89.71835765184933,1.2632699529822278,2625.4804134368896,0.023279190063476562
1415,24167.068939968838,-0.18438629627227784,99.0,2.5,93.5912108033875,1.8786505596101515,2598.381280899048,0.2480010986328125
1416,16656.47732477414,-0.17986475497484208,70.0,2.4999999999999996,62.17803886127429,1.2466450664744968,2406.773805618286,0.5519790649414062
1417,22964.455736812448,-0.18613121420145035,93.0,2.5,84.9305635257661,1.4886532165542714,2513.0674839019775,1.5435409545898438
1418,24835.83969042581,-0.1304212048649788,100.0,2.4999999999999996,88.96966943087584,1.0147475116427722,2368.3364391326904,1.0425739288330078
1419,23914.02503462076,-0.16465121880173683,92.0,2.5,84.59364756414604,1.4782445419319599,2430.5741786956787,0.15784645080566406
1420,24062.233942356128,-0.18706912979483603,98.0,2.5,89.18236104731282,1.6424026003754064,2477.980136871338,0.19651222229003906
1421,27689.039167795825,-0.22194805026054382,100.0,2.5,97.3426895203037,1.695015546159722,2583.3590030670166,0.14185714721679688
1422,24541.231625991026,-0.18887343659996986,99.0,2.5,83.93142857142857,0.6374179367787836,2472.7840423583984,0.5739231109619141
1423,24446.525694415777,-0.11135899350047111,100.0,2.5,89.31451612903226,1.1316932660445183,2374.882698059082,0.5099964141845703
1424,26024.071716545746,-0.16149906784296036,100.0,2.4999999999999996,97.22350230414747,1.3210887237687121,2544.3711280822754,0.30893516540527344
1425,20842.91533949707,-0.2226506517827511,75.0,2.5,70.77203786064545,1.6625675222802223,2491.464853286743,0.16501998901367188
1426,7606.060011536776,-0.19343845427036285,37.0,2.5,34.41116405718176,0.716523555349269,2472.9418754577637,0.06184959411621094
1427,24341.147458140567,-0.15311825454235076,98.0,2.5,89.82630272952854,0.7556576731320477,2476.111650466919,0.31382179260253906
1428,29205.38559055208,-0.20515951186418532,99.0,2.4999999999999996,98.86470037453184,1.5284494260573886,2342.4630165100098,0.8047523498535156
1429,21134.090113890426,-0.11214309185743332,89.0,2.4999999999999996,83.76505339695524,1.7958449298585928,2540.5821800231934,0.7340736389160156
1430,22955.82458950053,-0.14967392146587372,97.0,2.5,87.07421610647417,0.8724536043127713,2402.56404876709,0.1475696563720703
1431,26752.831907082866,-0.14989380270242691,96.0,2.4999999999999996,92.48594700011472,0.8359692724807953,2561.3536834716797,0.27383995056152344
1432,27387.611775308855,-0.13994262769818305,99.0,2.5,97.05848949460534,1.8851408928333344,2463.646411895752,0.1916484832763672
1433,28860.90119533365,-0.2487219762802124,100.0,2.5,97.42857142857143,1.7200588272907473,2370.4423904418945,1.4069499969482422
1434,25354.306898375613,-0.2189655300974846,98.0,2.4999999999999996,89.99887501406234,1.5144537950565833,2368.5855865478516,0.2277545928955078
1435,26783.68951985728,-0.25342033714056017,100.0,2.5,95.17026485644335,1.206951772499705,2502.1228790283203,0.05064964294433594
1436,25010.31960808917,-0.22192432284355162,100.0,2.4999999999999996,90.53646075243846,1.6032161193451515,2631.37149810791,0.10947799682617188
1437,23832.591909775503,-0.2884464006125927,100.0,2.4999999999999996,85.89918256130791,1.2835827623512441,2503.581762313843,0.12857818603515625
1438,25214.429144461392,-0.1883041712641716,100.0,2.5,96.23430962343096,1.4931425033287489,2304.1746616363525,0.9982051849365234
1439,25869.848614985673,-0.18509965941309928,99.0,2.4999999999999996,92.44777119874874,1.8801676294031036,2644.223213195801,0.04501152038574219
1440,23191.69195563513,-0.16455728352069854,91.0,2.5,84.77001703577513,1.42397484517725,2405.6737422943115,0.11451339721679688
1441,26406.425905297165,-0.19315764009952546,96.0,2.5,97.4619869669601,1.6472667081809813,2437.6986026763916,0.11131477355957031
1442,21145.933399943155,-0.21927420020103455,79.0,2.5,76.28334454158261,1.6314695262063683,2491.9557571411133,0.053607940673828125
1443,23340.874636601206,-0.24121998980641365,96.0,2.5,87.81936351411923,0.752468061218125,2464.965343475342,0.17124176025390625
1444,24644.669215019774,-0.10251824721693993,98.0,2.5,90.25727069351231,2.0465589332127925,2548.68221282959,0.3322162628173828
1445,22911.908067550794,-0.19028999000787736,100.0,2.5,94.87584650112866,1.4961616794610686,2424.3483543395996,1.3836002349853516
1446,23640.55412366618,-0.07282933503389359,100.0,2.4999999999999996,88.79320113314448,1.4172745521123176,2377.984046936035,0.88531494140625
1447,17365.90201108749,-0.13643761545419694,76.0,2.5,69.69181962383865,0.8769927949662569,2469.6736335754395,0.8587741851806641
1448,24722.265207775854,-0.118185276389122,100.0,2.5,88.40174477127837,1.3822267459188322,2558.4819316864014,0.08501625061035156
1449,14306.748866285874,-0.1494741830229759,66.0,2.5,58.26280623608018,1.0305950837216942,2351.7825603485107,0.3418388366699219
1450,26070.50558434051,-0.18487416997551917,97.0,2.4999999999999996,90.05200090436355,1.825382764591918,2485.9447479248047,0.6293430328369141
1451,23070.521337517268,-0.18199434518814087,97.0,2.4999999999999996,83.45396969011536,1.6309032345869439,2418.1039333343506,0.12482070922851562
1452,24612.763893967272,-0.20759307563304902,100.0,2.4999999999999996,87.45158791634393,1.8788884280381586,2672.0376014709473,0.3201446533203125
1453,24286.043757683678,-0.25167162865400317,94.0,2.5,92.54079254079254,1.1766320979744995,2146.0678577423096,0.6617240905761719
1454,25516.95319940119,-0.2100294004380703,100.0,2.4999999999999996,90.74965612104539,1.8312715714065446,2267.03143119812,1.0495586395263672
1455,23895.234689277164,-0.1743928848206997,100.0,2.5,91.60974499089252,1.6068938591109374,2482.246160507202,0.23013877868652344
1456,27422.591110682384,-0.22648708239197732,100.0,2.4999999999999996,96.41741071428571,1.9049971093885936,2460.8049392700195,0.3467082977294922
1457,26649.410863940346,-0.20484453707933425,99.0,2.5,93.40269837640064,1.803467666902682,2387.3813152313232,0.9492034912109375
1458,23098.096470643988,-0.15679527297616005,88.0,2.4999999999999996,79.39272158964054,1.367883195065606,2487.1222972869873,0.2000446319580078
1459,27412.69942721757,-0.06084404811263085,96.0,2.4999999999999996,92.97594965160711,1.4701277010334388,2457.822799682617,0.032009124755859375
1460,25778.81585534563,-0.20585835486650467,100.0,2.4999999999999996,91.43314651721377,1.701060501209551,2452.9709815979004,0.6506557464599609
1461,19185.720137249486,-0.18760446339845657,85.0,2.5,75.05164103741106,1.49812083412959,2573.477029800415,1.572031021118164
1462,28518.946974082595,-0.2218703207373619,99.0,2.5,93.02663980299978,1.2555993699661525,2569.0906047821045,0.8835391998291016
1463,20013.442472058425,-0.23814459562301635,90.0,2.5,79.21843234696182,0.8407151089310669,2483.8387966156006,0.24121665954589844
1464,25482.24606477961,-0.18085926920175552,98.0,2.5,88.8335220838052,1.680207315902688,2529.8826694488525,0.1787109375
1465,26108.71996649048,-0.21066597253084182,100.0,2.5,93.54094579008074,1.527373135626386,2500.128746032715,0.3463706970214844
1466,21665.769433489273,-0.21309592604637145,88.0,2.5,77.18060687493002,1.2001023389203245,2419.8639392852783,0.02223968505859375
1467,26348.223439346337,-0.14922728672623634,98.0,2.5,92.11678832116789,1.2343411745719042,2463.926076889038,0.22960853576660156
1468,24769.77188287662,-0.14296573668718338,99.0,2.5,91.35562170826654,1.5223060116992035,2313.4546279907227,0.6916923522949219
1469,19809.912512737385,-0.1882917430996895,74.0,2.5,68.27655759748991,1.1370624274033754,2225.752353668213,0.8316268920898438
1470,25329.38400579691,-0.18689365580677986,99.0,2.5,88.65932047750229,1.0390912316469456,2426.0315895080566,0.7495899200439453
1471,24458.965214514184,-0.2045421689748764,99.0,2.4999999999999996,90.34207525655644,1.3534209701934121,2445.0833797454834,0.9385433197021484
1472,29068.65327033258,-0.18071406126022338,96.0,2.5,99.01472122406399,1.6573572223142647,2419.5144176483154,0.35346031188964844
1473,21037.571256318763,-0.21463039204478263,95.0,2.4999999999999996,80.99702216830264,1.190167413345909,2394.650459289551,0.7913284301757812
1474,25487.520850169753,-0.23372725009918213,99.0,2.5,90.39069557362241,2.2343234697462515,2339.951753616333,0.3367271423339844
1475,26961.95757572419,-0.21973686128854752,98.0,2.5,88.63356125994844,1.402837734013564,2519.6800231933594,0.8598461151123047
1476,25568.822295475155,-0.19417863741517066,100.0,2.5,90.7304956531557,1.2443451739815643,2516.1914825439453,0.31611061096191406
1477,25290.734087320878,-0.14218998834490776,100.0,2.5,95.37346069743353,2.149283095699718,2426.692485809326,1.450286865234375
1478,24084.307805266584,-0.1260420273244381,100.0,2.5,91.33750711439954,1.6019319782652444,2453.5300731658936,0.5117626190185547
1479,24846.126183297045,-0.17690927758812905,99.0,2.5,92.54865829782332,1.8698664708851467,2551.97811126709,0.45954322814941406
1480,24376.704650370222,-0.20543948531150819,100.0,2.4999999999999996,88.94575230296827,2.0005462242250442,2359.311819076538,1.024801254272461
1481,26711.80594314114,-0.17899509385228157,100.0,2.5,89.3909626719057,1.1608391608391608,2354.0239334106445,1.5425853729248047
1482,23915.63516710122,-0.15185337752103806,99.0,2.4999999999999996,90.7537688442211,0.9129779553499457,2401.994228363037,0.36705970764160156
1483,25757.12227073429,-0.18921391308307647,100.0,2.5,91.77833295480355,2.1961924138933298,2346.2116718292236,0.017961502075195312
1484,27419.094577682026,-0.17050882801413536,100.0,2.5,91.80583389000223,0.9387498571591818,2508.7661743164062,0.18212890625
1485,24189.455433940533,-0.1662384784221649,93.0,2.5,88.38504375497216,1.4992373318795276,2644.5634365081787,0.8520183563232422
1486,23104.172895599193,-0.16742747589945794,96.0,2.5,86.02477477477477,1.1354452425128911,2410.86483001709,0.5315113067626953
1487,23736.151514106536,-0.18810489967465402,95.0,2.5,83.39845930557107,0.9141160161710371,2603.4960746765137,0.5386466979980469
1488,26961.601025253913,-0.19559538811445237,100.0,2.5,96.34562841530054,1.3320850910239346,2554.0688037872314,0.34307289123535156
1489,21848.838980222525,-0.23895694315433502,90.0,2.5,77.62245709739743,1.5802719403827437,2444.312334060669,0.34990882873535156
1490,22747.56393258354,-0.18690855994820596,99.0,2.5,88.4936268829664,1.7591828312009905,2480.6997776031494,0.2831230163574219
1491,23693.10939189626,-0.21915436521172524,97.0,2.4999999999999996,87.69709082833667,2.0385231829252297,2647.881507873535,0.5358200073242188
1492,14742.880360316918,-0.1480780518054962,67.0,2.4999999999999996,59.72380734992011,0.7068327162571525,2471.684455871582,0.34932708740234375
1493,24283.199752129844,-0.2232603831589222,93.0,2.5,85.18087705013376,1.737424844395161,2578.4120559692383,0.4699268341064453
1494,25715.479837395655,-0.1828181166946888,100.0,2.5,94.76717381281696,1.6670521666036702,2473.4230041503906,0.011529922485351562
1495,26601.632584109295,-0.18039482712745666,100.0,2.4999999999999996,96.5144369032555,1.581585056299221,2420.4750061035156,0.8881187438964844
1496,25412.870830566593,-0.1964253653585911,100.0,2.5,90.44962624121388,1.8092264843362078,2418.4937477111816,0.3488636016845703
1497,22855.697909591927,-0.26840892910957337,92.0,2.5,88.57565079004206,1.110368118499205,2618.0622577667236,0.22427940368652344
1498,25297.430818309385,-0.2477720321714878,100.0,2.5,90.47835990888383,1.2714857546503415,2571.2997913360596,0.534515380859375
1499,25843.042261134928,-0.16605832681059837,100.0,2.5,89.37120604741725,0.9745853367414731,2557.9769611358643,0.16248703002929688
1500,25360.85104367656,-0.190026343613863,100.0,2.5,89.89864086615988,1.7194130638391358,2405.109643936157,0.30844879150390625
1501,20906.508413503907,-0.15652835384011268,88.0,2.5,76.98483496877788,1.1415716755921903,2446.962594985962,0.03592872619628906
1502,20052.97865262721,-0.24212418928742407,78.0,2.5,73.47498286497601,1.0919260135997586,2473.2842445373535,1.4574871063232422
1503,26111.74575885581,-0.13797636061906815,100.0,2.4999999999999996,93.21245932124593,1.163741283962491,2545.823812484741,0.10360908508300781
1504,21953.362347281614,-0.2315284675359726,87.0,2.5,80.87164314974966,1.690001414227125,2522.50599861145,0.2858600616455078
1505,24392.967559568504,-0.19069076254963874,97.0,2.5,89.19481721425267,1.1721699732271573,2408.080577850342,0.05490684509277344
1506,24245.554291361976,-0.15601517662405967,98.0,2.5,90.22539098436062,0.848307540573037,2554.2328357696533,0.15287399291992188
1507,24112.41759174027,-0.1728135284781456,99.0,2.5,90.85941946499715,1.5035784479448995,2525.1073837280273,0.22085952758789062
1508,25164.431908718692,-0.18394818320870399,96.0,2.5,87.75442477876106,1.5218541406364323,2454.487085342407,0.5787429809570312
1509,24080.83015472571,-0.20099543794989586,95.0,2.4999999999999996,87.80122218378878,1.192575893847897,2421.2610721588135,0.4074535369873047
1510,25981.376504402768,-0.24465149253606797,93.0,2.5,88.64211737629459,1.1449973247726057,2317.5747394561768,0.8157901763916016
1511,7294.201098925261,-0.1895536255836487,40.0,2.5,36.35434412265759,0.6362129756303736,2347.325563430786,0.5455055236816406
1512,26672.3487552975,-0.24124771803617479,100.0,2.5,95.40150995195607,1.9993335554815064,2463.160276412964,0.48819732666015625
1513,23215.9635936965,-0.11880704045295715,98.0,2.4999999999999996,87.33439926907263,1.834403258093463,2518.138885498047,1.4364967346191406
1514,23963.286444674046,-0.20729376316070558,100.0,2.5,95.50509188809552,2.1039581615642473,2490.6041622161865,0.40482330322265625
1515,29015.60038739473,-0.2296052396297455,100.0,2.4999999999999996,98.70422535211267,1.628597767079791,2694.8485374450684,0.28707313537597656
1516,27400.235019440835,-0.16542881235480308,100.0,2.4999999999999996,95.66225165562913,2.2025273028760934,2503.751754760742,0.2853832244873047
1517,22711.46741307848,-0.23675546869635583,91.0,2.5,85.61013907581875,1.4671421876250244,2458.3990573883057,1.0364303588867188
1518,25731.64612118153,-0.12424891412258149,98.0,2.5,92.63526488196092,1.4910396689835563,2458.622694015503,0.6205997467041016
1519,24506.107634661825,-0.16010585978627204,100.0,2.5,87.5784190715182,1.2297420680209998,2391.925096511841,0.7061347961425781
1520,23174.669427718407,-0.1868245269358158,89.0,2.5,81.0445745159838,1.1395275409741956,2421.5731620788574,0.4690265655517578
1521,24974.36763784299,-0.1938367310166359,100.0,2.5,93.30529665833144,2.4880000463206895,2677.7145862579346,1.0884151458740234
1522,25823.015633643867,-0.23078744754195213,100.0,2.5,94.70145852324522,1.8831351842585085,2534.010171890259,0.5697135925292969
1523,28911.001301571298,-0.1575583279132843,99.0,2.4999999999999996,98.13476334809978,1.5287785347955762,2553.93123626709,0.2950439453125
1524,24844.692719237577,-0.22675070136785508,99.0,2.5,87.90750141003947,1.8902596101554228,2441.450834274292,0.4265155792236328
1525,22837.571726401402,-0.19831604033708572,90.0,2.5,84.96411892015036,1.1213580149473927,2622.5976943969727,0.20931434631347656
1526,26911.431734611604,-0.1631210806965828,100.0,2.5,95.76510446075663,1.1220071922021388,2468.153715133667,0.4216728210449219
1527,20655.8067205974,-0.23209999352693558,81.0,2.5,76.99730700179533,1.267417864382636,2519.8111534118652,0.06689643859863281
1528,27201.112499732913,-0.2258148592710495,96.0,2.4999999999999996,93.21140035906643,1.6738041416287073,2568.452835083008,0.4665546417236328
1529,22083.881937391598,-0.17372947797179222,84.0,2.5,82.63738764364547,1.9958926599889022,2467.3750400543213,0.6711750030517578
1530,27095.3649561,-0.1991093298792839,97.0,2.4999999999999996,88.30102622576968,1.4541931912538058,2478.834867477417,0.46434593200683594
1531,26011.31774908374,-0.16245157152414322,99.0,2.5,90.46291132180703,1.2222365930228456,2396.5537548065186,0.9844589233398438
1532,22280.401040750403,-0.19102753102779388,84.0,2.5,72.81411553158013,1.417226293643938,2499.2263317108154,0.1366748809814453
1533,25723.99113279149,-0.18521189510822297,94.0,2.5,92.65459514861632,1.493465348879901,2350.6085872650146,1.1708030700683594
1534,25452.110904768764,-0.1603056962788105,93.0,2.5,89.48451251571609,1.27538827344615,2436.0899925231934,0.6626510620117188
1535,24338.155574140375,-0.20342995271086692,100.0,2.4999999999999996,87.02204228520019,1.613979224011795,2590.8782482147217,0.11269950866699219
1536,18824.788931868337,-0.21604445964097976,73.0,2.5,72.11921283130475,1.191703506963253,2330.3849697113037,0.3094367980957031
1537,21598.301996778537,-0.19721149623394013,93.0,2.5,85.68678518854037,1.366860671485799,2465.0797843933105,0.7406978607177734
1538,23377.19841310343,-0.23972106114029884,97.0,2.5,93.19396051103368,1.576212672470911,2590.718984603882,0.4976177215576172
1539,23761.88335673823,-0.17107385396957397,95.0,2.5,90.18754186202277,1.7510046748134174,2448.8532543182373,0.5396976470947266
1540,24657.12458443382,-0.299095955491066,95.0,2.4999999999999996,83.91584662368511,2.120023370336366,2316.183090209961,0.047313690185546875
1541,27434.727545997073,-0.09802501305937766,100.0,2.5,96.53476669716376,1.5926931509650448,2551.987409591675,0.9331321716308594
1542,23275.189299968017,-0.14674834221601485,97.0,2.4999999999999996,88.08113035551503,1.259301331589244,2479.4719219207764,0.14584732055664062
1543,27078.173574795208,-0.17927223250269889,99.0,2.5,93.6322360953462,1.6328410628436536,2433.2034587860107,0.38986968994140625
1544,23014.693149356044,-0.23013369202613831,84.0,2.5,80.02014775016791,1.091946555793759,2615.0777339935303,0.01845550537109375
1545,22085.18510606245,-0.22924741148948669,87.0,2.5,79.89966555183946,1.4664940289964603,2403.9783477783203,1.0467529296875
1546,24668.34814081943,-0.13946819558739662,100.0,2.4999999999999996,90.42855518926906,1.3524028713902132,2519.806385040283,0.42589759826660156
1547,23395.44198650023,-0.14401744484901427,83.0,2.5,82.2113190324053,1.3328219921186757,2505.9385299682617,0.055080413818359375
1548,24504.97544801452,-0.1919700536131859,100.0,2.5,92.69009151508304,1.8873365981354024,2526.6387462615967,0.16858863830566406
1549,22721.38463739843,-0.16886805206537248,88.0,2.5,73.93338531803498,1.5744137637574322,2505.5177211761475,0.059284210205078125
1550,25264.259640566364,-0.1783001747727394,100.0,2.5,94.82978970605322,1.7855723633666252,2592.4954414367676,1.3056449890136719
1551,28543.41029061714,-0.15949323683977126,100.0,2.5,97.86889043317119,1.1083098135897635,2342.2060012817383,0.12285804748535156
1552,23459.002487475584,-0.2549216614663601,98.0,2.4999999999999996,87.68390548372716,1.5810055553379918,2247.2071647644043,1.2875900268554688
1553,24211.128895722148,-0.2218298074603081,94.0,2.5,80.67984738120015,1.8043065051490823,2480.118751525879,0.11984634399414062
1554,20889.929492647847,-0.09511741504073143,77.0,2.5,73.12414733969986,1.543580172854318,2461.2221717834473,0.3448371887207031
1555,22629.990781616034,-0.1799555729329586,88.0,2.5,81.6591928251121,1.3031804343185827,2445.344924926758,0.7392559051513672
1556,19519.017054710126,-0.2832330232858658,83.0,2.5,74.24495709350273,1.225236172164445,2398.8893032073975,0.34534263610839844
1557,26133.55081241054,-0.20440554589033127,99.0,2.5,91.72707398458175,1.41728053582348,2476.853609085083,0.31969642639160156
1558,24882.34683954765,-0.1983242917060852,99.0,2.5,94.50409883385291,1.961236466776585,2522.13454246521,0.10511016845703125
1559,25514.16506793081,-0.1666294477880001,98.0,2.5,90.45680687471732,1.2042424481381555,2484.118700027466,0.5115146636962891
1560,20067.511371085617,-0.1987701576948166,85.0,2.5,74.26880619096391,0.6990763024593734,2473.896265029907,0.4112701416015625
1561,25987.86976905769,-0.2357147118449211,99.0,2.5,90.84612720766478,2.3960441300263686,2357.9516410827637,0.45816612243652344
1562,11138.705398922126,-0.1900506615638733,56.99999999999999,2.4999999999999996,52.55662704642297,0.7177493058264013,2544.684648513794,0.3400611877441406
1563,25811.645301696724,-0.20675033137202262,100.0,2.5,90.02519468621163,1.88004890232988,2344.4459438323975,0.4978046417236328
1564,20492.684534762644,-0.18753302723169327,84.0,2.5,77.76257269928156,1.1846047743513362,2390.5270099639893,0.44126129150390625
1565,25409.906391210883,-0.17143018126487733,98.0,2.5,90.47458768091552,0.9908576404005224,2548.2630729675293,0.7248802185058594
1566,25586.57410584563,-0.13329888120293618,97.0,2.5,89.26862611073138,1.3852208734109774,2373.0075359344482,0.5098438262939453
1567,21136.65071464258,-0.15804140985012055,93.0,2.5,80.77356788452865,1.6481795500448229,2427.0951747894287,1.6004180908203125
1568,22361.213992613964,-0.1415761050581932,81.0,2.5,83.70446499942904,1.7328268177548283,2419.071674346924,0.8758792877197266
1569,20904.77095679126,-0.15734779432415963,88.0,2.5,79.37142857142857,1.7332571544940802,2479.6533584594727,0.0255126953125
1570,27766.8388575241,-0.12805471166968346,100.0,2.4999999999999996,91.87903499830105,1.284940761392789,2475.7609367370605,0.6494045257568359
1571,24942.03307842693,-0.16444213092327117,96.0,2.4999999999999996,90.20809248554913,1.3835220834761792,2506.3114166259766,0.3030548095703125
1572,25098.67496226562,-0.16603658676147462,96.0,2.5,89.5234876647516,1.8708374308814784,2409.5585346221924,0.4123706817626953
1573,26076.418701895484,-0.159386560767889,98.0,2.4999999999999996,85.89267634154572,1.6192954602428047,2432.762622833252,0.2531757354736328
1574,25060.3354596559,-0.17565137147903442,100.0,2.4999999999999996,94.6625697052464,1.46051704395314,2427.989721298218,0.6962337493896484
1575,26123.852529022035,-0.23271940514445305,100.0,2.4999999999999996,90.43458527175763,1.17286198811773,2481.1534881591797,0.38874244689941406
1576,25197.843155452196,-0.2235003773868084,96.0,2.5,92.60713873166225,1.7807601217999323,2365.618944168091,0.290374755859375
1577,25846.436038940243,-0.24865347862243653,99.0,2.4999999999999996,93.97002044060868,1.9996382329429752,2418.67733001709,0.4274616241455078
1578,24045.475206692427,-0.24572805017232896,92.0,2.5,86.84799641817776,1.144741187731957,2349.1833209991455,0.10519790649414062
1579,25609.065851794192,-0.2444919715821743,100.0,2.5,93.60855225747754,1.7220200844127491,2498.588800430298,1.2891387939453125
1580,27489.26054517949,-0.14738785475492477,96.0,2.4999999999999996,93.97563176895306,2.2093991011485326,2623.7566471099854,1.2795333862304688
1581,14036.468719809172,-0.22479701697826385,61.0,2.5,56.109839816933636,0.8405228907149289,2498.917818069458,0.025285720825195312
1582,27127.887149907,-0.18819892391562462,100.0,2.5,93.22419281491588,1.498663981721721,2306.792974472046,1.7815494537353516
1583,20602.54498914575,-0.21370839789509774,88.0,2.5,81.18451025056947,1.3586940420110805,2589.7302627563477,0.5867290496826172
1584,15330.792073061999,-0.23998271256685258,64.0,2.4999999999999996,61.67828969932548,0.8185306584124398,2474.7352600097656,1.4946346282958984
1585,26256.752709100318,-0.13203312277793885,100.0,2.5,92.55583126550869,1.6194449609520267,2577.324867248535,0.8006553649902344
1586,25756.706492923753,-0.2657354541122913,93.0,2.5,89.3575451097575,2.7166482658413944,2474.231481552124,1.425313949584961
1587,28603.105514088107,-0.20219279050827027,100.0,2.4999999999999996,97.22930674704382,1.119672258551587,2482.330083847046,0.8279609680175781
1588,25944.33526771346,-0.11501823008060455,100.0,2.4999999999999996,93.13669229886376,1.6087003727697151,2383.146047592163,0.3235797882080078
1589,22100.902954358997,-0.2305983203649521,89.0,2.5,80.98583569405099,1.520471747539266,2695.378541946411,0.4931659698486328
1590,24700.370532002114,-0.22569760143756867,90.0,2.5,91.79598356914651,3.006750879634566,2408.573627471924,1.0125656127929688
1591,26916.890976335137,-0.18569692313671113,98.0,2.4999999999999996,95.03913443830571,2.0798626019750968,2408.7483882904053,0.7680816650390625
1592,24852.79557001394,-0.22803193598985672,98.0,2.5,89.08703454463885,1.5845659869919593,2431.4448833465576,0.8181667327880859
1593,24919.93465355067,-0.2095009881258011,100.0,2.5,93.50382463751569,1.327205092939176,2537.4159812927246,0.3398418426513672
1594,18844.21615546808,-0.16904587626457215,82.0,2.5,75.02584721424469,0.6693417570221122,2421.2870597839355,0.19778060913085938
1595,24276.180958724453,-0.24231852799654008,96.0,2.5,83.42986939239069,1.6074528950465512,2544.659376144409,0.7186069488525391
1596,27844.33189524292,-0.2408660441637039,94.0,2.5,86.78399282591639,2.128923823913892,2443.9690113067627,0.051937103271484375
1597,22735.400091234667,-0.16294233113527298,95.0,2.5,81.49690489589196,1.808502265546823,2595.754384994507,0.3954944610595703
1598,24268.7941536599,-0.19757406696677207,98.0,2.5,90.62713019768235,0.988241926827814,2348.3476638793945,0.5922584533691406
1599,24085.77414963326,-0.21105866014957428,96.0,2.5,82.17922606924644,1.3554158257862579,2603.477954864502,0.3270988464355469
1600,9537.177421555796,-0.16422754064202308,46.0,2.5,43.123225440090856,0.7212703480913419,2467.0674800872803,0.9703140258789062
1601,25089.92897369023,-0.2210559555888176,100.0,2.5,92.73017319963537,2.4543030795996295,2515.6772136688232,0.1458892822265625
1602,23123.300369316155,-0.07969417244195938,99.0,2.5,90.07544979686594,0.8453268597190915,2518.7478065490723,0.1640605926513672
1603,25162.576118844976,-0.15477319285273552,99.0,2.5,87.16487935656836,1.982891550724383,2406.320095062256,0.10648918151855469
1604,26803.11237518446,-0.21233348146080971,96.0,2.4999999999999996,91.97836863452005,1.3488183019230118,2529.5164585113525,0.4651145935058594
1605,16644.731076367978,-0.07985985696315766,66.0,2.4999999999999996,60.48145588574061,0.8533305750930906,2607.3386669158936,0.9051380157470703
1606,23129.470218424794,-0.19233816355466843,97.0,2.5,88.4926512475789,1.557842543745856,2567.9807662963867,0.5166797637939453
1607,25788.882078457824,-0.21572252929210664,100.0,2.4999999999999996,90.33521483700035,1.2250533011778686,2529.024839401245,0.8390235900878906
1608,24302.477353314116,-0.24982236832380295,96.0,2.5,90.61032863849765,1.3005177256167026,2632.8656673431396,0.8304023742675781
1609,21615.159827335134,-0.17261846482753754,89.0,2.5,78.24053452115814,0.9248561525526487,2369.117498397827,1.3853282928466797
1610,27266.878171870252,-0.11620864510536194,99.0,2.5,98.05194805194806,1.2043849912460378,2471.3053703308105,0.8808917999267578
1611,26605.76690600665,-0.17202696174383164,100.0,2.5,91.52196118488254,1.5174740330837746,2514.3980979919434,0.47461509704589844
1612,25379.843793964534,-0.2844309382140636,100.0,2.4999999999999996,92.23034734917734,1.0202393752141499,2409.6128940582275,0.2024402618408203
1613,24651.93320277094,-0.1901274763047695,99.0,2.4999999999999996,92.73673492476524,1.8495111966175253,2481.95481300354,1.1451225280761719
1614,26810.950094288404,-0.26606481537222865,99.0,2.5,94.16421624066953,2.081079431656153,2526.7696380615234,0.3894004821777344
1615,24019.805221473714,-0.15092974677681922,97.0,2.5,87.3722461957756,1.587981381509991,2508.5484981536865,0.14637374877929688
1616,26019.533867099715,-0.2444133675098419,100.0,2.5,90.62781278127812,1.755134065634168,2405.630111694336,0.7641048431396484
1617,26046.91951728073,-0.12615923941135407,100.0,2.5,92.13495953493674,0.9769607362096977,2541.1932468414307,0.4380149841308594
1618,24990.58923233866,-0.14039140060544014,97.0,2.5,94.64326418965125,1.8709739339569913,2445.549726486206,1.3155803680419922
1619,24989.665780376014,-0.2102207826077938,100.0,2.4999999999999996,87.14059316278016,1.0672015603528526,2245.685338973999,0.7373466491699219
1620,25203.76020573406,-0.1499791446328163,98.0,2.5,95.83573653247203,1.5916986444449488,2573.309898376465,0.8664035797119141
1621,26886.65377337258,-0.2108153899013996,100.0,2.5,93.36978810663021,1.450527955784769,2321.701765060425,0.8496913909912109
1622,23716.295440346097,-0.15960403814911842,100.0,2.5,92.41051200724965,1.4169937305673073,2459.836721420288,1.213104248046875
1623,22969.99324105088,-0.21193113088607787,100.0,2.4999999999999996,90.6710872299074,1.3420509291121816,2493.858575820923,1.358804702758789
1624,25120.489759756598,-0.09754689365625381,89.0,2.4999999999999996,86.72445255474453,0.9265497714250713,2443.445920944214,0.6872482299804688
1625,25010.09156991023,-0.16928680658340453,99.0,2.4999999999999996,83.61192681274,0.8821469977157156,2371.0124492645264,0.18197059631347656
1626,23230.280051115704,-0.23670440912246704,95.0,2.5,87.15522215810732,0.6830838844413505,2466.59779548645,0.6594829559326172
1627,24639.459792555626,-0.255585717856884,100.0,2.5,94.68699468699468,1.7801176908048895,2355.0093173980713,0.5757331848144531
1628,22879.181148532523,-0.10084092393517494,85.0,2.5,83.24085607518967,1.604618753732829,2345.952272415161,0.49631309509277344
1629,25772.245243153127,-0.10326767817139626,100.0,2.5,91.87971618425499,1.4898220914006135,2525.3167152404785,0.8978710174560547
1630,27679.283272294982,-0.2065218085050583,100.0,2.5,96.05573659961793,1.8986157344660002,2449.5930671691895,0.15081405639648438
1631,23847.036260711462,-0.13272732123732567,93.0,2.5,84.79315923272475,1.6171253401301968,2576.333999633789,0.3784980773925781
1632,22367.97506851642,-0.2087960946559906,89.0,2.5,79.174047829938,0.7492232578783844,2350.001811981201,0.2517890930175781
1633,23703.816101288707,-0.15989196479320525,93.0,2.5,86.45821617365876,1.2466485646464127,2516.1638259887695,0.3550701141357422
1634,25949.931713811435,-0.22148051619529724,100.0,2.4999999999999996,88.72310895211658,2.2753397990954096,2344.238042831421,1.3126392364501953
1635,26698.24867836303,-0.10734128952026367,99.0,2.4999999999999996,93.21860041030317,1.8897999035396251,2491.1632537841797,1.0144119262695312
1636,24118.45308355162,-0.17072717532515524,96.0,2.5,85.76263537906136,1.7264080270595445,2563.232183456421,0.7933769226074219
1637,26377.54439791189,-0.1543591198325157,100.0,2.4999999999999996,92.36417033773861,1.8976868007338923,2476.1404991149902,0.6562061309814453
1638,25280.95352770927,-0.1437206372618675,100.0,2.5,91.31039277024678,1.5176695266155518,2578.3567428588867,0.2780799865722656
1639,26128.932487619466,-0.25524913862347604,100.0,2.5,93.98067295377808,1.5129837406379787,2479.7627925872803,0.4035911560058594
1640,24744.08702398245,-0.2020112119615078,100.0,2.5,92.63370332996973,0.9240769243973472,2450.0441551208496,0.36635398864746094
1641,15039.414818995892,-0.16734866052865982,56.99999999999999,2.5,56.040004494887064,0.6557820369806984,2538.6452674865723,0.49860191345214844
1642,23281.590315730144,-0.21136771887540817,94.0,2.5,82.08722741433021,1.5210036570267973,2505.470037460327,1.0072383880615234
1643,19235.07915104038,-0.2076716561615467,81.0,2.4999999999999996,75.05648441030276,1.2189303667845839,2421.2381839752197,0.29083824157714844
1644,26021.05723040822,-0.17008348062634468,96.0,2.4999999999999996,91.66666666666666,1.8611538573212159,2510.76340675354,0.9237937927246094
1645,25899.250417247415,-0.2205414417386055,100.0,2.4999999999999996,92.10017074558907,1.652869370001403,2532.860279083252,1.3997001647949219
1646,19823.666571025715,-0.19043132215738295,83.0,2.5,76.56160458452722,1.4188643272746295,2467.5509929656982,1.4245796203613281
1647,26031.51274068202,-0.18777185380458833,99.0,2.4999999999999996,89.38387540082455,1.7594391610139641,2474.2374420166016,0.11519813537597656
1648,23531.44369016928,-0.1275408647954464,92.0,2.5,84.68468468468468,1.8275281092046898,2455.0960063934326,0.338531494140625
1649,23755.007234437435,-0.21791055232286452,91.0,2.5,84.01440954632444,0.683959364767152,2500.5645751953125,0.1381511688232422
1650,23164.77954569332,-0.2729135927557945,100.0,2.4999999999999996,86.81642840934877,1.09526940512856,2343.583345413208,1.032876968383789
1651,22465.226848609058,-0.16398813515901567,100.0,2.5,89.65710443747199,1.6034449056560385,2516.178607940674,0.7373142242431641
1652,23618.51702440814,-0.162839428037405,88.0,2.5,85.05013673655424,1.9163184706084369,2431.105375289917,0.650909423828125
1653,25354.291516944773,-0.1612427067756653,100.0,2.4999999999999996,86.28010501084351,0.9020391206114518,2549.994945526123,0.028909683227539062
1654,26421.61314504772,-0.20105343759059907,100.0,2.4999999999999996,91.50392817059483,0.9059653032170208,2428.389549255371,0.4812202453613281
1655,21865.104478727688,-0.16131838977336885,85.0,2.5,77.03744493392071,1.133033678117347,2481.792688369751,0.09207344055175781
1656,22203.317599574788,-0.2501529470086098,86.0,2.5,80.08814555316985,1.1282747694222826,2457.5493335723877,0.4603080749511719
1657,27965.39394211032,-0.09212358087301255,100.0,2.5,93.59981515711645,1.6547136836814018,2442.073106765747,0.14844512939453125
1658,16265.717904934041,-0.16125980406999588,67.0,2.5,60.9885759529465,0.8180210141005395,2479.0613651275635,0.5872631072998047
1659,23528.12311362895,-0.27335321649909017,96.0,2.5,88.6527293844367,1.7281700312962136,2426.41544342041,0.43762969970703125
1660,26354.99985858065,-0.1471228277683258,100.0,2.5,93.37763519706691,1.772766184215748,2517.897844314575,0.8249092102050781
1661,25160.966663513776,-0.13926150530576706,99.0,2.5,86.23081296191017,1.6536094622905027,2449.456214904785,0.18082618713378906
1662,19707.256699305137,-0.21087001979351044,82.0,2.5,72.71506879964201,0.9399445915710344,2622.1923828125,1.68890380859375
1663,27629.126578958432,-0.1893994453549385,100.0,2.4999999999999996,97.35462067358117,1.7856315179606026,2477.692127227783,1.0765056610107422
1664,25366.985663781194,-0.2244805710017681,97.0,2.4999999999999996,85.51824166015844,1.7851030933918728,2300.3432750701904,0.23157882690429688
1665,24314.963626932386,-0.20686455339193344,91.0,2.5,85.08318345323741,0.7712112692728833,2377.6984214782715,0.5583553314208984
1666,26796.93751054377,-0.1832006675004959,100.0,2.4999999999999996,94.20756234915527,0.9271009775446161,2448.0056762695312,0.6987323760986328
1667,23240.746064377694,-0.216293905377388,97.0,2.5,82.45025709814442,1.4240117849251166,2560.0686073303223,0.040771484375
1668,24141.56285757365,-0.16731008678674697,93.0,2.5,84.12408759124088,1.3830900640340313,2519.6564197540283,1.071329116821289
1669,22792.79949411999,-0.1209973706305027,100.0,2.5,88.85245901639345,1.1463061916168333,2529.1662216186523,1.014923095703125
1670,23899.807683725918,-0.2281496338546276,100.0,2.5,91.57245632065776,1.4413391654701881,2629.080295562744,0.18068695068359375
1671,21689.195531707937,-0.2102461625635624,89.0,2.5,78.40508917414517,1.585816929552315,2551.4235496520996,1.1337394714355469
1672,24913.724858780173,-0.09566176071763038,100.0,2.5,89.43374858437146,1.6119512684024142,2483.3195209503174,0.1610870361328125
1673,26775.158898581023,-0.2633141702413559,98.0,2.4999999999999996,98.63731656184487,1.7989485019319695,2529.5066833496094,0.6422252655029297
1674,27344.333118595867,-0.1955537785589695,98.0,2.5,91.74646602827178,1.670727861709142,2423.0833053588867,1.0524120330810547
1675,25663.14538643193,-0.2247692508995533,100.0,2.4999999999999996,91.07445486385718,1.2032140248356464,2579.05912399292,0.6017112731933594
1676,21688.38260517245,-0.12958985537290574,96.0,2.5,83.62019833580302,2.0853025202051847,2517.5068378448486,0.2866687774658203
1677,23593.900367225015,-0.22205709010362626,96.0,2.5,87.24279835390946,1.4872738423796381,2451.1847496032715,0.74664306640625
1678,25374.996102628167,-0.21621358901262283,91.0,2.4999999999999996,83.08418568056648,1.2042712263738315,2508.5792541503906,0.18254661560058594
1679,25289.815083670568,-0.20156821995973587,98.0,2.5,94.12837760802645,1.4465340724577405,2447.843313217163,1.1231327056884766
1680,25246.144103271658,-0.22635281592607498,99.0,2.5,89.78917378917379,1.5778302153074937,2611.5691661834717,0.20228958129882812
1681,26652.524033408983,-0.24004560202360153,100.0,2.4999999999999996,92.04519516092216,1.9017812746789904,2473.10209274292,0.3344707489013672
1682,25822.88504981856,-0.21937542855739595,100.0,2.5,89.32920079698916,1.694445982612548,2528.0094146728516,0.8459453582763672
1683,27112.165817038895,-0.27686440587043765,100.0,2.5,97.30306776042252,1.5768777706328567,2446.2153911590576,0.34862709045410156
1684,25788.59330722898,-0.22372080743312836,98.0,2.4999999999999996,92.0797656602073,2.1233540605036874,2294.314384460449,0.2722339630126953
1685,19501.638839866053,-0.18440962582826614,76.0,2.4999999999999996,70.67652075042638,1.3296834572970506,2467.949151992798,0.5247821807861328
1686,24082.312714342257,-0.12306110844016076,100.0,2.5,85.00403737455301,1.5438965220404923,2546.316146850586,0.8030223846435547
1687,24589.891748653798,-0.19832074522972107,99.0,2.5,91.89032855159648,1.5688054882970137,2446.7175006866455,0.206695556640625
1688,18099.374141675937,-0.17861637741327285,75.0,2.5,68.75215245092411,0.8096292842154348,2518.1593894958496,1.0099010467529297
1689,25906.011622153826,-0.19261068269610404,98.0,2.5,91.50341685649202,1.531282822427439,2493.647336959839,0.49805259704589844
1690,27400.165586941508,-0.1688316735625267,99.0,2.4999999999999996,90.88248536695183,2.193814386152221,2463.4451866149902,1.5817737579345703
1691,27328.185731030982,-0.26253647446632383,98.0,2.4999999999999996,93.60331339162448,1.589114962357054,2619.196653366089,0.36159706115722656
1692,19914.81732050022,-0.20560086488723756,78.0,2.5,70.02770083102493,1.526239688879779,2514.9450302124023,0.6598167419433594
1693,24973.050240874058,-0.170042567551136,100.0,2.5,89.87398739873987,1.7388428998198444,2486.003637313843,0.36721229553222656
1694,21642.258843194522,-0.1740621091425419,98.0,2.5,84.25925925925925,1.3787791926526878,2328.953742980957,0.20750808715820312
1695,25846.055511378407,-0.1472361558675766,100.0,2.5,92.46304862913235,1.200236666384921,2575.883388519287,0.31455230712890625
1696,24923.614844649783,-0.1431952530145645,96.0,2.5,89.09778745844321,1.015439101322561,2476.54128074646,0.7610359191894531
1697,27067.968399671314,-0.20894249081611632,96.0,2.4999999999999996,89.84689766317486,1.302362898760354,2578.1989097595215,1.3432598114013672
1698,25863.869257438342,-0.19055399507284165,100.0,2.4999999999999996,92.9792568953727,1.994329295445962,2501.3132095336914,0.14704513549804688
1699,26444.914868641106,-0.2073085853457451,100.0,2.5,89.87010027347311,1.5159582423499147,2594.0773487091064,0.42835044860839844
1700,23566.849405764635,-0.20259691625833512,97.0,2.4999999999999996,85.62422604975797,2.079471597174969,2318.906784057617,0.7965641021728516
1701,20437.648415654356,-0.1260862432420254,76.0,2.4999999999999996,72.9145784608531,0.8512457950852386,2505.9964656829834,0.7821636199951172
1702,23581.639692963687,-0.24415986657142638,95.0,2.5,88.96169924302339,0.7353957431125034,2502.8586387634277,0.1768817901611328
1703,25255.96169847104,-0.22649381592869758,100.0,2.5,98.26642335766424,1.267364502303777,2539.565324783325,0.9210968017578125
1704,25599.84303576655,-0.19749147057533264,93.0,2.4999999999999996,86.57267539442766,1.2066554410799395,2548.5942363739014,0.5915794372558594
1705,24638.72676314438,-0.2344267748296261,100.0,2.4999999999999996,95.85216998191682,1.5943718729483147,2549.4303703308105,0.6112918853759766
1706,21147.097181576213,-0.19696477726101874,92.0,2.5,83.26420804842506,0.8679752384728923,2553.2054901123047,0.016872406005859375
1707,25716.368292978805,-0.15174466177821158,100.0,2.5,90.09835340921649,0.9743814320122619,2523.043155670166,0.6124019622802734
1708,22988.100912092534,-0.1740192386507988,100.0,2.4999999999999996,84.6248738364921,1.7628898698750686,2571.8753337860107,0.6133251190185547
1709,13021.563475690551,-0.18579027712345123,61.0,2.4999999999999996,49.710725411659986,0.6397431984899348,2337.1171951293945,1.0065631866455078
1710,26107.640065255568,-0.1647562338411808,99.0,2.5,92.66795498465386,0.9129929142637908,2541.1908626556396,0.7136497497558594
1711,22127.84706961241,-0.17734458699822425,88.0,2.4999999999999996,80.34120438368547,1.0861132660977502,2272.853374481201,0.09752082824707031
1712,24456.460478747693,-0.2556672057509422,94.0,2.5,84.75185528756958,1.207476741226706,2341.708183288574,1.1257572174072266
1713,28120.655517423762,-0.215217704474926,99.0,2.4999999999999996,91.15235709405603,1.2880473526171394,2542.877435684204,0.8258209228515625
1714,26787.930145322793,-0.18165690287947656,100.0,2.5,94.04406701859077,1.4265194205528127,2605.5848598480225,0.14225006103515625
1715,12808.623725087426,-0.1893005871772766,60.0,2.4999999999999996,50.71306332002282,0.8190877096915872,2405.771255493164,0.9123916625976562
1716,26257.468004173286,-0.184157627671957,99.0,2.5,90.39428124650955,1.8120884289746002,2369.7969913482666,1.568746566772461
1717,23675.481973019992,-0.17728774696588517,100.0,2.5,83.89508928571429,1.8582031419050504,2440.325975418091,1.1809158325195312
1718,22625.5976827589,-0.15322345435619356,86.0,2.4999999999999996,79.08788816317177,1.3988238970483793,2410.8636379241943,0.13563156127929688
1719,26052.65598763065,-0.18417180061340332,100.0,2.5,94.83115093039284,1.232287317516663,2301.6321659088135,0.31825828552246094
1720,25210.92247539422,-0.15887764513492583,100.0,2.5,94.87533034585776,1.5912807129630633,2571.0394382476807,0.6207675933837891
1721,24839.078683883745,-0.2070197819173336,99.0,2.5,86.13378684807256,1.0067267652038623,2512.3651027679443,0.3944416046142578
1722,26964.775271739407,-0.18743098720908166,94.0,2.5,90.08217301985849,1.4607346253245255,2598.9882946014404,0.687652587890625
1723,25238.9387957893,-0.21519432961940765,100.0,2.4999999999999996,95.19963074082621,1.3417615501278946,2490.2567863464355,0.032283782958984375
1724,25201.89829990127,-0.23512920290231704,100.0,2.4999999999999996,92.82657657657658,1.5071785145455672,2440.042495727539,0.11583328247070312
1725,28147.728063770843,-0.22157573714852333,100.0,2.4999999999999996,95.30232026517315,1.2553181807840192,2673.1557846069336,0.04296875
1726,23196.66518150752,-0.07876131802797318,100.0,2.5,81.81001571973951,1.5229617154371298,2492.7141666412354,0.5151443481445312
1727,26552.86227223551,-0.10750742584466934,100.0,2.5,91.15113547376664,1.7499464806204952,2534.3284606933594,0.3838615417480469
1728,26468.748794213603,-0.2688825698196888,97.0,2.4999999999999996,89.97265268915223,1.5412404200006753,2489.5403385162354,0.7117462158203125
1729,28205.12962212151,-0.2295168599486351,99.0,2.4999999999999996,97.60852317805735,1.5853581788119253,2448.838949203491,0.11012840270996094
1730,18854.676328680318,-0.2188269840180874,77.0,2.5,71.41742812569646,1.6626503106116568,2436.8088245391846,0.18312454223632812
1731,22288.89042408683,-0.18338195517659187,91.0,2.5,82.89321287931433,1.2015092347651868,2483.80446434021,0.045719146728515625
1732,25296.2072554936,-0.2309086139500141,98.0,2.5,95.05737984319964,1.746618689925437,2571.5348720550537,0.17348861694335938
1733,27343.00819081034,-0.22871136724948882,100.0,2.4999999999999996,98.21717990275528,1.6695527885434707,2554.7120571136475,1.1561965942382812
1734,23312.30171003581,-0.19074270620942116,96.0,2.5,90.77878103837472,2.503273166746864,2466.3186073303223,0.31003761291503906
1735,19656.103603952062,-0.2205789329111576,74.0,2.5,67.47041750390711,1.2903548893266117,2511.8625164031982,1.2772235870361328
1736,25539.007485506936,-0.21205553278326988,100.0,2.5,91.4567733151804,1.680014075793608,2340.9392833709717,0.3513221740722656
1737,28594.629370183917,-0.20322815358638763,99.0,2.4999999999999996,95.66750056856948,2.486777506344425,2557.1866035461426,0.6546707153320312
1738,26231.304793036637,-0.2722911009192467,98.0,2.5,89.51064793837789,0.9571655512160993,2424.6208667755127,0.18868637084960938
1739,24377.098130890772,-0.14577773630619048,100.0,2.5,87.70343580470163,1.3620911429621463,2405.3702354431152,0.4065666198730469
1740,25872.304963246243,-0.08059044420719147,100.0,2.5,88.14931414436698,1.6695080005981755,2468.4484004974365,0.7147197723388672
1741,25152.134205725193,-0.2589908516407013,100.0,2.4999999999999996,89.58812701334561,2.1507565753113855,2594.172239303589,1.0698413848876953
1742,23040.85718088882,-0.18643807590007783,91.0,2.5,84.02475360990145,1.7050233198256746,2517.3630714416504,0.16459083557128906
1743,26865.82838271354,-0.1561694100499153,100.0,2.5,93.7591859807801,1.2915118320095338,2569.9942111968994,0.47006988525390625
1744,27721.461037883935,-0.15962424889206886,99.0,2.5,92.63436528944644,1.6291262704665945,2598.1740951538086,0.9021739959716797
1745,27918.81631272877,-0.1384748087823391,98.0,2.4999999999999996,92.53919212724568,1.770021251529039,2416.100025177002,0.7397861480712891
1746,26284.231578994004,-0.23749563679099084,98.0,2.5,96.19321449108683,1.5019140891049578,2459.559917449951,0.1150360107421875
1747,23105.151214141908,-0.23789695277810097,86.0,2.4999999999999996,78.90607487110513,1.1372941497588935,2541.628360748291,0.8984375
1748,24911.474559449543,-0.21146683424711227,96.0,2.5,88.86426592797784,2.0920971120092036,2511.8606090545654,0.4177265167236328
1749,26562.112403888845,-0.21923256158828736,100.0,2.5,94.90299621168637,1.5457425720207605,2455.5788040161133,0.4420585632324219
1750,27936.74332381878,-0.20765078634023668,100.0,2.5,90.67596445844111,1.208528938273273,2634.514808654785,0.08209991455078125
1751,25986.539435950806,-0.2227075995504856,100.0,2.5,92.07555862704446,1.5295954294824952,2455.190420150757,0.0420684814453125
1752,26995.29638274939,-0.1588304677605629,95.0,2.5,93.22243452849276,1.7927472039454464,2394.270896911621,1.0972423553466797
1753,24018.194223888248,-0.15577809154987335,100.0,2.5,87.96481852594077,1.2990539739191638,2644.481897354126,0.28528404235839844
1754,26338.42102713329,-0.17137396797537804,100.0,2.5,93.05067452669765,1.005342342447658,2577.2864818573,0.2887611389160156
1755,27864.06194237867,-0.2029591354727745,100.0,2.5,97.39209657214441,1.4843786814947457,2522.6402282714844,0.6949844360351562
1756,27400.581089726023,-0.22466321811079978,100.0,2.5,88.34106072599796,1.9707468185845123,2481.6863536834717,1.158792495727539
1757,24449.801191668976,-0.19670416921377182,98.0,2.5,92.30243680255067,1.9982298474945532,2376.3227462768555,0.5356101989746094
1758,19705.1827971537,-0.24803589880466462,84.0,2.5,74.8989218328841,1.6883729815374586,2460.8283042907715,0.4160480499267578
1759,28513.495636122305,-0.2066935643553734,100.0,2.5,95.10070151618012,1.7597827458378643,2579.413414001465,0.10313224792480469
1760,13516.515733237437,-0.1778193524479866,64.0,2.4999999999999996,58.465397332117206,1.469280240831965,2495.7613945007324,0.5929069519042969
1761,12959.684296344265,-0.15962066799402236,60.0,2.4999999999999996,53.029110936270655,0.3447098785121516,2304.217576980591,1.618356704711914
1762,27321.678108930166,-0.21601419568061828,98.0,2.4999999999999996,89.88927413041047,1.6969214001945367,2448.0416774749756,0.16315650939941406
1763,24960.792265549455,-0.15875909373164176,98.0,2.4999999999999996,89.39756291994078,1.2781174929023804,2379.622220993042,0.6270351409912109
1764,23351.65788948047,-0.21980676800012589,100.0,2.5,94.09127485917922,1.4406952667036077,2304.9371242523193,0.6974658966064453
1765,26156.102752454266,-0.1309891411662102,98.0,2.5,92.17381281696633,1.8974653927552338,2288.0992889404297,1.129903793334961
1766,26416.022676557706,-0.22131131798028947,99.0,2.4999999999999996,91.01897876186172,1.4420938586987513,2432.4941635131836,0.8769569396972656
1767,25958.206106344685,-0.14459957763552667,97.0,2.5,94.20539300057372,1.7720952455833703,2398.207902908325,0.5960540771484375
1768,25750.155227182568,-0.1539012548327446,100.0,2.5,94.15096520633452,0.72447614801605,2642.7345275878906,0.37131500244140625
1769,22985.540664820743,-0.23817473724484445,100.0,2.5,91.02373036799266,1.1537285198065226,2452.4266719818115,1.0123748779296875
1770,28481.134935820897,-0.13985140845179558,100.0,2.4999999999999996,94.68048752705319,1.5631877609774087,2519.3161964416504,0.2448139190673828
1771,25766.13425374224,-0.17767779469490053,97.0,2.5,90.06294964028777,0.8499359752176564,2539.8547649383545,0.178497314453125
1772,27279.223413982472,-0.2201896259188652,99.0,2.5,94.69138645785353,1.3035175601250935,2377.5670528411865,0.037921905517578125
1773,21637.0878780453,-0.20490117847919465,84.0,2.5,77.5695753409469,1.247916198673461,2530.3874015808105,0.4007606506347656
1774,24948.129403315426,-0.19661625653505324,100.0,2.4999999999999996,91.32393715341959,1.2143720849887718,2570.601463317871,0.09243392944335938
1775,25524.217991449765,-0.21686045512557028,100.0,2.4999999999999996,91.95627157652474,2.1709690313266234,2564.761161804199,0.6018772125244141
1776,26731.214788703724,-0.22331361338496208,99.0,2.4999999999999996,95.98122280741929,1.4387900126917657,2417.3262119293213,0.11902809143066406
1777,25562.180483904314,-0.23923528134822847,99.0,2.4999999999999996,88.86104783599089,1.1850724053106696,2593.3170318603516,0.5059700012207031
1778,26622.190369965185,-0.1517105858027935,97.0,2.4999999999999996,88.96753173800697,1.7290951201980673,2460.700035095215,0.7351741790771484
1779,25252.853350387217,-0.21205614015460014,94.0,2.5,91.58432708688245,2.360351983308008,2524.5492458343506,0.095611572265625
1780,24304.032956081443,-0.16676383703947067,100.0,2.5,87.93394000674081,1.0684066261470624,2415.4999256134033,1.2318458557128906
1781,26305.912216320274,-0.24007062822580338,99.0,2.5,97.7843764275925,1.3866717629336511,2279.4718742370605,0.3459644317626953
1782,26741.614485505215,-0.17495355606079102,100.0,2.5,94.46224256292906,1.5280426664230324,2397.2859382629395,0.4290122985839844
1783,25089.50610208766,-0.18933460235595703,100.0,2.5,94.42645698427383,1.7659118441897308,2487.4119758605957,0.41545677185058594
1784,26437.748183721364,-0.18804238691926004,100.0,2.5,90.18654607122669,2.220877150308015,2339.4901752471924,0.3093299865722656
1785,24462.56721072588,-0.17603647977113723,100.0,2.5,95.44556756128732,1.776231351631401,2471.303939819336,0.7142620086669922
1786,20108.946886290825,-0.19592465385794638,86.0,2.5,76.77015858834041,2.283130357588704,2336.3707065582275,0.9278831481933594
1787,26444.397886917406,-0.1932616713643074,100.0,2.4999999999999996,94.71246186871541,1.4074668896026754,2610.236406326294,0.6738357543945312
1788,19205.74057487958,-0.2102675297856331,79.0,2.5,67.64063039226964,0.5179046201936663,2431.720495223999,0.5543346405029297
1789,22777.13605361289,-0.14333205163478852,88.0,2.5,79.5221843003413,1.1440363279721983,2614.7210597991943,0.6695537567138672
1790,26412.952571847367,-0.23276135832071304,100.0,2.5,90.58202222466718,2.1132342772334,2563.2965564727783,1.100189208984375
1791,25253.418989396338,-0.2147723150253296,96.0,2.4999999999999996,88.88122341037139,1.7544579287551785,2435.9962940216064,0.16267013549804688
1792,26888.000058732858,-0.15906807005405427,97.0,2.5,92.4715428829032,1.6743006049752613,2439.3057823181152,0.6173954010009766
1793,26806.343249570935,-0.1807444164156914,100.0,2.5,92.1564220698955,1.8195598309284362,2610.7490062713623,0.35997962951660156
1794,24633.053263906797,-0.1654432687163353,100.0,2.4999999999999996,89.90784445942909,1.9401657120613913,2615.710735321045,0.3014202117919922
1795,17086.18232589344,-0.18479034721851348,76.0,2.5,66.71471338285842,1.4456467182593877,2619.7805404663086,0.6397113800048828
1796,23372.758077971128,-0.16038645058870316,91.0,2.5,81.5854480125758,1.837198613716259,2326.3099193573,0.9406719207763672
1797,27337.318194391835,-0.20851332873106002,96.0,2.5,93.32500851401974,1.559274881091268,2337.2366428375244,0.9596042633056641
1798,22521.750547157808,-0.24482838213443756,93.0,2.5,85.5942929467265,1.7706226118228814,2364.4936084747314,0.06084251403808594
1799,22129.165762751014,-0.2055289052426815,94.0,2.5,85.62983174170077,1.0408608575498424,2458.4155082702637,1.4873523712158203
1800,25294.8552377103,-0.19875460505485534,95.0,2.4999999999999996,90.57803468208093,1.3153130727976283,2413.0337238311768,0.21798324584960938
1801,25856.690040355596,-0.25083550706505775,98.0,2.5,92.91365280289331,1.1672218064228623,2540.6625270843506,0.7391433715820312
1802,28805.222933936566,-0.19952242329716682,99.0,2.5,98.58705560619873,1.7711102742382425,2469.414234161377,0.4766387939453125
1803,18888.439897219596,-0.20464214727282523,79.0,2.5,70.92255125284737,0.9216184411670901,2341.355562210083,0.2973365783691406
1804,21080.504001995097,-0.21410751581192017,79.0,2.4999999999999996,74.91521591679854,1.838948593794814,2459.9483013153076,0.6635036468505859
1805,25103.41936099865,-0.1775580683350563,100.0,2.5,89.58521190261497,0.7611993731989741,2559.3059062957764,0.2375030517578125
1806,22844.833675631373,-0.22062369480729102,98.0,2.4999999999999996,88.66332116788321,1.9444550559651603,2496.539354324341,0.42607688903808594
1807,23102.77177552737,-0.23818373173475266,89.0,2.5,84.7417037290455,1.3881362055728672,2624.9747276306152,0.7260074615478516
1808,26930.094940227675,-0.1820016573369503,99.0,2.4999999999999996,93.8956462430374,1.9194274870247159,2477.264642715454,0.6933879852294922
1809,23476.811634966274,-0.12412680581212043,89.0,2.5,87.36353077816491,1.5675573848164999,2443.882465362549,0.5766716003417969
1810,24338.238065107584,-0.23875180065631865,91.0,2.5,89.94488808907884,1.423827477510381,2596.050024032593,0.03912544250488281
1811,23743.721275618107,-0.2520801863074303,98.0,2.5,91.53997911105954,2.1422142214221425,2382.594347000122,1.4580230712890625
1812,25037.657543540096,-0.1711978468298912,99.0,2.4999999999999996,89.36914569461686,0.9951733216322948,2459.0883255004883,0.36934852600097656
1813,22953.38424404353,-0.18579650461673736,100.0,2.4999999999999996,89.48814840261079,1.6374262458434565,2345.601797103882,0.6018009185791016
1814,26394.38484635706,-0.10668777018785476,98.0,2.5,98.04054054054055,1.3145539906103285,2463.2534980773926,0.5650901794433594
1815,24795.8371581394,-0.24461207762360573,100.0,2.4999999999999996,87.05083991545222,1.101809163989814,2514.697551727295,1.1424560546875
1816,24228.753046600657,-0.18717073380947113,97.0,2.5,86.25498007968127,1.3628716922797126,2460.308313369751,0.6324863433837891
1817,26255.821234679035,-0.172024677246809,92.0,2.4999999999999996,88.73477672530447,1.7352396111015265,2551.067352294922,0.09439659118652344
1818,26269.197861763307,-0.15611682668328286,99.0,2.4999999999999996,93.85227272727272,1.295549288178253,2515.3839588165283,0.11287498474121094
1819,23311.174090542852,-0.2100992827117443,94.0,2.5,85.91218858228132,1.4750514552833238,2475.4788875579834,0.07063484191894531
1820,25524.474113284356,-0.21550798535346985,100.0,2.4999999999999996,95.09702606499025,2.626442776861729,2655.944585800171,0.11739540100097656
1821,24491.127381621744,-0.120998445302248,100.0,2.5,91.03189919400613,2.0337016636817267,2399.078607559204,0.2235584259033203
1822,25913.812119151647,-0.22690925538539886,100.0,2.5,91.60253508374831,1.6636539431646207,2433.4914684295654,0.06538009643554688
1823,24473.52521265272,-0.2513041767477989,92.0,2.5,86.36156648451731,1.3584474885844748,2609.614133834839,0.5324020385742188
1824,19665.045010727394,-0.1940310338139534,76.0,2.5,69.90595611285266,1.3288695483554527,2247.0340728759766,0.06904411315917969
1825,25044.62706431617,-0.24147204980254172,98.0,2.4999999999999996,93.5376492194674,1.4459907368790745,2327.738046646118,0.08443260192871094
1826,21950.94025919607,-0.17921390026807785,87.0,2.5,78.15247634947134,1.3932186429588578,2348.604202270508,0.7902336120605469
1827,21262.80004709624,-0.19363232284784318,85.0,2.5,77.77902285970417,1.800757270242416,2459.6638679504395,0.7142562866210938
1828,24766.977864692628,-0.25883958354592324,98.0,2.4999999999999996,91.11812443642921,2.3150023728774323,2440.765619277954,0.4001579284667969
1829,24869.550347038108,-0.29256565004587176,96.0,2.4999999999999996,93.44933469805528,2.1815859548287406,2624.870538711548,0.6555671691894531
1830,21910.991681239942,-0.20432463258504868,91.0,2.5,83.60986547085201,1.993539978466595,2331.8159580230713,0.7298774719238281
1831,22859.968351025727,-0.1865950956940651,91.0,2.5,82.43879472693033,1.00821361031923,2338.954210281372,0.7970962524414062
1832,24670.130014687642,-0.12863088488578797,94.0,2.5,88.25499609244166,1.8402344543423381,2364.8338317871094,0.44526100158691406
1833,23137.025598270753,-0.11829364001750946,94.0,2.5,84.8425423924328,1.7177365495851398,2459.3100547790527,0.8284339904785156
1834,24101.516055620672,-0.07152623802423477,100.0,2.5,88.75793291024479,1.4058006829618979,2377.1839141845703,0.8620204925537109
1835,21381.587803267834,-0.19677206590771676,84.0,2.5,80.05255341025934,1.9266240643556698,2568.7942504882812,0.2052326202392578
1836,26996.740711111896,-0.1898574697971344,100.0,2.5,95.27730131503716,0.7909119523850402,2457.117795944214,0.5656642913818359
1837,25491.794313917075,-0.16338983923196793,100.0,2.5,93.1478736746095,1.4808315188543326,2510.598659515381,0.3816184997558594
1838,17255.875839637556,-0.21514265060424806,73.0,2.5,64.12884333821376,0.9121220250641935,2544.6367263793945,0.8394832611083984
1839,26291.595125466847,-0.16049087643623353,98.0,2.5,89.21319796954315,1.3513290815906132,2576.402425765991,0.22663116455078125
1840,24965.820368454064,-0.1153493244946003,100.0,2.5,96.55330356120463,1.0388057681353944,2382.7550411224365,1.1644706726074219
1841,27399.68741095154,-0.21910606801509858,100.0,2.5,95.71118968860499,1.2259851150983672,2532.5000286102295,0.026193618774414062
1842,24197.18393942568,-0.25748080492019654,100.0,2.4999999999999996,88.32918270319222,1.6737625349403553,2539.7777557373047,0.17186927795410156
1843,23917.386586129865,-0.21355359464883805,99.0,2.5,87.70648387459265,2.1487105966477285,2517.488956451416,0.6616554260253906
1844,26844.95884836274,-0.17654716312885285,100.0,2.4999999999999996,98.20304452329175,1.2123516242132388,2515.0132179260254,0.1298980712890625
1845,27325.180375758522,-0.11736883983016014,100.0,2.5,97.29423751839693,1.29724009246108,2509.6235275268555,0.2025012969970703
1846,26382.476606686327,-0.04876118823885918,98.0,2.5,90.09417509591908,1.0921583373213921,2341.714859008789,0.7838191986083984
1847,24127.94797386028,-0.15187506556510924,100.0,2.5,83.82698111098692,1.3510990409912584,2604.342222213745,0.42778968811035156
1848,27885.671933077425,-0.19106532543897628,100.0,2.4999999999999996,96.87145771933801,1.8055093011085206,2245.6393241882324,0.5422210693359375
1849,25134.956092650107,-0.1714005219936371,95.0,2.5,95.84664536741214,1.6767448301329393,2434.4961643218994,0.20862770080566406
1850,23353.677724939644,-0.22530200451612473,95.0,2.5,87.38576102899695,1.5795737961805536,2479.010581970215,0.15625953674316406
1851,28437.533248743515,-0.26245112627744677,97.0,2.5,98.21972358866246,1.2828046587610327,2242.082357406616,1.4405994415283203
1852,26280.544824977333,-0.1605793009698391,92.0,2.5,89.29306794783803,1.643835616438356,2401.8173217773438,0.030405044555664062
1853,25972.70387069442,-0.21331480994820595,99.0,2.4999999999999996,90.90805514412669,1.77225715919131,2216.250419616699,0.30008506774902344
1854,24578.526373107106,-0.17058579221367837,98.0,2.5,93.41895885428507,0.6331876522882607,2207.6592445373535,0.2692394256591797
1855,20458.66050380429,-0.2328603047132492,85.0,2.5,78.03149606299212,2.1856761418681034,2464.256525039673,0.14449119567871094
1856,24563.26847177031,-0.1575731524825096,98.0,2.4999999999999996,89.75386376645679,2.0749008426199618,2507.3254108428955,0.3415050506591797
1857,27777.867719285474,-0.223159814029932,98.0,2.4999999999999996,92.33234149691005,2.4555820737204987,2262.188673019409,0.2023029327392578
1858,25577.161214695705,-0.10275107070803642,100.0,2.5,93.93026757789876,1.3835589340718344,2498.3372688293457,1.046142578125
1859,27920.471854898446,-0.1996782812476158,100.0,2.5,96.29334849346219,1.1109868604976239,2591.6733741760254,0.7825260162353516
1860,21884.950507280417,-0.19126628324389458,90.0,2.5,81.71364148816235,2.2792467670668795,2618.1588172912598,0.35758018493652344
1861,17846.772102154806,-0.18528921604156495,76.0,2.5,67.69720390997954,1.2037329773656047,2464.4460678100586,0.11514854431152344
1862,15059.101695330715,-0.22558184906840326,71.0,2.4999999999999996,58.74047512326312,0.6494484612532443,2480.017900466919,0.7646980285644531
1863,21541.497938084132,-0.17924904242157935,90.0,2.4999999999999996,78.47342326761213,1.8600720983698305,2422.5075244903564,0.7567615509033203
1864,25208.335757700504,-0.2567378360033035,93.0,2.5,87.05813953488372,1.1232781210183427,2374.7501373291016,0.532196044921875
1865,23780.759904555678,-0.12305321305990219,99.0,2.5,87.49858324832823,1.7201566016504126,2454.648733139038,0.20457839965820312
1866,25929.805063388874,-0.1975190296769142,98.0,2.5,93.12714776632302,1.2292791953808901,2669.001817703247,0.33713340759277344
1867,25481.663605527876,-0.1639811120927334,100.0,2.4999999999999996,85.7606627112952,1.2667709457822034,2442.2996044158936,0.5809288024902344
1868,22405.276116149053,-0.1257617664337158,98.0,2.5,85.81314878892734,1.6659347263313609,2616.503953933716,1.0146541595458984
1869,26609.809256912453,-0.13196008086204528,100.0,2.5,94.03271291596165,1.4847968172776358,2497.5085258483887,0.06644821166992188
1870,26790.545689305276,-0.18716445684432984,99.0,2.5,93.55360443622921,1.685601274192316,2614.2735481262207,0.23126602172851562
1871,26413.62110365396,-0.23263565823435783,96.0,2.4999999999999996,93.84137216530448,1.747282005768804,2518.9201831817627,1.167001724243164
1872,25141.976249611293,-0.2028740330040455,100.0,2.5,88.18407960199005,1.5849377725773857,2548.144578933716,0.18032264709472656
1873,17383.107091402093,-0.230784183293581,71.0,2.5,66.90124858115777,1.0016193139997056,2497.5152015686035,0.3715248107910156
1874,23718.05599515491,-0.18729859858751297,87.0,2.4999999999999996,83.75508359692725,1.9351049772426958,2606.337547302246,0.7938938140869141
1875,23278.358218450165,-0.23638704150915146,100.0,2.5,86.49077114709546,1.5717710881305853,2387.909173965454,0.8722743988037109
1876,22767.022745381182,-0.15168329685926438,90.0,2.5,80.30629608621668,1.3172649119210966,2402.9462337493896,0.9454421997070312
1877,20235.982091508795,-0.2106869775056839,88.0,2.5,80.82758620689656,1.7327513521884517,2508.030414581299,0.5016822814941406
1878,22962.480059656093,-0.1936950372159481,98.0,2.4999999999999996,92.21330275229359,1.1333755487104633,2572.6029872894287,0.15445899963378906
1879,14933.57534411077,-0.2047687888145447,67.0,2.5,61.98757763975156,0.939461500902989,2444.8952674865723,1.1006851196289062
1880,27254.4057207945,-0.2591411218047142,98.0,2.5,93.61015251029723,1.4028475711892796,2590.3241634368896,0.9625186920166016
1881,25697.083825616144,-0.18410338163375856,100.0,2.5,95.51544050862853,1.4415370619070311,2404.672384262085,0.42877197265625
1882,23872.008044605685,-0.1610182525217533,93.0,2.5,81.73746909417846,1.0323741007194245,2536.2095832824707,0.6028957366943359
1883,22990.28610083497,-0.17282748579978943,93.0,2.5,86.6674244146397,1.8498888698922893,2536.8120670318604,0.9550704956054688
1884,18478.128521789888,-0.16974782273173333,77.0,2.5,73.36358479863868,0.8768561554729005,2481.3919067382812,1.3093299865722656
1885,24290.73523918806,-0.23746100202202797,93.0,2.5,83.13348416289593,0.9878502032211088,2604.365825653076,1.0545120239257812
1886,27058.69913718485,-0.22977673918008804,98.0,2.5,97.56125356125355,1.266703863087708,2533.2696437835693,1.019927978515625
1887,25853.97224816258,-0.19968209475278853,100.0,2.5,94.95827538247566,1.6381603081438003,2493.4356212615967,1.3152694702148438
1888,26175.910165192287,-0.16353670313954352,100.0,2.4999999999999996,91.47358665430954,1.517477893462741,2405.9348106384277,0.09928703308105469
1889,26145.106719914973,-0.1952337920665741,100.0,2.5,90.97821152973218,1.529922156932074,2487.5001907348633,0.0032444000244140625
1890,26284.50607354035,-0.18520550638437272,100.0,2.5,95.5082478823005,1.597557272512568,2382.9894065856934,0.3638134002685547
1891,28107.103154644217,-0.11947955533862115,100.0,2.5,95.26972855343031,2.077275595845449,2396.580934524536,1.1137199401855469
1892,24897.534532378562,-0.09761737883090973,90.0,2.5,87.55364806866953,1.6627970105462568,2356.6651344299316,0.1985645294189453
1893,21233.188890352052,-0.18472169756889342,98.0,2.5,83.94448832223851,1.3312627367667518,2509.784936904907,1.6564064025878906
1894,22881.220087670914,-0.15333960607647895,100.0,2.5,92.50028712530148,1.637603006746504,2469.9721336364746,0.8053512573242188
1895,28028.82177635464,-0.14383226066827773,98.0,2.5,92.34584601510541,2.624759476477842,2371.6776371002197,0.7453479766845703
1896,23100.872997965518,-0.20731791943311692,100.0,2.4999999999999996,90.76746849942727,1.8542804885937931,2512.042999267578,0.877838134765625
1897,26780.05169102725,-0.25119652062654496,100.0,2.4999999999999996,92.23981900452489,1.3659947265458876,2391.2508487701416,0.07567977905273438
1898,24243.856724823607,-0.18001728236675263,98.0,2.5,87.2156138122185,2.5931373417684136,2457.855224609375,0.11945915222167969
1899,26000.01762639305,-0.21320610299706458,100.0,2.4999999999999996,91.91627153926217,0.9298050736119178,2625.77748298645,0.3365478515625
1900,18365.12271749438,-0.251008897125721,82.0,2.5,74.64572508266414,1.4041271431944757,2405.1778316497803,0.9019947052001953
1901,26206.973596475622,-0.2255784599483013,96.0,2.5,91.91667610098494,2.361350972205921,2463.6807441711426,0.8178806304931641
1902,28596.502577461866,-0.1534728679060936,100.0,2.4999999999999996,96.5634956759217,1.7044203696193732,2537.9018783569336,0.9288482666015625
1903,25578.978840857413,-0.24548488974571228,100.0,2.4999999999999996,90.13574660633485,0.9802208456166259,2445.0154304504395,0.17115402221679688
1904,26741.424825806178,-0.16815632730722427,100.0,2.5,95.44185007261758,1.0486771458141542,2482.888698577881,0.3407611846923828
1905,13908.32682034473,-0.24523508310317993,62.0,2.5,57.53440236551802,0.952905416713907,2546.0968017578125,0.008672714233398438
1906,25627.94450240931,-0.22011291474103928,100.0,2.4999999999999996,96.77493665054135,1.9150962454186027,2439.145565032959,0.4001140594482422
1907,26323.6256880261,-0.20454122945666314,98.0,2.5,90.80590238365494,1.6250642600102818,2539.6480560302734,0.5953598022460938
1908,25171.609689322344,-0.12572248101234437,95.0,2.5,86.20059401416495,1.5399024980511247,2381.098985671997,0.6838245391845703
1909,25665.45231594972,-0.13174130722880364,98.0,2.5,87.11747851002866,2.434127095956038,2458.0299854278564,0.045017242431640625
1910,26900.782872690586,-0.19115917697548868,100.0,2.5,89.27487352445193,2.0415738678544915,2500.908374786377,0.6518306732177734
1911,23447.37136759231,-0.17365946829319,96.0,2.5,85.49893126335921,1.3128947166796185,2422.0263957977295,0.13824844360351562
1912,23366.005409397098,-0.2105012685060501,97.0,2.5,85.43342269883824,1.1222517584778187,2434.434652328491,0.1834545135498047
1913,26019.23729633947,-0.1636897239089012,100.0,2.5,92.24586823635951,1.8243440191578986,2514.7271156311035,0.47719764709472656
1914,25722.881779855095,-0.13377591729164123,99.0,2.5,92.84253578732107,1.3258658132357983,2544.9564456939697,1.2671546936035156
1915,25993.325504307642,-0.16198792383074762,100.0,2.4999999999999996,90.42683606374679,1.336843449911414,2522.0372676849365,0.9256038665771484
1916,20971.979105542727,-0.14918735712766648,84.0,2.5,76.95519693036903,1.0747320027650074,2437.7739429473877,0.4194183349609375
1917,25754.850224246602,-0.22748190715909003,100.0,2.5,87.22758930577398,1.4431097764431098,2341.999053955078,0.20767784118652344
1918,23506.63414844458,-0.2599584002792835,96.0,2.5,96.01785101270168,2.076530612244898,2413.5804176330566,0.7385520935058594
1919,28991.553035071556,-0.23894832119345666,96.0,2.5,90.18293375752755,1.2023620913149935,2364.8135662078857,0.11248779296875
1920,20766.519849570515,-0.21021684274077415,87.0,2.4999999999999996,75.99683723031741,1.026142965395302,2512.1910572052,0.4858245849609375
1921,24731.74112995537,-0.16904611587524415,100.0,2.5,93.95030190431956,1.8302289208019338,2467.1010971069336,1.2542839050292969
1922,25058.04453723576,-0.20688947901129723,100.0,2.4999999999999996,89.054441260745,1.281251804376696,2459.2831134796143,0.4205474853515625
1923,27626.182206127152,-0.19710596680641174,100.0,2.4999999999999996,98.0081065431384,2.3774258257137526,2502.3698806762695,0.4426422119140625
1924,23043.666364655055,-0.15044510006904602,99.0,2.5,89.75151723348219,1.7414187917371027,2458.23073387146,0.4759654998779297
1925,24422.887461446313,-0.21729517698287965,89.0,2.5,82.96304566261024,1.297828101340204,2587.764263153076,0.09135246276855469
1926,24598.80474016466,-0.19753384679555894,100.0,2.4999999999999996,92.35030645921735,1.689776733254994,2510.725259780884,0.3180122375488281
1927,27637.411480082603,-0.24190326750278474,100.0,2.4999999999999996,98.504757589488,1.9253837098366966,2490.299701690674,0.6957683563232422
1928,21281.791587257783,-0.14716586083173752,87.0,2.5,77.53218639626296,1.4165631589589531,2467.089891433716,0.5882377624511719
1929,24580.876801119346,-0.2153848011791706,97.0,2.5,84.82263134261339,0.8894825087385263,2529.102325439453,0.5230216979980469
1930,25773.167251058596,-0.18777927234768868,100.0,2.4999999999999996,94.78662053056517,1.2474618862251938,2516.763687133789,0.7976779937744141
1931,27243.079818896822,-0.2540465435385704,100.0,2.5,93.27893006913747,1.9399577649677529,2615.021228790283,0.35285186767578125
1932,16328.886558731756,-0.21806269466876985,68.0,2.5,58.86189833558254,1.2287672086920542,2402.458667755127,0.8088665008544922
1933,24133.256962803327,-0.1610039147734642,95.0,2.4999999999999996,88.50781513549984,2.2491953309807267,2463.815927505493,0.6639919281005859
1934,27719.525364939505,-0.23491848647594452,100.0,2.4999999999999996,93.07422890068919,1.0577267837934743,2441.969394683838,1.3889446258544922
1935,23630.93750953821,-0.18756192773580552,98.0,2.4999999999999996,88.55470095281828,1.7316596477349404,2557.5833320617676,1.1503582000732422
1936,25143.85615838233,-0.20408903136849404,100.0,2.4999999999999996,89.82766338406446,2.2334757918154673,2377.5925636291504,0.19546890258789062
1937,25802.54309219481,-0.16996008083224295,99.0,2.5,91.08092812676854,1.5147592666102874,2419.888734817505,0.4055824279785156
1938,25808.699008482476,-0.1648316940665245,100.0,2.5,89.78285714285714,1.9849056603773583,2566.6463375091553,0.3246784210205078
1939,21386.619663683017,-0.22842163771390914,90.0,2.5,80.40502319266885,0.9471846606785852,2436.906099319458,0.3277263641357422
1940,25560.386263207776,-0.13494424879550934,98.0,2.4999999999999996,86.09730729226858,1.8144525086778163,2608.6528301239014,0.8837127685546875
1941,23205.76732645877,-0.10472590982913971,93.0,2.5,86.84941013185288,1.9507077945804505,2577.6543617248535,0.2671031951904297
1942,22786.196662707385,-0.2192187687754631,97.0,2.5,86.09613656783468,1.0933747704478034,2420.8638668060303,0.1687755584716797
1943,21384.12972207398,-0.2580228191614151,95.0,2.5,81.57894736842105,1.4097207079249643,2537.7283096313477,1.7987308502197266
1944,25960.47491032918,-0.2032429061830044,99.0,2.5,90.98933853032214,1.6180618731297596,2505.6610107421875,0.5902576446533203
1945,23592.919943977333,-0.17841026663780213,90.0,2.4999999999999996,82.57913508693714,1.3591294376868945,2439.5463466644287,0.8629283905029297
1946,24667.696176820293,-0.18287211760878563,96.0,2.4999999999999996,91.09369826729942,1.3319050776755705,2459.479570388794,0.016160964965820312
1947,21625.641848114316,-0.21752163782715797,86.0,2.5,80.19949552854851,1.242879636919372,2581.528663635254,1.1448173522949219
1948,25484.66098520181,-0.18722645372152327,98.0,2.5,88.29836292367996,1.4492321455196064,2435.66632270813,0.041446685791015625
1949,27470.425739055205,-0.18510084480047226,100.0,2.4999999999999996,91.40152811038888,1.801903323773517,2498.704195022583,0.9830532073974609
1950,24702.299463481842,-0.2315351691842079,87.0,2.4999999999999996,83.70707778556412,1.3743969804567173,2427.675724029541,0.0321502685546875
1951,23668.925155888966,-0.18470987811684608,95.0,2.4999999999999996,88.56593530875368,1.3769896739865628,2524.712324142456,0.8546180725097656
1952,19039.912244138526,-0.2722226533293724,85.0,2.5,77.81203608541738,1.3852408277985042,2416.5685176849365,0.02933502197265625
1953,26143.898589446708,-0.20679496139287948,100.0,2.5,87.76681202662382,2.290316420861087,2583.6634635925293,2.050739288330078
1954,27145.035338236637,-0.26790669962763786,98.0,2.5,97.24549523700217,2.367636411317678,2466.1262035369873,0.7061061859130859
1955,26107.787053284315,-0.28226655170321463,99.0,2.4999999999999996,89.87840576446746,2.0582006248317986,2458.0459594726562,0.33615875244140625
1956,25963.574057811395,-0.2076946547627449,100.0,2.4999999999999996,94.60227272727273,1.2218002104974146,2420.351982116699,0.5393085479736328
1957,26492.94654844109,-0.17705609381198884,99.0,2.5,89.74388423107844,1.7452437120758657,2602.304220199585,0.32949066162109375
1958,25492.305395821506,-0.22600034713745118,100.0,2.4999999999999996,88.05970149253731,1.321114929362352,2533.733606338501,1.1307926177978516
1959,25404.413352731208,-0.14229963660240175,100.0,2.5,96.04706957614532,1.2341903618906942,2433.5007667541504,0.004077911376953125
1960,26802.132773227928,-0.2189480397105217,100.0,2.4999999999999996,91.12828795569912,1.9790272199910757,2566.171407699585,0.4380512237548828
1961,13884.629233437907,-0.25828777939081193,56.99999999999999,2.4999999999999996,54.08472862119339,0.8227525525491888,2561.021566390991,0.2035655975341797
1962,26483.758339037282,-0.19394218876957894,100.0,2.4999999999999996,92.62022265580168,1.5706684769679773,2489.868640899658,0.1886463165283203
1963,26090.03925024643,-0.18716469779610634,100.0,2.5,95.08938673908123,0.6486617229115016,2573.7481117248535,0.9719009399414062
1964,27595.623602055774,-0.20635521918535232,100.0,2.5,97.15961361545538,1.3674183737878005,2411.8058681488037,0.41077613830566406
1965,25128.20384477745,-0.16004160955548286,99.0,2.4999999999999996,87.47336548166423,1.3617343329256724,2306.09393119812,0.4253654479980469
1966,28338.37803250111,-0.21405926197767258,100.0,2.4999999999999996,98.20826061663757,1.546484133361854,2603.0373573303223,0.4995708465576172
1967,19026.22165324846,-0.2691156390309334,83.0,2.5,75.9246496668964,0.8078186687280858,2429.5623302459717,1.4017906188964844
1968,25822.457662918758,-0.26412776708602903,99.0,2.5,90.99264705882352,1.7341666761710328,2442.7595138549805,0.6694278717041016
1969,24823.88512658768,-0.2278900222480297,100.0,2.4999999999999996,93.518094365552,1.4120406051130734,2619.649887084961,0.6330509185791016
1970,25133.581077200255,-0.1870572194457054,96.0,2.5,91.32179296113722,2.4662846063923816,2631.36887550354,0.2839069366455078
1971,25319.383879987192,-0.22102024406194687,100.0,2.4999999999999996,90.90188978160009,1.9432004924355797,2437.238931655884,0.3398017883300781
1972,22876.831213477257,-0.1616878429055214,98.0,2.5,85.83407871198568,2.1511393135275454,2496.1159229278564,0.03680992126464844
1973,24963.643135517836,-0.19255235254764558,100.0,2.5,90.67176775064702,1.8699260634744506,2496.795892715454,0.07280158996582031
1974,24222.296958986444,-0.12328333526849747,98.0,2.5,90.01028688993028,2.022482648221816,2432.281494140625,0.9585914611816406
1975,8050.590320002282,-0.17472263798117638,42.0,2.5,38.44307270233196,0.48121392359119064,2550.9727001190186,0.91900634765625
1976,28558.73011424694,-0.10009210556745529,100.0,2.5,96.47204688908927,1.4887979356566816,2487.1745109558105,0.41014862060546875
1977,21620.374380827983,-0.19746667847037316,88.0,2.5,78.8804945054945,1.1546718010003099,2401.400089263916,0.009532928466796875
1978,25500.390380790286,-0.2282298004627228,100.0,2.5,93.60348292029471,1.900906754371338,2566.9353008270264,0.25360107421875
1979,25516.331777272848,-0.24051009595394135,100.0,2.5,93.74928579590905,1.6782858672501484,2374.8724460601807,0.19633865356445312
1980,24776.10012438591,-0.2478579857945442,100.0,2.5,87.86577787820585,2.202828364357901,2396.2857723236084,0.49169921875
1981,25230.641639860278,-0.2829869529604912,97.0,2.5,89.35831913685406,1.8809086896936191,2380.215644836426,0.016798019409179688
1982,22824.384598503373,-0.20598058074712752,90.0,2.5,85.02795846171402,1.5758009705979292,2411.884069442749,0.9680767059326172
1983,24755.69111558085,-0.23176901116967202,96.0,2.5,91.50109107614564,1.2663449243080476,2483.7515354156494,0.5172653198242188
1984,21937.077438239172,-0.18367573231458664,82.0,2.5,78.35323840146991,1.201191390191178,2632.359743118286,0.47319602966308594
1985,25349.67177080399,-0.20854415640234947,100.0,2.4999999999999996,96.61094572933364,2.7187097732448757,2438.4336471557617,0.06341934204101562
1986,23318.20373167864,-0.23818568468093873,99.0,2.5,86.52624540287529,1.7315166735231453,2511.5787982940674,0.0023250579833984375
1987,25644.313394733395,-0.2037574103474617,100.0,2.4999999999999996,91.41161410450367,1.1311456400742115,2486.61732673645,0.9021701812744141
1988,22287.86769366721,-0.24177732884883882,87.0,2.5,82.8360787927658,1.064662685373032,2455.7254314422607,0.4587993621826172
1989,27116.863123722545,-0.23311049818992616,100.0,2.5,93.30230446134635,1.5674141067269605,2533.647298812866,0.9996547698974609
1990,21723.59249654946,-0.18149574100971222,85.0,2.5,81.5765561108587,1.5133479718016873,2474.0753173828125,0.8884449005126953
1991,21587.838815201478,-0.20942209631204606,86.0,2.4999999999999996,82.46998284734134,0.9007659007659008,2424.9651432037354,0.8909320831298828
1992,23018.14041625704,-0.2119450707733631,99.0,2.4999999999999996,88.51809954751131,1.2547318521245874,2424.5352745056152,0.37436866760253906
1993,27615.594734021823,-0.17525838151574136,100.0,2.5,96.86133841497589,1.9830970142724658,2537.4341011047363,0.6329975128173828
1994,26568.939189449302,-0.2178651984035969,100.0,2.5,89.53965360072927,1.2992958514093873,2672.844171524048,0.7520790100097656
1995,23448.116274611042,-0.2357429027557373,92.0,2.5,84.91456834532374,1.2680115273775217,2567.7597522735596,0.9019012451171875
1996,21443.44816996468,-0.23331983432173728,85.0,2.4999999999999996,77.17842323651453,1.430155825431154,2450.0648975372314,0.10719490051269531
1997,26433.559950061186,-0.22500527411699295,100.0,2.4999999999999996,91.77673136556793,1.7060227232254157,2517.068386077881,0.7120094299316406
1998,26002.40986724045,-0.20064178377389907,100.0,2.4999999999999996,92.77657513956933,1.7155787085853031,2541.4228439331055,0.7419910430908203
1999,29791.53394692873,-0.29072561383247375,96.0,2.5,90.6232453677709,1.6008937268519794,2512.132167816162,0.2125396728515625
2000,28606.715463677803,-0.2617092505097389,99.0,2.4999999999999996,97.95517560073938,2.1823144229997364,2438.1558895111084,0.9280662536621094
2001,25673.67317356255,-0.1566689668595791,97.0,2.5,84.81477361219268,1.7576249907687764,2435.3437423706055,0.9107933044433594
2002,19432.795504930782,-0.2343994629383087,72.0,2.5,69.1808134898029,1.6384148436605201,2496.2079524993896,0.9406623840332031
2003,23536.614014428935,-0.22363080233335494,93.0,2.4999999999999996,85.91290359646099,2.1019073863943376,2488.0013465881348,0.8522987365722656
2004,26706.706139349593,-0.192691340893507,100.0,2.5,93.35109463685856,1.3337167505391805,2449.9380588531494,1.2423152923583984
2005,23187.510407833644,-0.22850959837436677,97.0,2.4999999999999996,87.89757721896888,1.4240635297679347,2411.341905593872,0.09871101379394531
2006,24685.07665205539,-0.16581902965903283,100.0,2.4999999999999996,89.12798557908968,1.5967561521252795,2516.163110733032,0.3211803436279297
2007,26777.426794491003,-0.16984281003475188,100.0,2.5,91.83350299739848,0.7664022120111749,2304.4493198394775,0.07269859313964844
2008,26073.814370611108,-0.2304989641904831,100.0,2.5,92.80898876404494,2.3097933534890225,2276.200532913208,0.6424674987792969
2009,23125.41330842753,-0.11437185898423195,96.0,2.5,86.93932888939104,1.5103482632127168,2519.7649002075195,0.1537189483642578
2010,24017.306026823644,-0.2425316709280014,98.0,2.5,89.2553315464398,1.5640325375150501,2424.0007400512695,0.1550006866455078
2011,21456.67595435056,-0.24439773708581924,81.0,2.5,74.79039202356674,1.5268104437310959,2515.205144882202,1.068075180053711
2012,21287.77474075158,-0.1422295093536377,85.0,2.5,76.52076318742985,1.2153206139721704,2606.560230255127,0.789154052734375
2013,27276.674237146555,-0.17188482329249383,96.0,2.4999999999999996,95.42045454545455,0.8492627735207059,2442.4145221710205,0.71160888671875
2014,24992.044597392007,-0.2710888920724392,98.0,2.4999999999999996,87.96496416789898,1.3836215649577668,2551.1248111724854,0.6994476318359375
2015,24976.706500015283,-0.20055381819605828,100.0,2.5,94.46335375538915,1.0956809073555185,2548.9883422851562,0.1776905059814453
2016,25506.409926935936,-0.14691857367753983,100.0,2.4999999999999996,91.12573763050385,1.5200281135474947,2413.5570526123047,0.10998344421386719
2017,22859.09303714523,-0.13532106727361679,89.0,2.5,86.73002060911381,1.677354267889653,2529.5348167419434,0.409637451171875
2018,25653.501610922656,-0.22683239623904228,98.0,2.5,89.76502485314053,1.1138198653575182,2371.6509342193604,0.10486793518066406
2019,24154.03240918019,-0.23988710939884186,100.0,2.5,85.30157680008821,0.8805152052671109,2429.9216270446777,0.7324161529541016
2020,17452.839176412843,-0.19110698148608207,70.0,2.4999999999999996,66.98167569436441,1.1824630586528873,2480.100154876709,0.5149497985839844
2021,27508.863187475028,-0.20691749036312104,100.0,2.4999999999999996,95.24682166991181,2.3695570033319213,2450.749158859253,0.45609474182128906
2022,27151.791806559835,-0.17718182370066643,100.0,2.5,90.43360126797238,1.362963986209199,2516.1211490631104,0.7821140289306641
2023,24056.0270387267,-0.12556795209646224,79.0,2.5,79.64924268306571,0.9361482712194563,2421.612501144409,0.2266254425048828
2024,12866.485817794946,-0.20220132410526276,57.99999999999999,2.5,54.57019732365615,0.6799517923708625,2619.658946990967,0.9902153015136719
2025,21202.135883620474,-0.1659259556233883,92.0,2.5,80.16212564737671,0.9859294780064133,2510.7123851776123,0.2468433380126953
2026,22548.837010909006,-0.2612805187702179,89.0,2.5,82.99954483386436,1.822609293531198,2430.710554122925,1.140756607055664
2027,28671.432457870156,-0.23527803689241408,100.0,2.4999999999999996,91.05298607992816,1.1504682138079452,2513.786554336548,0.0996246337890625
2028,20965.349941978424,-0.22399866536259652,78.0,2.5,75.45884797414291,1.598556292932821,2501.490831375122,1.4005851745605469
2029,25983.074340685238,-0.20064258381724356,100.0,2.5,93.20845782578718,1.7298889823286054,2458.7366580963135,0.1762847900390625
2030,26280.385419705326,-0.17598954916000367,93.0,2.5,89.14929577464788,1.4827302987074742,2586.6308212280273,0.2716178894042969
2031,27755.909516090196,-0.2449569061398506,100.0,2.5,95.54841670491051,2.557154201118373,2515.9640312194824,0.09945869445800781
2032,23520.243306108016,-0.178136824965477,99.0,2.4999999999999996,88.0388304634231,1.4520836760933282,2438.8012886047363,0.3542060852050781
2033,27212.674399663836,-0.1788307484984398,100.0,2.5,94.53533287889117,2.112960802208847,2463.7451171875,0.6744232177734375
2034,24231.92297624102,-0.23138481244444847,94.0,2.5,89.02620437120952,2.0879163078003367,2385.322093963623,2.224325180053711
2035,15172.138101332672,-0.16721039205789567,57.99999999999999,2.4999999999999996,55.299067546054125,1.4721333810573958,2327.3839950561523,0.1609020233154297
2036,26445.609192532567,-0.23210446864366532,96.0,2.4999999999999996,96.17391304347827,0.9566035503625291,2606.105089187622,0.9493541717529297
2037,26269.99155250934,-0.19957150727510453,100.0,2.4999999999999996,88.89519700238446,1.7154207295052366,2449.4993686676025,1.3194389343261719
2038,27893.041902057557,-0.1919838598370552,100.0,2.5,97.51056297818887,1.6560256519395022,2556.6115379333496,0.2748603820800781
2039,25531.45593314734,-0.20691327691078187,98.0,2.5,87.16071629688028,1.681592961838469,2523.8847732543945,0.0288543701171875
2040,25303.116157597153,-0.20245369672775268,100.0,2.4999999999999996,86.90945991656332,1.5585968716295133,2623.798131942749,0.17555999755859375
2041,25830.912274144397,-0.20745448261499405,99.0,2.5,92.23046206503138,1.7363968530893052,2547.877550125122,0.37592124938964844
2042,21873.179559272798,-0.18807490915060043,79.0,2.5,74.97725204731574,1.3821528385512238,2231.6834926605225,0.048999786376953125
2043,27052.08550001368,-0.20651061728596687,100.0,2.5,96.21904974347535,1.679806541560252,2511.0952854156494,0.40560340881347656
2044,25376.481312472417,-0.16951309382915497,100.0,2.4999999999999996,90.87347315049551,1.176339098605717,2739.4118309020996,0.12545394897460938
2045,23734.085290394134,-0.19143794536590575,99.0,2.4999999999999996,90.11276910809886,1.622847869440746,2464.1926288604736,0.07622718811035156
2046,25627.706634693426,-0.17679974541068078,100.0,2.5,90.92538651131525,0.9556818181818182,2376.2614727020264,0.6106643676757812
2047,28636.57532447549,-0.19881694555282592,100.0,2.5,94.61564510667118,1.8005213467923866,2522.775173187256,0.5913410186767578
2048,22114.675717208123,-0.19532078102231026,92.0,2.5,80.70790455727695,1.3695743784239358,2560.4631900787354,0.9303989410400391
2049,25009.8177091734,-0.18584949851036073,95.0,2.4999999999999996,87.90729692519504,1.2672831508137945,2399.1634845733643,2.028514862060547
2050,21788.80458339147,-0.1271708045899868,91.0,2.5,82.15706330264803,1.2973159172606912,2528.8286209106445,0.2577972412109375
2051,24556.28912481156,-0.262051522731781,95.0,2.5,90.943139257746,1.0949966636820403,2522.287368774414,0.6078071594238281
2052,28900.35412873719,-0.2188442474603653,100.0,2.4999999999999996,93.50016985618844,1.1512323765087737,2440.391778945923,0.44718170166015625
2053,24181.11609957115,-0.1912914241850376,87.0,2.5,84.72143745055939,1.0418303273936904,2431.723117828369,0.011983871459960938
2054,26067.868144405937,-0.2116070158779621,100.0,2.5,94.26351274140097,1.8977717645086747,2507.9140663146973,1.348846435546875
2055,20404.084851554475,-0.19249470740556718,92.0,2.5,79.8399085191538,1.2494645956852048,2341.8474197387695,0.4059486389160156
2056,20160.556799295115,-0.2246544814109802,87.0,2.5,79.09395585346122,1.7747255593868188,2546.0948944091797,1.1326751708984375
2057,25684.71280602066,-0.27937052816152574,98.0,2.5,92.27502295684114,1.2989003627610716,2502.2494792938232,0.6750431060791016
2058,28066.504022031644,-0.2377357916533947,100.0,2.5,93.6518618214446,1.289732856975649,2578.6831378936768,0.3411426544189453
2059,27096.02592181953,-0.24768051415681838,99.0,2.5,98.46869328493648,1.8732454569609869,2566.455841064453,0.14469528198242188
2060,27566.431291580357,-0.1764189127087593,97.0,2.5,92.02048947068867,2.1382113357692942,2442.176103591919,1.0539875030517578
2061,27775.122319212503,-0.24365954399108886,99.0,2.5,90.32703823122985,1.3358578470608369,2580.1773071289062,0.13407135009765625
2062,21889.361301566856,-0.2318217021226883,96.0,2.5,87.38707833047455,1.7168131993949878,2527.7621746063232,0.3514251708984375
2063,19104.5683133311,-0.20158532828092576,78.0,2.4999999999999996,72.34115626788781,1.419525553770958,2413.3265018463135,0.28884124755859375
2064,25441.76475674488,-0.22541478395462036,100.0,2.4999999999999996,87.78347578347578,1.5587864832979021,2603.611469268799,0.10980415344238281
2065,20844.930847139807,-0.19915018528699874,82.0,2.5,75.185518326962,1.7095465690428573,2461.022138595581,0.24980926513671875
2066,22243.053347608093,-0.22164859712123872,93.0,2.5,82.34293490587434,1.6194911807333827,2588.5262489318848,0.3913402557373047
2067,25176.642460029892,-0.19160055071115495,100.0,2.5,90.74367088607595,2.57827422248283,2486.2024784088135,0.291259765625
2068,24269.976920453057,-0.07711494833230972,100.0,2.4999999999999996,88.8623707239459,1.603572738168862,2514.4362449645996,0.028654098510742188
2069,22296.974198586984,-0.2196107740700245,88.0,2.5,84.9994167735915,1.907613910856689,2502.450466156006,0.47040748596191406
2070,26036.749657555483,-0.2136285898089409,100.0,2.5,98.35852621634388,1.993366802208037,2428.323984146118,1.3429546356201172
2071,27244.065966654693,-0.2663712579011917,96.0,2.5,90.34078086210788,1.582904154372217,2608.1392765045166,0.4778900146484375
2072,26176.604982366618,-0.22057046309113504,100.0,2.4999999999999996,91.95704329944019,1.185461858928315,2409.8100662231445,0.227691650390625
2073,24528.376468152495,-0.2302056422829628,100.0,2.5,87.92325056433408,1.6915693815731256,2505.311965942383,0.19250106811523438
2074,24873.806507676967,-0.12506970033049583,100.0,2.5,86.77620396600567,1.8608985564289269,2465.681791305542,0.017614364624023438
2075,26570.74617115941,-0.20585281178355216,99.0,2.5,96.03644646924829,2.7721182593289777,2496.9911575317383,1.3836631774902344
2076,27913.796049394507,-0.18877296313643455,99.0,2.4999999999999996,86.41961231470924,1.969784775336665,2495.6066608428955,0.00418853759765625
2077,25073.934301751815,-0.19836390033364296,100.0,2.5,90.22377938517178,1.518808698427988,2543.530225753784,0.7518062591552734
2078,24565.69898128133,-0.18985949203372002,96.0,2.5,87.41446999439148,1.82365499090714,2429.8758506774902,0.2841224670410156
2079,26916.155352681606,-0.28192737519741057,99.0,2.5,91.32889240149035,2.321793182242383,2413.665771484375,0.6831893920898438
2080,22407.207732128827,-0.20173429757356642,93.0,2.5,82.68314810614652,1.1446355408169806,2559.732675552368,1.1076984405517578
2081,24661.245892417002,-0.21089799642562868,100.0,2.4999999999999996,92.73705447209146,1.8764981166533503,2461.9345664978027,0.6245975494384766
2082,27837.410311098007,-0.20118796408176423,100.0,2.4999999999999996,97.52553916004541,2.143125704975561,2628.9713382720947,0.5452785491943359
2083,22631.1936781588,-0.2850438405573368,86.0,2.5,79.70635101297519,1.4927255425747794,2466.8941497802734,0.6701431274414062
2084,27757.91458933128,-0.07381641179323196,100.0,2.4999999999999996,96.03624009060022,1.2901957480270734,2511.9521617889404,0.6551570892333984
2085,24337.816888163587,-0.2398226249217987,100.0,2.5,93.36875899479685,1.489870592466164,2531.4712524414062,0.17718124389648438
2086,22683.38803161928,-0.16893864005804063,91.0,2.4999999999999996,84.31350114416476,0.8089711796825105,2533.2531929016113,0.04144287109375
2087,23063.612646017187,-0.2299123653769493,99.0,2.5,88.4689374222021,1.7146087552698208,2504.9304962158203,0.8310432434082031
2088,23499.380221250867,-0.22569729253649712,96.0,2.5,90.78529278256923,1.704756763241557,2479.0637493133545,0.3483085632324219
2089,25587.792514896497,-0.2800046643614769,100.0,2.4999999999999996,90.42305904230591,1.7364758024491869,2530.4853916168213,0.6698417663574219
2090,26675.996783276038,-0.211542828977108,92.0,2.4999999999999996,87.91258820851354,1.6710742542470642,2447.5836753845215,0.30576515197753906
2091,24527.33612131642,-0.2318511913716793,92.0,2.5,86.11462042035144,1.8023570613918873,2223.9930629730225,0.30954551696777344
2092,26670.494019315527,-0.19567106530070305,97.0,2.5,91.32481506388702,1.8405228758169936,2481.295108795166,0.6942329406738281
2093,18681.645155289643,-0.11726962089538574,74.0,2.5,69.86551173922955,0.625619425173439,2412.4927520751953,0.15735626220703125
2094,23144.095248429887,-0.2261276835203171,95.0,2.4999999999999996,91.06343925662499,0.9492833951371031,2465.89732170105,0.10057640075683594
2095,24830.879952760828,-0.21831192165613175,96.0,2.5,91.94871202495091,1.8987305985129062,2501.331329345703,0.7196197509765625
2096,28560.829232948032,-0.16808753117918968,100.0,2.4999999999999996,97.49942647396192,1.5374324280229283,2382.092237472534,0.6709480285644531
2097,22767.91584284475,-0.1973175236582756,95.0,2.4999999999999996,83.86952636282395,1.472130553435429,2423.4917163848877,0.3974571228027344
2098,26503.269237586184,-0.19503946870565414,100.0,2.4999999999999996,92.7951587120347,1.17726898899797,2385.4546546936035,0.2766380310058594
2099,22667.725984340395,-0.20791422501206397,87.0,2.5,81.62037037037037,1.9585193570558102,2680.4776191711426,0.13120269775390625
2100,18900.01238879155,-0.10554429173469543,90.0,2.5,78.17299006323395,1.3884728560604727,2575.967311859131,0.8188095092773438
2101,21084.356459329505,-0.1953135547041893,79.0,2.5,78.56727526456565,1.3455503666824808,2561.554431915283,0.7420234680175781
2102,27457.523358225302,-0.2361442455649376,100.0,2.5,98.62602470846322,1.6212714516250308,2524.35040473938,1.1129779815673828
2103,23834.117873116196,-0.18740926176309586,87.0,2.5,82.09994385176867,1.1964337072188669,2437.3819828033447,0.2714500427246094
2104,23283.55559957513,-0.2061080166697502,99.0,2.4999999999999996,95.04056679236659,1.0900065377249875,2198.1894969940186,0.1325817108154297
2105,22118.391124481615,-0.21162833109498025,95.0,2.4999999999999996,84.62320641735397,1.4677877187309114,2531.6665172576904,0.6471424102783203
2106,22051.4490928736,-0.2617940430343151,89.0,2.4999999999999996,79.51711630015869,1.167259705305415,2416.2282943725586,0.3219108581542969
2107,22057.13086827785,-0.18943024426698685,84.0,2.5,80.06682797557322,1.617071284243598,2213.6030197143555,0.9538249969482422
2108,24587.037926439025,-0.18420608416199685,99.0,2.5,93.62332042814849,1.2376400070003502,2448.478937149048,0.7655601501464844
2109,25516.94450167866,-0.1948903901875019,100.0,2.4999999999999996,96.59949622166248,1.3313397984226454,2362.11895942688,0.7140922546386719
2110,26648.82162301189,-0.19754488348960877,98.0,2.5,91.03386207672403,1.67925042155096,2502.5124549865723,0.5454692840576172
2111,18146.906560474956,-0.17286544770002366,77.0,2.5,70.59598287783997,1.151326438716589,2551.025390625,0.9052848815917969
2112,26100.6685599554,-0.16880159810185433,96.0,2.5,94.01699586587047,2.0211579015006804,2482.9044342041016,0.4329681396484375
2113,22800.706436424738,-0.14397138148546218,94.0,2.5,87.24350205198358,1.5312364339555624,2397.284984588623,0.7160186767578125
2114,27342.94416357795,-0.2712505841255188,99.0,2.4999999999999996,92.92382159732627,0.991209491926852,2468.2111740112305,0.5681648254394531
2115,25535.039690962894,-0.2762763372063637,100.0,2.5,93.66438356164383,1.5447182452276065,2447.629690170288,1.2842178344726562
2116,19554.06066710677,-0.1549175949394703,86.0,2.5,77.04521919226787,1.1934146658320834,2495.868921279907,0.4230155944824219
2117,26699.68557775524,-0.1986868605017662,100.0,2.4999999999999996,91.40251362473585,0.8838290543881686,2606.400966644287,0.3920917510986328
2118,25876.473248263574,-0.267354458719492,100.0,2.5,98.48769050410317,2.143887744649918,2486.16623878479,0.25890159606933594
2119,26911.498984903643,-0.1924530464410782,100.0,2.4999999999999996,91.4704878880928,1.8528568563372305,2501.0764598846436,0.21266746520996094
2120,19742.204638081846,-0.23511521607637406,77.0,2.4999999999999996,75.12321051396385,1.1348203929614324,2444.3790912628174,0.17474365234375
2121,28527.239796081718,-0.24121365040540696,100.0,2.4999999999999996,97.25810106503512,2.362482369534556,2439.296245574951,1.0758113861083984
2122,21377.39019843488,-0.13668582051992417,92.0,2.5,80.61542007606316,1.6083339410632842,2468.615770339966,0.1543750762939453
2123,25892.92900449422,-0.20017152518033982,100.0,2.5,91.70251301788545,1.0421301866165653,2629.3725967407227,0.8384246826171875
2124,23636.307617148785,-0.2662131676077843,99.0,2.5,88.73403019744484,0.972141376665343,2310.8127117156982,0.7319698333740234
2125,26700.458081642242,-0.2052335771918297,97.0,2.4999999999999996,89.24235611510791,1.9119779457699781,2454.880475997925,0.2299041748046875
2126,20953.17317084774,-0.1687927293777466,83.0,2.5,79.89972652689153,1.0131166797180893,2555.4821491241455,0.8255901336669922
2127,27062.604882400963,-0.11064530178904533,100.0,2.5,98.01384632845307,1.5253333951268118,2514.495372772217,0.05145263671875
2128,20890.95979550458,-0.2228259627521038,86.0,2.4999999999999996,79.1577525053485,1.5493048290855536,2378.391742706299,0.9676418304443359
2129,26756.137535370694,-0.19251619040966034,100.0,2.5,91.01136363636364,1.4052816484427426,2438.6441707611084,0.5981559753417969
2130,25284.298179900612,-0.162305476218462,100.0,2.4999999999999996,91.67327517842982,1.6308233225900965,2446.798801422119,0.04084205627441406
2131,27089.80105261498,-0.20874411791563033,100.0,2.4999999999999996,94.79913508592239,1.1103279137369584,2305.900812149048,0.5518798828125
2132,22073.09581898715,-0.2859784084558487,87.0,2.5,83.48062542488104,1.362883362033263,2226.0501384735107,0.7328853607177734
2133,24848.370755792275,-0.17548354715108871,99.0,2.5,90.30791955459607,1.197161018156942,2470.8738327026367,0.7241497039794922
2134,27511.607511506376,-0.1862880866229534,98.0,2.5,93.36004579278764,1.96093582824128,2565.8912658691406,0.1849212646484375
2135,24541.291372659445,-0.21987829208374024,97.0,2.4999999999999996,90.3973882697287,1.2102557125770228,2530.907154083252,0.5101184844970703
2136,26441.620047936398,-0.18682467103004455,100.0,2.5,94.76842939644435,1.8791699470729197,2473.1152057647705,0.8875923156738281
2137,22635.22819402674,-0.18152295023202897,93.0,2.5,86.00995249943452,1.2372463280636843,2534.374237060547,1.754049301147461
2138,22317.619259026065,-0.20290597200393676,100.0,2.5,86.36929695460206,1.1421038439644065,2493.590831756592,0.6785049438476562
2139,24205.727908448345,-0.2528793838620186,100.0,2.4999999999999996,89.66191352345906,1.2962284011211902,2476.475715637207,0.6337680816650391
2140,23640.796488447948,-0.1987274295091629,100.0,2.5,89.68665464382326,1.8720588870180892,2342.663049697876,0.2784862518310547
2141,24877.301960421475,-0.2553414595127106,93.0,2.4999999999999996,92.74518584863412,1.8165621758152541,2426.9399642944336,0.23535919189453125
2142,26864.54791581751,-0.26189319640398023,100.0,2.5,97.15563711434797,1.4451403778299259,2457.1914672851562,0.5414867401123047
2143,25620.41519102054,-0.16523221909999847,100.0,2.4999999999999996,90.61659192825113,1.7205017205017203,2561.0592365264893,0.24810218811035156
2144,16055.010251223426,-0.102950821518898,67.0,2.5,60.03416856492028,1.0447475243375284,2621.958017349243,0.31418609619140625
2145,23430.504621130785,-0.20353552475571632,91.0,2.5,83.5252935862692,1.0771387194146693,2374.8977184295654,0.3132972717285156
2146,29144.27971039481,-0.1576664726436138,100.0,2.5,95.57562076749436,1.6743307889219647,2631.0791969299316,0.08096694946289062
2147,22271.419531813644,-0.13950101435184478,83.0,2.5,81.53418951752863,1.878541656910036,2502.2835731506348,0.2323932647705078
2148,27356.02223170421,-0.19754614412784577,100.0,2.5,91.9764945191547,1.6271151046168302,2385.5714797973633,0.4596271514892578
2149,25449.517466152465,-0.24260350182652474,100.0,2.5,90.56053811659193,1.0793707784484887,2522.773027420044,0.12424087524414062
2150,25160.28276646212,-0.15608206361532212,98.0,2.5,91.05515041020966,1.2622039726034957,2569.239377975464,0.8281898498535156
2151,24174.87482563622,-0.19927398413419722,96.0,2.5,88.04834377797673,1.4340957566719266,2401.798725128174,0.5313720703125
2152,28565.725927972522,-0.2218615359067917,100.0,2.4999999999999996,91.51709157425402,2.0121291369825953,2381.5364837646484,0.709991455078125
2153,25437.393567941042,-0.24247352078557013,99.0,2.5,92.13943950786057,1.0541208122180603,2650.6576538085938,0.28575706481933594
2154,22854.306933309468,-0.12045382037758827,90.0,2.5,85.86124128471825,1.364222387559564,2443.594455718994,1.272359848022461
2155,21739.081890025744,-0.22886626482009886,87.0,2.5,77.71537683926766,1.302970842369789,2470.224142074585,0.42072105407714844
2156,23029.697120658824,-0.18883195340633394,97.0,2.5,87.30486685032139,0.6688182914025741,2354.651689529419,0.4021015167236328
2157,25894.497303679298,-0.21891969308257103,100.0,2.5,89.40024755260492,1.766904519198097,2316.7264461517334,0.4541893005371094
2158,20937.712280943582,-0.18399093091487884,83.0,2.5,75.75824418219919,1.61575752684763,2478.1439304351807,0.29543304443359375
2159,24174.388039639336,-0.18102949112653732,99.0,2.4999999999999996,89.4097807757167,1.6896080086139162,2558.5219860076904,1.0295047760009766
2160,21535.078930168904,-0.1469626972079277,92.0,2.4999999999999996,84.05077899596077,1.794524685902241,2479.9163341522217,0.44673728942871094
2161,24227.84455754969,-0.18355873450636864,90.0,2.5,82.24554997717937,2.2299200247174724,2373.0227947235107,0.4284172058105469
2162,25891.64754522446,-0.16576186060905457,100.0,2.5,94.4647758462946,1.0248061587704533,2458.242893218994,0.3317070007324219
2163,21516.0278333881,-0.24263030409812927,92.0,2.4999999999999996,84.1846083371507,2.0554089991562625,2331.3326835632324,0.10117721557617188
2164,21423.769584426587,-0.17508177131414412,91.0,2.5,81.95412637733304,1.6723707871686293,2336.751699447632,0.9392337799072266
2165,14398.498562621462,-0.24908717945218087,67.0,2.5,61.59761276253873,1.3458912066552193,2592.968225479126,0.04895782470703125
2166,25358.592209392802,-0.18067349076271058,98.0,2.4999999999999996,85.46647392416324,1.404117186861433,2430.988311767578,0.10116958618164062
2167,21726.36845743014,-0.2025289861857891,92.0,2.5,84.85470085470087,1.7659587904674967,2404.622793197632,1.4782543182373047
2168,20966.765512153182,-0.16110657379031182,84.0,2.5,77.74924118608452,1.7588225265670283,2509.632349014282,0.7893695831298828
2169,25194.650182472073,-0.1914874555170536,98.0,2.5,86.89779378658262,1.6519949046904143,2547.398090362549,0.2833251953125
2170,22445.142802354545,-0.15151098236441612,97.0,2.5,84.1522491349481,1.1977835092184843,2429.654836654663,0.20366477966308594
2171,24123.71764716342,-0.17731138855218886,95.0,2.5,82.17519239474875,1.1324667038838823,2414.344072341919,0.1327953338623047
2172,24777.258227036808,-0.13365715712308884,100.0,2.5,90.50704865848112,0.7327632799121594,2241.046905517578,0.13755226135253906
2173,22613.984706630265,-0.2152110344171524,93.0,2.4999999999999996,86.75830469644903,1.0018788682581785,2645.8728313446045,0.5556278228759766
2174,22585.607439542804,-0.18262059703469277,100.0,2.5,91.89712074655742,1.3530165019691223,2473.0443954467773,0.9709568023681641
2175,26764.20350868556,-0.1895087879896164,98.0,2.4999999999999996,96.03028912345113,1.4470529670593755,2533.0772399902344,0.20332908630371094
2176,24029.51530755279,-0.1854619140923023,98.0,2.5,87.44784030675538,1.8668872849684763,2546.967029571533,0.10033035278320312
2177,21112.894624476186,-0.22189863175153732,90.0,2.4999999999999996,82.61675744582223,1.6311086158092964,2404.904842376709,0.5963001251220703
2178,21288.663641961542,-0.22995586216449737,81.0,2.5,77.87277701778386,1.5054350794777955,2483.103036880493,0.018283843994140625
2179,21996.597777652823,-0.2130216270685196,90.0,2.5,87.74735388863323,1.3683920220163244,2463.1664752960205,0.5004158020019531
2180,26304.217938600425,-0.2038353857398033,95.0,2.4999999999999996,94.51549717709413,1.7457776540460281,2563.833475112915,0.6066627502441406
2181,26023.486240474143,-0.18777965426445006,99.0,2.5,94.86328795332342,1.5067506544876703,2473.3729362487793,0.6419486999511719
2182,20551.158624516025,-0.2633304050564766,85.0,2.5,75.06762849413886,1.5136452734390358,2493.6444759368896,0.9166526794433594
2183,20312.535358122586,-0.14840597674250602,89.0,2.5,84.95887191539366,1.5819642906118865,2477.4866104125977,0.7228488922119141
2184,20918.700711001227,-0.20444157019257544,93.0,2.5,80.81815056720522,1.2389648557999708,2468.5230255126953,0.419769287109375
2185,17371.33243243289,-0.20597282111644744,77.0,2.4999999999999996,72.5947187141217,2.5398268796905934,2533.372402191162,0.11647224426269531
2186,26801.30787826478,-0.10341056406497956,100.0,2.5,94.86352643095705,1.0873362445414847,2555.786371231079,0.38189697265625
2187,25208.73505019785,-0.21367831036448479,98.0,2.5,91.6117088973736,1.1647758092051546,2437.2668266296387,0.6901435852050781
2188,24602.14003884692,-0.18943650901317596,100.0,2.5,90.01349527665316,1.405342125895456,2480.5855751037598,1.2973518371582031
2189,15123.31101795107,-0.1199593037366867,68.0,2.4999999999999996,60.53489156084954,0.7522169109715804,2463.395833969116,0.4945526123046875
2190,26833.380826007167,-0.27455148339271546,100.0,2.5,93.59283499827764,1.719507891793611,2536.471128463745,0.24404144287109375
2191,22248.01142257247,-0.18358573243021964,92.0,2.5,86.09668858890043,1.8628797419663667,2534.2605113983154,0.4915924072265625
2192,21943.220456939558,-0.2019793513417244,92.0,2.5,81.0633484162896,1.0194702097434611,2437.6614093780518,0.3252296447753906
2193,23553.54043758294,-0.2488820105791092,96.0,2.5,87.48836126629422,1.0250368523798954,2419.081926345825,0.009408950805664062
2194,27969.834103954046,-0.2155997535586357,100.0,2.4999999999999996,94.39990838295923,1.4889668481377123,2418.1864261627197,0.18820762634277344
2195,26478.78349489463,-0.23307524174451827,100.0,2.4999999999999996,90.6257136332496,1.9357906974013315,2443.228244781494,0.5058803558349609
2196,26283.800212615562,-0.2166122205555439,100.0,2.4999999999999996,96.68012561686855,1.6442569299317848,2503.2193660736084,0.20502662658691406
2197,24380.65532561118,-0.20028878897428512,98.0,2.4999999999999996,90.52132701421802,2.6733685466007837,2539.7682189941406,0.39555931091308594
2198,25716.56981951062,-0.24047408998012543,100.0,2.4999999999999996,91.14994363021421,1.8437340366133266,2525.8054733276367,0.5992183685302734
2199,26630.20543670246,-0.199282286465168,99.0,2.5,89.9805112919867,1.3630943179559658,2544.354200363159,0.0072479248046875
2200,21258.86129878747,-0.2857984194159508,81.0,2.5,72.33397010900102,1.0416195686575935,2611.396074295044,0.9322071075439453
2201,23176.47351565253,-0.16469113051891326,99.0,2.5,90.23572914259303,1.5080240383533279,2454.3240070343018,0.01573944091796875
2202,26670.571100685283,-0.2130635666847229,100.0,2.5,95.01350742908599,2.1140518023839436,2461.8747234344482,0.23122215270996094
2203,24665.294083348068,-0.2219352215528488,100.0,2.4999999999999996,89.60686850429282,1.267618118961085,2433.170795440674,0.220367431640625
2204,23871.407644396608,-0.1614144580066204,100.0,2.5,91.33999775356621,1.2163164120646817,2445.484161376953,1.1386661529541016
2205,21403.551716400732,-0.24484056130051612,84.0,2.5,78.29197922677437,1.178777242090333,2530.8353900909424,0.9347610473632812
2206,26358.039777457616,-0.19988664224743843,100.0,2.5,95.08346672764692,1.1023276494263161,2312.3724460601807,0.8765468597412109
2207,21511.186764862698,-0.20068678840994836,84.0,2.4999999999999996,81.02089756766016,1.8360684960504474,2634.5419883728027,0.6991996765136719
2208,27097.410356962322,-0.17390093207359314,100.0,2.5,97.22062045900127,1.5396803318839616,2476.4554500579834,1.0594596862792969
2209,24132.73941637026,-0.2091584859788418,98.0,2.5,87.75277047869302,1.8553905302423508,2397.297143936157,1.1216812133789062
2210,27785.728755692686,-0.15344710782170295,100.0,2.4999999999999996,95.03877737226277,1.6147538689726584,2240.687608718872,1.1036739349365234
2211,27689.955878962697,-0.1595444592833519,97.0,2.4999999999999996,94.28377767736104,1.9392725451814086,2376.1367797851562,0.1496429443359375
2212,27881.70375991511,-0.12063849270343781,100.0,2.5,96.57864523536165,1.3689085618263044,2488.2233142852783,0.32993507385253906
2213,25100.335626923443,-0.18887817293405532,100.0,2.5,91.73696983705074,1.913272359297066,2656.125783920288,0.26912498474121094
2214,27544.121989862644,-0.20224361896514892,100.0,2.4999999999999996,90.90807049051521,2.5829542146392144,2333.972930908203,0.34467506408691406
2215,19564.36899408248,-0.261862987279892,81.0,2.5,75.06714413607878,1.130815980870778,2523.6611366271973,0.5888442993164062
2216,25969.44484823457,-0.16063402444124222,98.0,2.5,91.06979927007299,1.4632242234985782,2425.4541397094727,0.043331146240234375
2217,24258.301835035705,-0.23366224616765977,100.0,2.5,93.52599840709979,1.5014844865489654,2399.3844985961914,0.5504207611083984
2218,19255.81496062408,-0.174708501547575,82.0,2.5,72.62474367737526,0.975620836716962,2507.2665214538574,0.015867233276367188
2219,23488.57111178257,-0.22794817224144936,98.0,2.5,89.59537572254335,1.5121406314304193,2578.138589859009,0.8764228820800781
2220,25616.560802423035,-0.24163919523358346,100.0,2.5,94.76255396500795,1.3184402439223055,2573.857545852661,0.5054512023925781
2221,24800.623081185,-0.24096784323453904,98.0,2.4999999999999996,87.3546511627907,1.5583815028901735,2549.286365509033,0.7764682769775391
2222,15104.314187886906,-0.16143350630998612,68.0,2.5,63.35149863760218,1.1157998146845731,2645.242691040039,1.1707801818847656
2223,27256.40264048716,-0.18805532783269882,99.0,2.5,93.72910662824208,1.246609639056958,2466.442346572876,0.5312652587890625
2224,24142.18513545006,-0.15059372216463088,100.0,2.5,90.33225913990444,0.8018063164770072,2468.669891357422,1.1465873718261719
2225,24037.045586820816,-0.15109955310821532,93.0,2.4999999999999996,82.1501014198783,1.2164522974826766,2494.3671226501465,1.1519222259521484
2226,24443.511474702624,-0.1754055367410183,100.0,2.5,90.03197076958209,0.9388788179361767,2591.3803577423096,0.4371509552001953
2227,22591.425750459053,-0.22641213968396187,90.0,2.5,80.56501021102791,1.4542807320500448,2511.88325881958,0.6368808746337891
2228,20878.848333282185,-0.21258096501231194,85.0,2.5,73.90122338015405,0.6282353847254083,2441.756010055542,0.39601898193359375
2229,19612.43977042363,-0.21528142258524896,90.0,2.5,82.52913752913753,2.1278222462698415,2589.6236896514893,0.05843544006347656
2230,23799.57487090621,-0.21825410604476927,97.0,2.4999999999999996,86.38850889192886,0.5702685959555732,2505.5930614471436,1.708822250366211
2231,29844.39728479632,-0.24088505461812018,100.0,2.4999999999999996,94.75480714529525,1.5414440136424739,2507.772922515869,0.5237846374511719
2232,26102.751913332228,-0.19103907212615012,100.0,2.4999999999999996,91.27828054298642,1.264191918623623,2518.3002948760986,0.8879375457763672
2233,23269.13689918601,-0.22301644563674927,97.0,2.5,84.8133704735376,1.841549640147048,2489.9938106536865,0.4701690673828125
2234,20296.775425813517,-0.2258749398589134,87.0,2.5,82.27963873327998,1.1789521692035803,2420.125722885132,0.49220848083496094
2235,27365.036930650047,-0.0699767790734768,100.0,2.5,91.58993936671907,1.892967031664068,2477.2188663482666,0.11319351196289062
2236,22905.06269139013,-0.1690520691871643,98.0,2.5,86.64737954823633,1.0303274405643124,2514.728784561157,1.0845394134521484
2237,27367.74454304687,-0.2330195665359497,97.0,2.5,98.0890235376369,1.6874682724456036,2391.418933868408,1.333261489868164
2238,25030.62656004324,-0.158555016964674,97.0,2.5,90.31780385009682,1.4729875148976546,2527.2083282470703,0.3123798370361328
2239,24255.292249676273,-0.13545002818107604,98.0,2.5,85.88471401494036,1.9199448942541755,2483.603000640869,0.30695343017578125
2240,24713.586745075398,-0.19164737284183503,100.0,2.5,94.97539201098776,1.4523066542970398,2547.8854179382324,0.15338134765625
2241,17469.4409620003,-0.11676931768655777,74.0,2.5,67.44107744107744,1.7647229896757308,2503.974199295044,0.08123588562011719
2242,26807.900126626253,-0.23364054098725318,99.0,2.5,96.81991012789491,1.5220907373018422,2493.208169937134,0.11313438415527344
2243,23785.795981852072,-0.17225435137748718,89.0,2.4999999999999996,83.58739255014326,1.4471995599963334,2540.637493133545,0.10904121398925781
2244,21503.17468558242,-0.20658226534724236,84.0,2.5,76.31911713990114,1.8474078718613733,2347.219228744507,1.2334728240966797
2245,24203.739368382445,-0.22613116666674615,96.0,2.5,91.45830976354792,1.6567278600647242,2458.2648277282715,0.7723236083984375
2246,23241.71749940367,-0.19364089548587798,100.0,2.4999999999999996,90.45283449298506,2.4171438678723827,2359.699487686157,0.6427707672119141
2247,23550.77669355933,-0.13476892694830894,92.0,2.5,84.4151376146789,0.5689091167685961,2544.609785079956,0.5902519226074219
2248,22628.181844060455,-0.2750164675712585,99.0,2.5,87.47336548166423,2.1502035925486234,2484.567165374756,1.0155811309814453
2249,22447.571510649468,-0.20939189329743385,95.0,2.5,86.4051403449442,1.100838897449067,2608.3271503448486,0.0009860992431640625
2250,26083.836615681877,-0.16698405027389526,97.0,2.4999999999999996,89.60251515832023,1.5688799183370454,2428.2734394073486,0.14006805419921875
2251,27372.247405167356,-0.22489216804504394,100.0,2.4999999999999996,94.0422151611439,1.1609489789040912,2591.520071029663,0.4739570617675781
2252,23549.571577462128,-0.21472824454307557,95.0,2.5,88.33201937155086,1.74327390221569,2541.5709018707275,0.38385581970214844
2253,26663.853814567243,-0.13443767562508582,100.0,2.4999999999999996,94.5664607641272,1.464195968963456,2416.543960571289,0.009904861450195312
2254,22844.79847290116,-0.2224589866399765,92.0,2.4999999999999996,86.46590110147645,2.4056473557597506,2358.0257892608643,0.6135482788085938
2255,28058.62683183972,-0.17013062193989753,100.0,2.5,95.59071019858634,1.8401039168234223,2388.6818885803223,0.2930126190185547
2256,28952.324551494912,-0.18128955155611037,100.0,2.5,94.31194715037509,2.1329685863574714,2393.16463470459,0.21465110778808594
2257,22181.248910668106,-0.16306832939386368,98.0,2.5,85.23427508429252,1.6322295608711175,2421.442747116089,0.31995582580566406
2258,27991.28461655075,-0.2098679569363594,98.0,2.5,93.70989917506874,1.435963307199205,2516.2129402160645,2.0083580017089844
2259,24625.256586074738,-0.16210911005735398,99.0,2.5,90.18798716185236,1.3709307657038057,2474.780797958374,0.7376289367675781
2260,27683.882680346516,-0.24434853836894035,100.0,2.4999999999999996,91.55807996436128,0.9779316801362563,2279.2046070098877,0.028913497924804688
2261,24809.75448730156,-0.16592147901654244,99.0,2.5,92.46967269398031,1.370607517111364,2425.5192279815674,0.32950401306152344
2262,25641.884332465168,-0.21250067606568337,100.0,2.5,93.46361185983828,1.8148367401423084,2517.380952835083,0.8269996643066406
2263,26462.82352319738,-0.2107773368060589,100.0,2.4999999999999996,91.07441704786345,0.8319061823048394,2544.4486141204834,0.15675735473632812
2264,26430.365218228413,-0.17567701354622842,100.0,2.4999999999999996,88.80630630630631,1.4974627894623826,2590.830087661743,0.4962940216064453
2265,24926.6863909447,-0.20255951181054116,100.0,2.4999999999999996,89.96411621715477,2.013717702912444,2610.140323638916,0.8939323425292969
2266,23193.64511717273,-0.19150488272309305,95.0,2.5,84.8289145705869,2.4935621817503875,2402.3962020874023,0.027532577514648438
2267,28924.709446574587,-0.22986665710806847,100.0,2.5,98.05949337671393,1.13228374551212,2629.657506942749,0.5649566650390625
2268,20275.866072696466,-0.2134236815571785,84.0,2.5,78.12961071388038,0.7125609315760968,2262.179374694824,0.4026947021484375
2269,27097.18177749492,-0.19817140489816665,100.0,2.5,91.96685082872929,2.199997696940385,2419.8198318481445,0.4558563232421875
2270,22246.986472158118,-0.22364277362823487,88.0,2.5,78.09459912780946,1.4686561823884252,2436.520576477051,0.46521949768066406
2271,25351.994627345503,-0.24102600589394568,100.0,2.5,91.21907733452194,1.9511752427625013,2303.741455078125,0.5091342926025391
2272,26043.277161551672,-0.24576944947242738,98.0,2.5,91.0474892069984,1.166863797652625,2515.7387256622314,0.29689979553222656
2273,23507.606731700544,-0.21838094770908356,99.0,2.5,85.56191759290445,1.5589397878910516,2543.7848567962646,0.07893562316894531
2274,25190.006679106053,-0.2028212258219719,100.0,2.5,92.49394673123487,1.048536044512121,2657.141923904419,0.713165283203125
2275,26665.53992949842,-0.24433982700109483,100.0,2.4999999999999996,93.09401709401709,0.8965760677726791,2524.165153503418,0.7205791473388672
2276,19209.690854254117,-0.19651544272899626,80.0,2.5,75.98566308243727,2.264922960287199,2515.7229900360107,0.16164398193359375
2277,23344.356751787513,-0.14393888354301454,86.0,2.5,79.33624845834734,0.7896551724137932,2551.947832107544,1.5041389465332031
2278,20494.339380265385,-0.1705722613632679,76.0,2.4999999999999996,71.83476995410277,0.7091825399609453,2507.054328918457,1.2875003814697266
2279,26066.120956785944,-0.22682491585612297,98.0,2.5,91.16379310344827,1.1829880547059841,2315.0694370269775,0.3249797821044922
2280,22858.606196111483,-0.2760025930404663,99.0,2.5,88.95296246042514,2.0867874566122357,2404.8259258270264,1.5013504028320312
2281,26880.518975871724,-0.20042013511061668,99.0,2.4999999999999996,95.20361990950225,1.9195830399927327,2535.2437496185303,0.8685531616210938
2282,26301.24665679707,-0.23341785609722138,98.0,2.5,88.69916872612896,1.9522511896530685,2612.7989292144775,0.2467517852783203
2283,23296.172676016187,-0.1856301099061966,100.0,2.4999999999999996,86.40108339916488,2.0869308370444424,2444.2789554595947,0.6263504028320312
2284,28188.112090252973,-0.12141220510005951,99.0,2.4999999999999996,93.61774357813738,2.421121103797287,2475.144386291504,0.40747833251953125
2285,23007.521522885312,-0.19620298147201537,92.0,2.5,87.08189158016147,1.7779802581624906,2525.2888202667236,0.8084316253662109
2286,25016.396493029686,-0.174862103164196,97.0,2.5,87.05123930198954,1.2327808165541463,2529.3476581573486,0.5739326477050781
2287,26417.537870982076,-0.11169219300150872,100.0,2.5,92.51839275608376,2.0047442721592224,2376.155138015747,1.090576171875
2288,27459.52684180116,-0.24030932813882827,99.0,2.4999999999999996,97.86247455326848,1.5351319626579607,2430.608034133911,0.05625152587890625
2289,24991.861468325962,-0.1604342620074749,100.0,2.4999999999999996,87.80022446689114,1.117912025184105,2448.326826095581,0.5297985076904297
2290,21979.598017834935,-0.2001851588487625,93.0,2.4999999999999996,85.18984446477585,1.9538576397108363,2505.4712295532227,0.37931251525878906
2291,17085.178436536826,-0.19346385896205903,73.0,2.5,66.78807193262007,1.0844555631422816,2471.8379974365234,0.560150146484375
2292,26524.805708256677,-0.17416747510433198,100.0,2.4999999999999996,94.47294776119402,1.3459604041881945,2476.0334491729736,0.5657787322998047
2293,25755.649388993716,-0.2710254579782486,97.0,2.5,90.97908526775453,1.0402690215408108,2511.685371398926,0.9391078948974609
2294,11030.3725248275,-0.1381993916630745,62.0,2.5,53.58674238034534,0.45123160709210813,2457.9012393951416,0.5110645294189453
2295,23103.797896482694,-0.2526660118997097,93.0,2.4999999999999996,83.90282665455784,1.3755236692807324,2520.393133163452,0.5184326171875
2296,22956.2099130309,-0.24940015494823456,97.0,2.4999999999999996,90.11478097915203,1.2140470952497353,2463.2792472839355,1.4389209747314453
2297,25370.80182751548,-0.19111465960741042,93.0,2.5,91.7093142272262,1.2788886741619017,2486.691951751709,0.6498737335205078
2298,26960.815819911946,-0.18422223970294,97.0,2.4999999999999996,96.29923941423544,2.811098487113556,2426.077127456665,0.7522850036621094
2299,11890.075783573984,-0.19892396599054338,60.0,2.5,55.6146104263259,0.7920595880590752,2371.612787246704,0.015369415283203125
2300,28557.384774539823,-0.19357618778944016,100.0,2.5,92.60283442792948,0.7264274298997531,2496.474027633667,0.015895843505859375
2301,22366.268082763785,-0.20663160279393197,92.0,2.5,84.2746026378086,1.4921787556987252,2447.587013244629,1.0098686218261719
2302,24978.011364972983,-0.17914085373282432,96.0,2.4999999999999996,83.34451901565996,1.2625012672721743,2377.6278495788574,0.7562294006347656
2303,24409.96105475324,-0.28451872169971465,95.0,2.5,89.34416977085449,2.6689325980462044,2277.688503265381,0.04765510559082031
2304,23521.35433459496,-0.2519452866911888,96.0,2.5,84.86092111263109,1.283839236009481,2467.8170680999756,0.24585533142089844
2305,19647.47501440337,-0.1370858792960644,86.0,2.5,76.96809731466605,1.4252680984375985,2457.080364227295,0.14571762084960938
2306,24101.434000631158,-0.16392223581671714,88.0,2.5,90.62863795110594,1.255653697695896,2450.9406089782715,0.00048828125
2307,24413.859911059317,-0.25311571449041365,97.0,2.5,88.00775901414879,1.7007769840947466,2559.943437576294,1.609487533569336
2308,25028.85935329388,-0.21314746141433716,95.0,2.4999999999999996,85.2520013530274,1.3134989713562273,2524.1270065307617,0.2316417694091797
2309,22422.915299443957,-0.19731013596057892,87.0,2.5,80.27768294070786,1.5007876594375151,2479.3500900268555,0.0074596405029296875
2310,26117.114273255618,-0.18567011699080468,100.0,2.5,95.4878736604625,1.861260407647613,2498.8574981689453,0.4488487243652344
2311,25442.26263441119,-0.18525086343288422,97.0,2.5,89.07048008171604,1.658725551615332,2626.779079437256,0.5928153991699219
2312,22472.180584674465,-0.15130868539214135,100.0,2.5,87.9649398808855,2.5028210989265354,2419.503688812256,0.012357711791992188
2313,29860.650632075412,-0.22447988003492356,100.0,2.5,98.38927686415859,2.4179340596124117,2598.2162952423096,0.2912616729736328
2314,25618.01193717352,-0.19432210683822632,100.0,2.4999999999999996,90.25200458190149,1.7411026219630932,2575.071334838867,0.05551719665527344
2315,26147.812039378205,-0.2147538684308529,99.0,2.5,90.68876113177771,1.187584503456228,2471.9204902648926,0.9225025177001953
2316,18489.667218188282,-0.24679350703954697,80.0,2.5,70.01129943502825,1.5873673494753164,2443.117141723633,0.6979846954345703
2317,24177.78767748172,-0.21185769870877266,93.0,2.5,89.10823689584751,2.4200315510354784,2358.987808227539,1.0667972564697266
2318,20374.493854077275,-0.23643823638558387,81.0,2.5,71.33613349982973,1.4105296718998164,2532.5562953948975,0.7424736022949219
2319,26430.212555048678,-0.21301113218069076,100.0,2.5,94.9412827461608,1.69487702838327,2591.3310050964355,0.14391708374023438
2320,25421.289828612724,-0.21565354168415068,96.0,2.5,86.50011203226529,1.0021180234785156,2488.877058029175,0.5660781860351562
2321,21380.76559512195,-0.2089771494269371,88.0,2.4999999999999996,81.45114776790864,1.579767403038228,2411.3986492156982,1.7537803649902344
2322,24396.523756660503,-0.2420516750216484,95.0,2.5,85.89905001716836,0.924420097577677,2453.340530395508,0.3877372741699219
2323,26639.161964293624,-0.28546238198876384,93.0,2.5,87.42045454545455,1.556358885998401,2498.3503818511963,0.1114349365234375
2324,25704.68522051013,-0.16042940333485603,98.0,2.5,94.09111411817773,1.7612444651596366,2512.96329498291,0.013216018676757812
2325,23565.192915778225,-0.26446415930986406,96.0,2.5,88.28278168608004,1.850891604670076,2456.6609859466553,0.19879722595214844
2326,23796.014126662943,-0.12855045825242997,100.0,2.5,86.10299078030133,1.5029068094169113,2614.41707611084,0.8664188385009766
2327,27160.516728244907,-0.15381546854972838,100.0,2.4999999999999996,94.17765042979943,1.2313104661389622,2406.3949584960938,0.8842601776123047
2328,22631.985573068694,-0.2739244700968266,98.0,2.5,90.09580976567008,1.5555792581947196,2668.1947708129883,0.36247825622558594
2329,27814.913287863194,-0.158662838190794,100.0,2.4999999999999996,96.94333142530051,1.8161881402395035,2479.4201850891113,0.052364349365234375
2330,23773.312104520548,-0.1633145397901535,89.0,2.4999999999999996,84.35818160998511,1.8438522564090492,2402.3399353027344,0.17319869995117188
2331,19691.19445367597,-0.1982223205268383,81.0,2.4999999999999996,72.84370395557067,0.5718253482007923,2444.94366645813,0.4732627868652344
2332,23494.838492427712,-0.20282459437847136,100.0,2.5,86.76305761040125,1.2490939140015656,2588.597059249878,0.21356201171875
2333,24928.479164822696,-0.1362996856868267,96.0,2.5,87.13201471941122,1.332205540283358,2512.842893600464,1.1752243041992188
2334,23207.007077309878,-0.2442498882114887,96.0,2.5,83.58422151411932,1.0593880823015944,2377.166271209717,0.15489578247070312
2335,25062.74570390029,-0.2496880328655243,99.0,2.5,89.40526860692512,2.2106335859175297,2577.7246952056885,1.2996654510498047
2336,27659.670607051183,-0.17453863590955734,96.0,2.5,93.0314379752582,2.5294431779682913,2419.2612171173096,0.3382682800292969
2337,24866.306354596964,-0.27601724833250046,97.0,2.5,87.7216610549944,1.2801637873524878,2657.555341720581,0.6528987884521484
2338,23190.369026375804,-0.18261174499988556,90.0,2.4999999999999996,84.93356441363373,2.0436725205099227,2455.4989337921143,1.4396724700927734
2339,15620.751704749498,-0.198914093375206,70.0,2.4999999999999996,57.615894039735096,1.2455834986208372,2492.2637939453125,0.05627632141113281
2340,23836.81863362066,-0.1756951653957367,100.0,2.5,92.52776842813869,0.7999392303287405,2612.2381687164307,0.37270355224609375
2341,22829.424539246873,-0.18148722901940345,92.0,2.5,83.12831508859045,1.4081418298918502,2403.3117294311523,0.3306903839111328
2342,21750.32431809779,-0.07629017442464829,91.0,2.5,83.91163543835299,1.2115989339299065,2479.0098667144775,0.2596588134765625
2343,26288.205793654357,-0.09816439598798751,98.0,2.4999999999999996,90.66742081447964,1.730542982491727,2494.861602783203,0.17766761779785156
2344,25306.21901706668,-0.1914666098356247,91.0,2.4999999999999996,84.40252992997516,2.049211504139969,2471.156120300293,0.43283653259277344
2345,23581.387786848252,-0.21007619306445122,100.0,2.5,90.52679693749286,2.0287137548148064,2512.7174854278564,0.17635345458984375
2346,26072.775764522736,-0.14993934974074363,100.0,2.4999999999999996,89.48738259590358,1.1937636635600046,2493.2897090911865,0.12178230285644531
2347,22661.059530576265,-0.23690438717603685,89.0,2.5,81.93778570632178,1.5400197371838156,2464.918613433838,0.741943359375
2348,28210.309378152597,-0.20793872728943824,100.0,2.5,90.11289770783442,0.9698199160082568,2504.136085510254,0.04462432861328125
2349,26862.161095331227,-0.24646216243505478,100.0,2.4999999999999996,93.82200135531963,1.9087435532786183,2620.252847671509,0.6000156402587891
2350,27171.829548323396,-0.20061731204390526,100.0,2.4999999999999996,94.51879436750843,1.8129368811135989,2410.0592136383057,0.05168914794921875
2351,27412.4826184485,-0.25996087029576304,100.0,2.4999999999999996,92.43379571248424,1.0951131206527032,2311.927318572998,0.027072906494140625
2352,25855.33004325871,-0.19790934383869171,100.0,2.5,90.65306575008316,1.3434943800388395,2439.6278858184814,0.1775798797607422
2353,23294.157445483634,-0.18122632846236228,87.0,2.5,87.1913224094161,1.1793522634491518,2432.8339099884033,0.6772594451904297
2354,26050.738650886702,-0.24355871841311455,98.0,2.4999999999999996,90.0011323745895,2.111270574516751,2405.6477546691895,0.0042972564697265625
2355,15121.54932099028,-0.11414885774254799,69.0,2.5,65.00510957193141,0.8037328927686365,2574.2125511169434,0.3945903778076172
2356,25995.89839495153,-0.2126936149597168,99.0,2.5,84.56996434937611,1.4586709886547813,2429.234504699707,1.1267261505126953
2357,17789.60521192109,-0.14048264533281327,73.0,2.5,70.48294495103006,1.1298175833219037,2489.8831844329834,0.10297775268554688
2358,22489.762132491134,-0.21106756880879401,84.0,2.4999999999999996,76.88050598599503,1.4829494592357801,2657.144546508789,0.8287448883056641
2359,22212.405142241372,-0.14486160159111022,89.0,2.5,80.96529897140273,1.6710290077656884,2495.8410263061523,0.6766529083251953
2360,23698.156937201515,-0.22901772901415826,93.0,2.5,83.166838902285,1.2359109716079326,2601.520538330078,0.7598628997802734
2361,24896.317190232996,-0.27458327889442447,99.0,2.4999999999999996,91.75084175084174,2.2067723469322122,2295.7544326782227,0.5928134918212891
2362,25972.32516348637,-0.24981810450553893,100.0,2.5,87.26651480637814,1.1706836602703312,2480.334520339966,0.45242881774902344
2363,26405.992091323234,-0.20286337703466414,99.0,2.4999999999999996,90.97505668934241,1.1972408415089362,2488.0599975585938,0.18935394287109375
2364,25088.508485534036,-0.15506722033023834,96.0,2.4999999999999996,88.5283104504709,1.6615783346877813,2659.226179122925,0.857269287109375
2365,24017.21516751617,-0.21721092700958253,96.0,2.5,87.94986777049557,0.8879460298058389,2473.0794429779053,0.8721485137939453
2366,24238.54552918469,-0.2258383873105049,100.0,2.5,91.78303519907675,0.9476918738212605,2535.923957824707,0.04700469970703125
2367,22140.31238701757,-0.17191828429698944,86.0,2.5,82.11645101663586,1.5502228519141652,2545.0477600097656,0.3990478515625
2368,26091.600441655122,-0.23952923849225044,99.0,2.5,93.6721419909602,1.530564899663612,2578.63712310791,1.6542339324951172
2369,24562.07057249103,-0.2187578137218952,90.0,2.5,85.59773371104816,0.9466586477296384,2492.933988571167,0.8595314025878906
2370,25000.223306329946,-0.25290913462638853,100.0,2.4999999999999996,88.93988581663494,1.7315769596117974,2489.5174503326416,0.7236080169677734
2371,25175.72758577726,-0.2698633183538914,96.0,2.5,90.15520561912315,1.5991648805623728,2478.111743927002,0.1332073211669922
2372,17176.721872075897,-0.28294331818819046,72.0,2.5,68.03147810218978,1.0386307628253457,2362.274646759033,0.7861976623535156
2373,27656.234302339566,-0.20092387944459916,100.0,2.5,95.82859740850193,0.9927594086391542,2479.1338443756104,0.6136150360107422
2374,25971.18579693432,-0.2090164117515087,100.0,2.5,89.39377023556995,2.0801936338311187,2482.2962284088135,0.18984222412109375
2375,24447.729409208994,-0.25804096162319184,98.0,2.5,92.13077790304396,1.3112664858292022,2541.5735244750977,0.5884914398193359
2376,20670.28310140687,-0.2625050687789917,89.0,2.4999999999999996,80.53645892032007,1.5450994111130547,2415.161609649658,0.2495098114013672
2377,23380.920563344007,-0.24342154815793038,90.0,2.5,82.29782487451199,1.0943343953456157,2588.3774757385254,0.32706451416015625
2378,24276.4826150112,-0.19228454411029816,96.0,2.5,85.8133454586791,1.1978319783197833,2515.963554382324,0.28964805603027344
2379,23870.767623846892,-0.2553534907102585,98.0,2.5,89.40420158420388,2.2406656870818598,2476.1364459991455,0.7915706634521484
2380,24830.206874392294,-0.2043549573421478,100.0,2.4999999999999996,91.99555308504725,1.8198392127575451,2280.5938720703125,0.17470741271972656
2381,27044.57653994295,-0.16987744033336638,100.0,2.4999999999999996,97.12205664884542,1.4277219218359414,2464.3499851226807,0.2946319580078125
2382,23647.012869234073,-0.2555680000782013,98.0,2.5,90.76629642095814,2.2165440557084293,2457.066059112549,0.12554168701171875
2383,26386.902845355566,-0.17817943274974823,100.0,2.5,91.56352901101397,1.470857038407933,2551.6841411590576,0.1358203887939453
2384,23457.695195883367,-0.24356140077114105,86.0,2.5,81.70017231476163,1.2768037143380782,2634.6700191497803,0.5864887237548828
2385,25206.572998528496,-0.14614418566226958,100.0,2.4999999999999996,89.4814646349784,1.8203931107536584,2600.6271839141846,0.015071868896484375
2386,25276.01011017432,-0.2343863609433174,100.0,2.5,93.44863131370977,1.8194966734162568,2567.290782928467,0.28510284423828125
2387,10637.046597618822,-0.14782459750771523,50.0,2.5,45.34843803638861,0.7560162721168455,2511.02614402771,0.0059413909912109375
2388,25411.980613379863,-0.24798973962664606,96.0,2.5,90.23668639053254,1.8308882664522033,2499.5789527893066,1.789022445678711
2389,28246.48330619581,-0.1984327219426632,98.0,2.5,95.66292134831461,1.3690787206367911,2453.2382488250732,0.17925643920898438
2390,23968.120889201982,-0.2512915161252022,96.0,2.5,86.44029428409735,1.5964793183361032,2549.3879318237305,0.7458362579345703
2391,18535.043352953864,-0.24566666662693024,81.0,2.5,70.87019823048493,0.7303791551929001,2562.498092651367,0.6300849914550781
2392,26237.5011188187,-0.22581182897090912,99.0,2.4999999999999996,96.52064795801962,1.2405269112471786,2511.66033744812,0.4898719787597656
2393,24680.937722247134,-0.2351265597343445,99.0,2.5,90.68035653841814,1.1631682059893647,2338.698148727417,0.1527729034423828
2394,27157.859771188636,-0.24757943764328957,100.0,2.5,96.06470858191831,1.1142604074402125,2381.7431926727295,0.7353229522705078
2395,25818.602784793267,-0.22197759106755258,93.0,2.4999999999999996,87.5355396337996,1.7490800367985282,2562.753200531006,0.3048439025878906
2396,23108.886354773353,-0.2799207900464535,97.0,2.5,84.8023625624716,1.6881753557206267,2462.026357650757,0.6289958953857422
2397,22086.677388025906,-0.22630149453878404,87.0,2.5,77.28843795294905,1.0651041372373966,2466.773271560669,0.21368026733398438
2398,26832.4812910397,-0.27199197202920916,100.0,2.5,93.6504349790984,0.8370966609729275,2556.835412979126,0.8076839447021484
2399,27679.172656542196,-0.2388949763774872,98.0,2.5,98.90747695459201,1.1269640185496212,2569.8843002319336,0.6517276763916016
2400,27101.0162528652,-0.21945194646716118,100.0,2.5,96.96196660482374,2.2929067970407284,2568.098306655884,0.6620101928710938
2401,20073.712206261338,-0.19023446932435037,86.0,2.5,75.77827547592385,1.6127180240902983,2500.521659851074,0.31081390380859375
2402,26184.3393701583,-0.17680103555321694,100.0,2.4999999999999996,95.15483944692035,1.7739134234125986,2546.8761920928955,0.09512901306152344
2403,26542.712669219043,-0.2421380862593651,100.0,2.5,92.91642978965321,0.9239974875202487,2581.876039505005,1.2035846710205078
2404,26255.940837819217,-0.20193625703454018,99.0,2.5,93.504292815183,1.9731255006595154,2727.405548095703,0.9104785919189453
2405,23826.719780737574,-0.18623543977737428,95.0,2.5,86.66966393166236,1.3941415113800453,2585.89506149292,0.19432449340820312
2406,18253.136476823638,-0.15337327271699905,81.0,2.5,72.0695457094784,1.1322786238994147,2185.3270530700684,0.32800865173339844
2407,24843.32145143678,-0.1934648984670639,96.0,2.4999999999999996,89.33303136677613,1.8572945877143194,2461.458921432495,0.02120208740234375
2408,26540.753750881344,-0.1670445692539215,97.0,2.5,84.31638418079096,1.4530704176074085,2530.353546142578,0.03595733642578125
2409,23266.775724537925,-0.17663080528378486,94.0,2.5,91.7141554593116,1.5014840587118021,2374.5877742767334,0.024631500244140625
2410,24416.95729342247,-0.2445250090956688,98.0,2.5,89.99211089823058,1.1227405789693787,2381.0291290283203,0.6960983276367188
2411,26194.243180989863,-0.19278232157230377,99.0,2.4999999999999996,91.61000345741616,1.8061583201947666,2327.6093006134033,0.493255615234375
2412,23046.877641752224,-0.15861296743154527,94.0,2.5,88.06831033702782,2.145124341033921,2408.9438915252686,0.8190402984619141
2413,25729.77230920081,-0.25959248244762423,97.0,2.4999999999999996,91.13483146067416,2.691339748334567,2382.8375339508057,0.4294414520263672
2414,24569.42541737236,-0.25635488212108615,98.0,2.4999999999999996,91.43473815744633,1.1883185535201848,2521.078109741211,0.10780525207519531
2415,24659.99821874097,-0.16340706765651702,100.0,2.5,95.89213998852553,1.0712316843174234,2556.316375732422,1.0021114349365234
2416,15399.977527633751,-0.25947622328996656,60.0,2.5,55.86763702524449,0.8899511518148726,2421.071767807007,0.7115020751953125
2417,25523.805174291127,-0.16184597864747047,100.0,2.5,93.19665559500629,1.51946709544045,2550.027847290039,0.7041473388671875
2418,21243.353237965373,-0.24306528344750405,84.0,2.5,81.80563542265669,0.52999788000848,2588.8397693634033,0.2794189453125
2419,27837.663775145724,-0.20027557700872423,95.0,2.5,93.43115124153499,2.4820145920949113,2558.063745498657,0.43720054626464844
2420,13700.733190512221,-0.23884984195232392,61.0,2.5,55.03531556163135,1.2078407586476383,2380.2337646484375,1.2451934814453125
2421,23323.55953402934,-0.19384998977184295,96.0,2.5,90.75091575091575,1.4229598460092217,2529.324531555176,0.5022544860839844
2422,25688.36293436194,-0.23227667897939683,100.0,2.5,93.94079555966698,1.4902529402287739,2459.1658115386963,0.5635414123535156
2423,22552.477489450837,-0.2538920170068741,86.0,2.5,84.43369699696322,1.1944211994421199,2411.8223190307617,0.491302490234375
2424,25841.45766731094,-0.21611449792981147,100.0,2.5,94.70661110485416,1.263545123755448,2458.0788612365723,0.36179161071777344
2425,26292.227431051964,-0.2702249160408974,100.0,2.5,93.29350766456267,1.3465575906754508,2458.1310749053955,0.6736354827880859
2426,26361.25200886947,-0.18552999287843705,99.0,2.5,94.80666742261027,1.5191025675350058,2582.8566551208496,0.43408775329589844
2427,27280.798564966848,-0.2707226665318012,99.0,2.5,97.21934964954613,1.6418330053415802,2506.093978881836,0.45540428161621094
2428,23132.82781376504,-0.2587763364613056,93.0,2.5,84.64233246694542,1.5215031315240082,2388.427972793579,0.2645111083984375
2429,24310.856274241938,-0.21440594911575317,99.0,2.5,92.55670808161405,1.5476595697956583,2417.8085327148438,0.08366775512695312
2430,25384.27113622435,-0.2540234409272671,95.0,2.5,90.09957003847025,2.5021672782547766,2600.031614303589,0.30049896240234375
2431,18888.16313420062,-0.2763321313261986,79.0,2.5,77.40546829552065,1.0768622251438695,2412.947654724121,0.9290485382080078
2432,25927.754216703346,-0.219111687541008,100.0,2.5,94.01170127337387,1.8223724820622598,2471.341133117676,1.2223529815673828
2433,26602.768850690547,-0.19206888765096664,98.0,2.4999999999999996,90.1102610261026,1.6651718277945622,2483.295202255249,1.0693111419677734
2434,25972.262886394295,-0.21621515691280366,100.0,2.5,92.55001149689583,1.2662933880107703,2520.402193069458,0.6777324676513672
2435,14829.748928349849,-0.2632406125962734,64.0,2.5,59.20290677869876,0.5117884463487735,2294.9187755584717,0.2067413330078125
2436,23979.545313486735,-0.21069396644830704,99.0,2.4999999999999996,92.8596348412606,1.8269423810479821,2489.959955215454,0.0029964447021484375
2437,25400.97064153042,-0.23470028176903723,100.0,2.5,91.29591603924253,2.2278762355968884,2476.246118545532,0.3383674621582031
2438,24264.818516935353,-0.22462650492787362,96.0,2.5,89.85036538684608,1.208925220374093,2436.8090629577637,0.2749652862548828
2439,25533.042876775937,-0.1312993785738945,96.0,2.4999999999999996,95.88338192419825,0.7130906836076889,2461.9336128234863,0.8025169372558594
2440,24086.379470525266,-0.11579079940915107,93.0,2.5,79.8149610741284,1.426321559548786,2518.486976623535,0.75994873046875
2441,18875.52297301131,-0.16783329874277114,85.0,2.4999999999999996,78.735310576385,1.9827794224102924,2420.3689098358154,0.3964653015136719
2442,23586.731363498944,-0.23299072220921516,100.0,2.5,87.51833878794719,1.525752292249245,2530.428886413574,1.2290534973144531
2443,22119.81913963795,-0.269404670894146,98.0,2.5,87.26690310033177,1.3057269609680506,2445.9128379821777,0.0825042724609375
2444,25084.878112517512,-0.1779131132364273,98.0,2.5,88.66792578602377,1.6669770907059043,2467.2670364379883,0.24950027465820312
2445,25058.945961846566,-0.26827954187989234,100.0,2.5,88.07961999547614,1.838880744239923,2609.42006111145,0.39658164978027344
2446,26699.773181682438,-0.20685113698244095,98.0,2.5,89.68411236740879,1.7394988842123105,2542.753219604492,0.49498748779296875
2447,21227.2947103644,-0.1894966769218445,84.0,2.5,76.19795758051846,1.57627148461552,2497.605562210083,0.3822364807128906
2448,24762.353531007833,-0.1589452201128006,100.0,2.5,84.99602769265691,1.1221952331223568,2442.793369293213,0.40253257751464844
2449,25945.896413075578,-0.22130220994353295,96.0,2.5,89.34871099050203,1.4786338289419019,2418.329954147339,0.7017040252685547
2450,24411.72054437999,-0.2540627267956734,92.0,2.5,86.20999438517687,2.036396382019526,2484.574317932129,0.03512763977050781
2451,26064.797316120315,-0.15890095591545106,100.0,2.5,90.754039497307,1.0855480028190148,2346.5654850006104,0.4252948760986328
2452,23027.479292639215,-0.24931329011917114,100.0,2.5,90.16560798548095,1.1994811813454849,2230.0808429718018,0.3867454528808594
2453,23295.450892451725,-0.24091420099139213,94.0,2.5,83.90061266167461,1.689984912787227,2478.609085083008,0.14780426025390625
2454,23236.46823917975,-0.26157425105571747,91.0,2.4999999999999996,87.03344367081384,1.3533468944780838,2332.3869705200195,0.22525978088378906
2455,24451.73131944242,-0.21345875024795533,100.0,2.5,93.2568647897115,1.2385835416131368,2553.740978240967,0.9407253265380859
2456,19147.734468008395,-0.19295324072241782,85.0,2.5,73.7405972190563,1.079392881071585,2470.439910888672,0.8393211364746094
2457,25664.63748882741,-0.24679362073540687,95.0,2.5,90.57913300716805,1.6679450115051035,2341.440200805664,0.5268211364746094
2458,23040.45570783158,-0.18963016152381898,97.0,2.4999999999999996,89.7963852665294,1.6111756796791321,2617.4187660217285,0.07683372497558594
2459,26509.54250726574,-0.24470413237810135,100.0,2.5,90.76836158192091,2.1860634888044803,2384.7579956054688,0.19300460815429688
2460,27804.647032370485,-0.23922046318650245,100.0,2.5,97.46459570580174,0.8516719391959249,2344.503879547119,0.19088363647460938
2461,24343.086663222828,-0.18412700220942496,99.0,2.5,91.14577488497363,1.4781199351701781,2432.504177093506,1.0262928009033203
2462,26216.8963826854,-0.26948739379644393,100.0,2.4999999999999996,96.72764458584253,1.2072188007476177,2471.0693359375,0.056415557861328125
2463,26723.975651412748,-0.11219836071133614,100.0,2.5,95.05019037729318,1.5609938648915298,2602.2520065307617,1.0093631744384766
2464,22769.49812516116,-0.3241896277666092,93.0,2.5,84.73992421632794,1.8888421244212896,2484.196901321411,0.7551479339599609
2465,16329.450281499776,-0.1964368961751461,68.0,2.5,59.459763646595384,1.2524441758780507,2431.6394329071045,1.1684799194335938
2466,19611.38515425359,-0.1960628853738308,78.0,2.5,72.99006323396567,0.8911536000645596,2438.485622406006,0.27350807189941406
2467,24882.45039883394,-0.24601752281188966,100.0,2.5,91.71488081462624,1.1229998072103335,2532.8807830810547,0.1019744873046875
2468,25596.29797561295,-0.20675694525241853,100.0,2.5,95.51610333447138,1.850344847487952,2430.708885192871,0.7779884338378906
2469,25841.423747314297,-0.20096359580755233,100.0,2.5,95.98918431726003,1.5450747981746045,2564.626693725586,0.1410388946533203
2470,25685.360706503096,-0.21122244939208032,95.0,2.5,87.50280457706978,1.4952463267070009,2476.4928817749023,1.2393436431884766
2471,24695.951157566586,-0.19932301327586174,96.0,2.5,92.10407239819004,2.0216205233624756,2482.127904891968,0.6873054504394531
2472,26387.86509187762,-0.18790080189704894,100.0,2.5,92.3059792896114,1.1931901958782765,2503.565788269043,1.067220687866211
2473,25242.294515405007,-0.20855268687009812,100.0,2.4999999999999996,87.79049994331707,1.8590508667235008,2540.665864944458,0.15755271911621094
2474,23628.529975409445,-0.17462554574012756,91.0,2.5,82.27140621506818,1.193636233338111,2509.3369483947754,0.010711669921875
2475,24801.861627105543,-0.22489123851060866,100.0,2.5,89.01767271058067,1.789439525288582,2531.6007137298584,0.019960403442382812
2476,27866.32832365935,-0.19608891189098357,100.0,2.5,96.07487237663074,1.7653233429795923,2508.8584423065186,0.10090065002441406
2477,20552.06506196467,-0.2262534348666668,82.0,2.4999999999999996,77.20856102003643,1.8582582650594224,2547.391176223755,0.5479450225830078
2478,24344.859787454843,-0.21450091391801834,100.0,2.5,90.2651858567543,1.7707864669255082,2479.4371128082275,0.2896137237548828
2479,24787.289294022477,-0.29854812055826185,94.0,2.4999999999999996,87.53629662720573,1.2101184654470956,2457.8945636749268,0.8332920074462891
2480,15611.298927900962,-0.16485124707221985,72.0,2.5,64.18094278356287,0.9107644608080612,2560.274839401245,1.0067005157470703
2481,25291.97353301564,-0.16200265020132065,96.0,2.4999999999999996,86.6500170280395,1.7290688665056286,2328.3395767211914,0.47678184509277344
2482,22185.49939156653,-0.21794555753469466,91.0,2.4999999999999996,80.33318425760287,1.6320315804314114,2454.4389247894287,0.48473358154296875
2483,24410.737769192197,-0.17067109152674675,94.0,2.5,86.6925359506962,1.1611072006958632,2573.179006576538,0.036640167236328125
2484,26928.570570946405,-0.15185457348823547,100.0,2.4999999999999996,92.83582089552239,1.4200482086992199,2520.811080932617,0.9467811584472656
2485,27053.467232778556,-0.22049266412854196,100.0,2.5,93.05354558610709,2.3880742068548475,2563.291549682617,1.1961536407470703
2486,25536.0506946232,-0.20326466992497444,84.0,2.4999999999999996,82.33995584988962,1.327826977393183,2514.0442848205566,0.6915721893310547
2487,23873.423685628048,-0.2640654471516609,98.0,2.5,92.161304938831,1.4946514635006465,2400.660514831543,0.9582633972167969
2488,24623.72972627973,-0.24230964377522468,96.0,2.5,91.59016207639125,1.5212174354477697,2449.8982429504395,0.8360958099365234
2489,25111.137056209343,-0.20963968008756637,97.0,2.5,89.50011412919426,1.219424876487792,2451.9731998443604,0.1270885467529297
2490,28303.728156328376,-0.18048684701323509,100.0,2.4999999999999996,95.87699316628702,2.4034565026311885,2481.2731742858887,0.8534393310546875
2491,25416.56607098801,-0.2271313762664795,100.0,2.5,88.34264856849549,1.5133481678252518,2627.676010131836,0.18963241577148438
2492,21612.285341964307,-0.2428877717256546,97.0,2.5,84.45111778445111,0.9515290863894025,2452.2764682769775,0.026012420654296875
2493,25731.04179147942,-0.2529231120646,100.0,2.5,89.81047937569677,1.0236810049060694,2392.118453979492,0.3629779815673828
2494,26257.97948858854,-0.20140347227454186,100.0,2.5,89.8507802711015,1.7695697605742584,2621.6211318969727,0.9309825897216797
2495,24662.82718243342,-0.19785966604948044,100.0,2.5,89.21479114357453,1.813865309398965,2590.9881591796875,0.12305450439453125
2496,27997.586212234237,-0.19741610676050186,100.0,2.5,96.54349061967027,2.429767248401241,2502.641201019287,0.6120719909667969
2497,22257.260476784846,-0.23254131630063057,99.0,2.5,82.38336143901068,1.178915062110062,2468.9464569091797,0.10040283203125
2498,25001.017897709447,-0.18190430283546447,99.0,2.5,88.39285714285714,1.0759826293806876,2529.672622680664,0.119964599609375
2499,24375.277775157763,-0.2427733162045479,99.0,2.5,88.52109515260324,2.543115182936212,2379.040241241455,0.28243446350097656
2500,27294.38068370343,-0.22830936312675476,100.0,2.4999999999999996,96.18938961779806,1.5421993341998608,2477.1318435668945,0.6379928588867188
2501,22856.909254720358,-0.23183279022574424,97.0,2.5,83.37111766039446,1.1005875914863434,2418.712377548218,0.23374366760253906
2502,23900.29428017263,-0.19689041793346404,100.0,2.4999999999999996,90.23186409550046,1.4904872179085502,2449.354887008667,0.3056163787841797
2503,22379.395459691103,-0.18003772288560868,100.0,2.5,87.40898398118068,1.2639465471620548,2505.8910846710205,0.3896045684814453
2504,15269.455469353215,-0.25231399059295656,65.0,2.5,62.564751928168526,1.2582336489924368,2365.4565811157227,0.2301197052001953
2505,21100.72857111644,-0.17423908293247223,82.0,2.5,74.46153846153845,1.567670192568484,2352.4508476257324,0.3007965087890625
2506,23983.050023921154,-0.24487523168325423,99.0,2.5,95.2715949717449,1.669160879532321,2642.5623893737793,0.9534988403320312
2507,16154.130361793535,-0.24509344696998597,68.0,2.5,62.475909760798096,0.7362259368776779,2400.28977394104,0.7660636901855469
2508,26479.164936072877,-0.2248326475918293,99.0,2.4999999999999996,93.53990395609422,2.4921582234559336,2521.3866233825684,0.00531005859375
2509,23256.346902085705,-0.21177985653281212,84.0,2.5,85.16641713693424,1.9725815706794385,2520.6563472747803,0.09186363220214844
2510,20009.035877894872,-0.21285124704241754,80.0,2.5,73.87192342752962,1.106812683348722,2479.5315265655518,1.0058822631835938
2511,26309.05672806663,-0.18288721203804015,99.0,2.5,93.08111792774369,1.9478396175356305,2347.878932952881,1.5764503479003906
2512,26051.47283858073,-0.261072034239769,99.0,2.5,94.27262313860251,1.3019845078911534,2477.7965545654297,0.00562286376953125
2513,15200.26068372482,-0.2330726858973503,66.0,2.5,63.18598445295278,0.6645575213418407,2441.704034805298,0.04425239562988281
2514,25541.121479111967,-0.17107651740312577,96.0,2.4999999999999996,87.20865395338463,1.3939404097458503,2690.103054046631,0.5498275756835938
2515,24132.860227636815,-0.22051807045936583,97.0,2.5,92.75262917238226,1.1245538296169506,2499.1886615753174,0.9014015197753906
2516,25875.613471916568,-0.2574128971993923,100.0,2.5,87.77010974092092,1.2101752120779676,2404.4578075408936,1.1565475463867188
2517,26313.18024962348,-0.15847087144851685,100.0,2.5,92.5333034814732,1.881648549671569,2543.065071105957,1.0716323852539062
2518,23817.72304611901,-0.1685575243830681,96.0,2.5,80.47179258929566,1.493340065529145,2431.215763092041,0.22202491760253906
2519,23024.657380516404,-0.20931625753641128,97.0,2.5,86.41347349383972,2.1621502727432693,2482.680082321167,0.8129749298095703
2520,25597.596190755845,-0.23800126314163209,100.0,2.4999999999999996,95.62471290767111,1.8228254359298894,2314.5177364349365,1.0365829467773438
2521,26426.291819433252,-0.17408622816205024,99.0,2.5,90.84847091285353,1.2153632660369755,2531.2647819519043,0.7354660034179688
2522,25310.474548944865,-0.19721218287944794,100.0,2.5,90.04182208658302,0.9417562671567623,2520.8053588867188,1.0049991607666016
2523,25098.21173502825,-0.2545032173395157,100.0,2.4999999999999996,95.19197903611712,1.2347142711967751,2506.1213970184326,0.06517791748046875
2524,24598.19127384984,-0.20912971809506417,97.0,2.4999999999999996,83.10773632662045,1.4778730477428699,2361.868143081665,0.6821727752685547
2525,26024.632652308213,-0.1884955272078514,99.0,2.5,92.74002035508312,1.2644466665116387,2408.092975616455,0.5963478088378906
2526,25660.74470272774,-0.24984917894005776,100.0,2.5,91.13345521023766,2.255090192110921,2627.815008163452,0.8900642395019531
2527,27101.453586154377,-0.2326650546491146,100.0,2.4999999999999996,95.35803026880507,1.6620793749445084,2618.232488632202,0.21157264709472656
2528,24965.987776027163,-0.16383455723524093,97.0,2.5,85.93466424682396,1.535167789690311,2406.8639278411865,0.0635528564453125
2529,25474.045088926538,-0.18754425138235092,100.0,2.4999999999999996,91.05519840390157,2.188193824532491,2390.8302783966064,0.2860431671142578
2530,25903.338076877666,-0.20642097562551498,100.0,2.5,93.38899691181517,1.7333565891006635,2434.76939201355,0.05876350402832031
2531,26306.301864626366,-0.1608111947774887,100.0,2.5,89.61761034834903,1.4143445868229556,2343.1975841522217,0.7383804321289062
2532,26232.01305303015,-0.2268769273161888,100.0,2.5,93.61605107159143,1.270709440145224,2541.896343231201,2.6485233306884766
2533,23775.533191285765,-0.23128270328044892,98.0,2.5,83.92385563380282,1.7984501343927637,2353.602170944214,0.5786838531494141
2534,18978.033100585882,-0.1173112377524376,79.0,2.5,71.48727314233535,1.3332870185432841,2310.744524002075,0.6687221527099609
2535,26381.409084917104,-0.2025752580165863,100.0,2.5,87.91629162916291,1.4204893477219827,2602.5376319885254,0.1298961639404297
2536,27573.9052447934,-0.21503201693296434,99.0,2.4999999999999996,98.6055088164112,2.591334652529608,2514.415740966797,1.0217361450195312
2537,26847.939020617378,-0.23537808924913406,99.0,2.5,94.02831696734414,2.2600940343439584,2438.2967948913574,0.39002227783203125
2538,22382.799951231973,-0.23479144513607025,98.0,2.5,87.39667081870682,1.7759688672945404,2317.6116943359375,0.9094371795654297
2539,18215.866884168063,-0.16285479724407195,76.0,2.5,69.7220646625071,1.4254620194333947,2440.6797885894775,0.9722843170166016
2540,20964.853887836907,-0.2490711735188961,79.0,2.5,77.43378052975575,1.4340127417416737,2425.3151416778564,0.22469329833984375
2541,26972.22236983068,-0.19143374219536782,100.0,2.4999999999999996,95.230470090358,1.716238300401129,2421.8132495880127,1.0142860412597656
2542,21954.030119337127,-0.13598336920142173,87.0,2.5,83.8329519450801,0.9044473900722186,2581.6490650177,0.1583843231201172
2543,20627.940822723067,-0.2720560754835606,86.0,2.5,82.17765042979943,1.5886566522877221,2454.2837142944336,0.01959228515625
2544,27841.077317474374,-0.1864775201678276,100.0,2.5,97.42489270386267,1.629128650120164,2513.8049125671387,0.09300422668457031
2545,24455.87471522506,-0.2874891717731953,94.0,2.5,86.39879921487126,1.541010951153169,2508.697032928467,0.3478832244873047
2546,25158.22637351902,-0.19295029684901238,96.0,2.4999999999999996,88.74754250028913,1.0744993809702297,2442.9397583007812,0.42520904541015625
2547,27492.6019403693,-0.23444455802440645,100.0,2.5,96.9050894085282,1.9796908597611087,2369.8177337646484,0.6208000183105469
2548,27055.37758243672,-0.24841239169239998,100.0,2.4999999999999996,91.15857159260536,1.1514432942678645,2454.871416091919,0.3136444091796875
2549,24186.22952171387,-0.27693101614713667,98.0,2.5,87.1812155937535,1.2808270483226312,2434.6535205841064,0.07661247253417969
2550,22482.119514499904,-0.2150672683119774,96.0,2.5,83.85870780236976,0.7704099236943475,2413.620710372925,0.6022586822509766
2551,26892.618241418928,-0.1680427211523056,98.0,2.4999999999999996,89.74532341672301,1.8530166771500944,2481.994867324829,0.2947540283203125
2552,25307.42535464603,-0.2186182351410389,96.0,2.4999999999999996,84.4019030357952,2.102261130510092,2637.7992630004883,0.3565788269042969
2553,23692.163594601396,-0.24261089026927948,97.0,2.5,87.73574122756887,1.0041530877560383,2459.2127799987793,0.09483909606933594
2554,23851.25784779128,-0.18382586911320686,87.0,2.5,80.60204425474559,0.9317820543173132,2577.4827003479004,0.26850318908691406
2555,25091.092809527127,-0.21175774022936822,100.0,2.5,92.7345537757437,1.4796114746303801,2472.623586654663,0.1880645751953125
2556,26602.48179051354,-0.16740133345127106,99.0,2.5,91.4207898320472,2.2859734663794082,2457.3981761932373,0.9213085174560547
2557,25455.46602788748,-0.22841136306524276,100.0,2.4999999999999996,91.42535211267607,1.4118556067408496,2265.3536796569824,0.5431423187255859
2558,26778.5694646728,-0.21465906530618667,99.0,2.5,92.04753199268738,2.4302042869519047,2283.832788467407,0.44881629943847656
2559,26286.049743135147,-0.229161596596241,100.0,2.4999999999999996,94.00090723520073,1.9153800526355191,2448.058605194092,0.16567420959472656
2560,23213.660023944936,-0.21781735330820085,87.0,2.5,85.25878522510385,1.8049270410048022,2543.410062789917,0.0927581787109375
2561,27191.995200429887,-0.24861886531114577,99.0,2.5,92.44897959183673,1.4621331704900278,2433.9945316314697,0.6096267700195312
2562,22607.17965478496,-0.21881520733237267,91.0,2.5,79.01472253680633,1.8597928785580333,2381.6871643066406,0.025234222412109375
2563,23599.93314761294,-0.19891610458493234,100.0,2.5,89.63671563603233,2.108637841593066,2544.3103313446045,1.0183544158935547
2564,14300.64095414031,-0.2021567252278328,67.0,2.5,59.862643548750285,1.2714310057662392,2453.9198875427246,0.6886920928955078
2565,24150.979484768486,-0.2324197855591774,100.0,2.5,87.37679211469535,1.6009278167450947,2477.867364883423,0.17337989807128906
2566,24764.799259640306,-0.19080691158771515,97.0,2.4999999999999996,92.15798511734403,1.76495268800583,2370.842933654785,0.10927581787109375
2567,22546.617094644505,-0.19152730613946914,84.0,2.5,76.06847169389125,1.965891861697883,2527.9858112335205,0.2628936767578125
2568,24626.17250690707,-0.2624177533388138,95.0,2.4999999999999996,91.25057790106334,0.8080365633663196,2425.2521991729736,0.13209152221679688
2569,25481.75652333626,-0.26218653678894044,100.0,2.4999999999999996,89.8457287589224,1.9215526285114815,2467.0517444610596,0.4425048828125
2570,22625.465688041288,-0.168183351457119,93.0,2.4999999999999996,83.28996492815929,1.0103515933334837,2550.7960319519043,0.8432540893554688
2571,27482.697075622942,-0.15738161891698838,100.0,2.4999999999999996,93.28272371750631,1.8321906028572084,2467.5562381744385,0.15821266174316406
2572,26284.32744524322,-0.20961446791887284,100.0,2.5,94.29799751103066,1.522711185539423,2501.636743545532,0.26378631591796875
2573,26476.242941818313,-0.1667523916065693,97.0,2.5,83.96458987001346,0.9675903635424945,2473.975896835327,0.7499542236328125
2574,25983.852622251794,-0.22423900306224823,99.0,2.4999999999999996,90.93781740209909,1.7076486720892619,2247.706651687622,0.3030548095703125
2575,24021.8787140533,-0.22933530434966087,96.0,2.5,86.37592968221772,1.8005842841369155,2422.4624633789062,0.8046932220458984
2576,22973.424808627467,-0.2274962493777275,100.0,2.5,87.45071533175623,1.190897821852311,2351.3224124908447,0.5934391021728516
2577,22452.883179066517,-0.26819573014974596,100.0,2.5,88.01853735729625,1.5966840671431832,2547.4672317504883,0.2182331085205078
2578,20543.396963601306,-0.2636168237030506,76.0,2.5,68.45682451253482,1.131691815373675,2616.6951656341553,0.2043933868408203
2579,27480.78905127544,-0.23080692887306214,100.0,2.4999999999999996,95.81157775255392,1.2259091176990629,2529.4582843780518,0.12627410888671875
2580,23424.76133859255,-0.1505763414502144,93.0,2.5,82.73373181459344,1.5312856535647972,2523.7207412719727,0.3713111877441406
2581,22789.901154392148,-0.19010791927576065,84.0,2.4999999999999996,79.31424691637433,1.874245335205001,2416.853904724121,0.35941314697265625
2582,24041.127773425585,-0.24443988606333733,100.0,2.5,91.08968401486989,1.3741390231515034,2378.34095954895,0.8769207000732422
2583,22109.87983965274,-0.14943597778677942,85.0,2.4999999999999996,77.65839610101905,0.38229835990659883,2466.341495513916,0.3336658477783203
2584,26343.700974342086,-0.16519161194562912,92.0,2.5,86.31914409287504,1.0797704590267152,2446.671724319458,0.6388130187988281
2585,25302.250859266827,-0.2320403654873371,98.0,2.5,88.25403801780024,1.36986301369863,2600.072145462036,0.6534576416015625
2586,16094.09542415924,-0.24677008390426636,74.0,2.5,67.34254644313548,1.5824959083012606,2427.1838665008545,0.533172607421875
2587,23575.372219395766,-0.2655577163398266,100.0,2.5,91.98993019796316,1.0116420464781122,2373.690366744995,0.32019805908203125
2588,22437.253178858355,-0.2326775833964348,86.0,2.5,78.99579688742475,1.8838111722174145,2457.453727722168,0.7609767913818359
2589,22421.493240968855,-0.21241651087999344,92.0,2.5,84.28786301052875,1.2688529684254137,2521.0580825805664,0.20801925659179688
2590,28622.878880790086,-0.20486856639385223,98.0,2.5,95.43419874664279,2.615536978599593,2387.495279312134,0.06580162048339844
2591,25532.055130498185,-0.2165728637576103,100.0,2.4999999999999996,93.4856753069577,1.5006651382638476,2566.85471534729,0.11587905883789062
2592,23493.437302593993,-0.17564930111169816,93.0,2.5,85.03439720311266,2.214070327896099,2552.056074142456,0.7696018218994141
2593,20835.02155824986,-0.24912505015730857,84.0,2.5,75.0400366048959,1.578772532038767,2519.216775894165,0.7464332580566406
2594,23480.688873815663,-0.2816034832596779,97.0,2.4999999999999996,88.14603536794068,1.3358789469796408,2601.443290710449,0.5985774993896484
2595,25462.713984482747,-0.20603842958807944,100.0,2.5,90.01012487343908,1.7028525200963942,2552.2634983062744,0.6156997680664062
2596,26515.72626809336,-0.16552654027938843,100.0,2.4999999999999996,95.79269675663416,1.6301932410090487,2521.3563442230225,0.6748123168945312
2597,26988.724364035435,-0.24806944012641907,100.0,2.4999999999999996,91.93275414645154,1.247640784795681,2529.9458503723145,0.2918720245361328
2598,18356.662661077567,-0.2651778054237366,80.0,2.5,71.43993635640413,0.8374810521363898,2462.463855743408,0.18448829650878906
2599,14560.85540716369,-0.2119435638189316,60.0,2.5,55.54040231844528,1.2618567566329102,2404.3819904327393,0.3009605407714844
2600,22621.2837712548,-0.19660775989294052,96.0,2.5,87.6593344613649,1.662097229267959,2547.3291873931885,0.6107673645019531
2601,24777.818413059907,-0.2538879890739918,100.0,2.5,87.71186440677965,1.8205598925494288,2483.5996627807617,0.1673297882080078
2602,26349.34285314097,-0.2266325509548187,100.0,2.5,93.7471783295711,1.7575569785856917,2551.2542724609375,0.31342506408691406
2603,27234.38939276292,-0.2330710005760193,100.0,2.5,90.3688524590164,1.6815211618832113,2419.2042350769043,0.42607688903808594
2604,13986.43657471307,-0.25524373054504396,53.0,2.5,51.24559208281197,1.0276785766302163,2432.5191974639893,0.8226394653320312
2605,26613.245125179194,-0.2231578293442726,100.0,2.4999999999999996,90.07744976989561,2.0975207953873105,2498.753547668457,0.4528770446777344
2606,25005.564630193046,-0.22052536204457282,99.0,2.5,90.87443946188341,1.5335871710069204,2455.5723667144775,0.10489845275878906
2607,22469.1366975158,-0.28662469536066054,99.0,2.5,88.9816933638444,1.7002361761514313,2465.790033340454,0.5762710571289062
2608,19331.29744187681,-0.2517454060912132,82.0,2.5,75.21992459728094,2.3191712888175955,2487.987756729126,0.8248634338378906
2609,19872.979221706148,-0.20843297660350799,82.0,2.5,72.22095412006391,0.9938686411924021,2609.1697216033936,0.39839935302734375
2610,29274.996801729176,-0.19540998041629792,100.0,2.5,95.59051628628407,2.2051659104902295,2493.7212467193604,0.3551750183105469
2611,24203.61806877168,-0.1528325553238392,100.0,2.5,86.1630263454177,1.1475111848624688,2399.563789367676,0.6111164093017578
2612,25231.53607333202,-0.19937562212347984,97.0,2.4999999999999996,91.25882085135443,2.281535293259174,2397.7794647216797,0.21120071411132812
2613,23139.686418558915,-0.2481912463903427,98.0,2.4999999999999996,89.4135303625029,0.9393568682278924,2229.905128479004,0.05698585510253906
2614,24406.152487820065,-0.24447327017784118,100.0,2.4999999999999996,88.76379193875253,2.169852074114721,2550.0545501708984,0.4352531433105469
2615,22629.04583402016,-0.1949877955019474,93.0,2.5,78.14539210074413,1.155888784754764,2620.9418773651123,0.15036392211914062
2616,23759.70904869579,-0.24685854196548462,99.0,2.5,88.46931894807823,2.7304379695803553,2408.3011150360107,1.3941307067871094
2617,28653.292828842066,-0.08137791782617569,100.0,2.5,97.23807349920109,1.991053769375834,2418.571710586548,0.2599334716796875
2618,23827.205606912798,-0.18889056503772736,90.0,2.5,87.08133971291866,1.2242296608290844,2342.761993408203,0.241668701171875
2619,19619.908890263887,-0.14657176151871681,75.0,2.5,68.33653737419428,1.1490415379907075,2445.9173679351807,0.45026206970214844
2620,24039.84952512629,-0.26086283072829247,93.0,2.5,83.96946564885496,1.1783375169508643,2310.288906097412,0.8062934875488281
2621,26311.519950012644,-0.2554635663330555,100.0,2.5,86.89779378658262,1.3542451054216869,2507.1029663085938,0.4988536834716797
2622,25454.902441962473,-0.16985516294836997,100.0,2.4999999999999996,95.07748404740201,2.2645540947621603,2651.909351348877,0.6183681488037109
2623,24450.22796163031,-0.21530905440449716,100.0,2.4999999999999996,91.51103565365025,1.892090585978741,2478.086233139038,0.6508960723876953
2624,25821.480716607988,-0.23114315003156663,100.0,2.5,92.55079006772009,1.7810736395154527,2453.1190395355225,0.6154937744140625
2625,26601.371387460506,-0.23351502776145935,95.0,2.4999999999999996,90.09573740597219,1.5133084091289548,2496.3738918304443,0.42553138732910156
2626,25355.54527809787,-0.1669073535501957,89.0,2.5,88.47604893106208,1.4401259176709826,2458.5065841674805,0.10821723937988281
2627,18162.314631847512,-0.19702516362071038,79.0,2.5,69.10079851868997,1.5983475811204655,2310.751438140869,1.0672340393066406
2628,28307.01780144487,-0.17718917578458787,100.0,2.4999999999999996,95.56048834628191,1.4387659149778185,2590.0557041168213,0.7243766784667969
2629,21597.208760981466,-0.16864660754799843,85.0,2.5,79.97248652986359,1.2301493100572771,2387.28666305542,0.7543773651123047
2630,25125.301918600268,-0.19748871386051178,93.0,2.4999999999999996,86.80798286165295,1.3400868792244602,2424.572229385376,0.0012798309326171875
2631,28008.42360390851,-0.19956118613481522,100.0,2.5,94.73623721411332,1.6558966074313408,2420.8080768585205,0.279815673828125
2632,24035.062889617715,-0.2718664568662643,95.0,2.5,87.6489953456692,2.0315110185587772,2463.6473655700684,0.5741252899169922
2633,27310.96798088039,-0.21853381142020226,100.0,2.4999999999999996,93.58452138492872,1.114010851443619,2618.8552379608154,1.0204620361328125
2634,28565.09434477175,-0.23885663896799086,100.0,2.5,98.71327715782282,1.9054603019403802,2434.9982738494873,0.7736854553222656
2635,24735.05174737306,-0.18251317754387855,100.0,2.5,83.73211091234347,1.3275165726555445,2418.7257289886475,0.5589504241943359
2636,22788.74763490595,-0.23076212882995606,91.0,2.4999999999999996,84.63406174124177,1.3535443812032553,2621.791124343872,0.6231784820556641
2637,25335.635876509157,-0.21775348603725433,100.0,2.5,88.9908256880734,1.9915800224453561,2415.5120849609375,0.6399211883544922
2638,25822.185401356397,-0.2726089371740818,100.0,2.4999999999999996,92.3766294227188,1.290836308088988,2409.0983867645264,0.49706268310546875
2639,27912.767408111144,-0.15785269811749458,98.0,2.5,90.64140607167313,0.8435696314932662,2421.0777282714844,0.39370155334472656
2640,24839.482047426627,-0.2045911368727684,100.0,2.5,92.33572486049425,1.757272850073066,2564.0249252319336,0.4284229278564453
2641,22423.918105987683,-0.2168315464258194,86.0,2.5,78.75449640287769,1.5071328053861648,2589.402437210083,0.3662395477294922
2642,22819.52231233643,-0.16748749434947968,100.0,2.5,88.68140680490319,1.35651731329907,2456.0604095458984,0.25852012634277344
2643,23840.92270975565,-0.2741025696694851,95.0,2.5,89.86096982027806,2.049665400817847,2658.3118438720703,0.2083282470703125
2644,23797.98143068229,-0.1936146192252636,100.0,2.5,87.66968325791855,1.829856907429827,2621.3669776916504,0.42150115966796875
2645,25066.782314741144,-0.24011304646730422,95.0,2.5,85.00744473714352,1.4115124100592964,2135.0393295288086,0.503021240234375
2646,21095.771102813364,-0.17373123437166213,97.0,2.5,91.03282626100881,1.651003302006604,2521.397590637207,0.35167884826660156
2647,17537.987948438626,-0.2720567259192467,71.0,2.5,66.89726738152888,0.7109692396982008,2573.4763145446777,0.5294055938720703
2648,27601.190389347703,-0.2231934903562069,100.0,2.5,92.94997124784359,1.5507323058910942,2372.3912239074707,0.3523540496826172
2649,21125.22234112303,-0.25870071694254876,80.0,2.5,71.7272219116825,1.5189512993768686,2456.0911655426025,0.691650390625
2650,25923.509354364134,-0.2565161333978176,100.0,2.4999999999999996,91.87971618425499,2.008996535816668,2585.467576980591,0.4680919647216797
2651,21086.784249427667,-0.2550192947685719,91.0,2.4999999999999996,78.77755055669165,1.360042114632121,2408.986806869507,0.5843372344970703
2652,26774.49532427117,-0.2053331385552883,100.0,2.4999999999999996,95.60986648563023,1.131051895322256,2366.6841983795166,0.03884124755859375
2653,23166.37981688917,-0.21510499373078346,91.0,2.5,86.48180242634315,1.201779468827395,2356.8832874298096,0.2828102111816406
2654,20928.4627440973,-0.23230423763394356,91.0,2.5,80.21396396396396,1.23042882494328,2530.4079055786133,0.22625350952148438
2655,22317.986490457613,-0.12338615983724593,97.0,2.5,86.30634722379925,1.181414390220261,2512.350559234619,0.7384300231933594
2656,26996.806903369885,-0.27512691527605054,100.0,2.4999999999999996,95.68926296633303,1.9383754136258555,2385.443925857544,0.8885154724121094
2657,26043.733330835148,-0.10795704573392868,100.0,2.5,94.81202148325906,0.8798956494360797,2331.1965465545654,0.27942466735839844
2658,17930.031869060964,-0.2057427389919758,71.0,2.5,67.58474576271186,1.1559219752666696,2325.8955478668213,0.05566978454589844
2659,23401.709610367023,-0.23378475457429887,93.0,2.5,84.06618313689937,1.3375266817738822,2675.6255626678467,0.5927848815917969
2660,25959.30930251576,-0.18508376210927963,100.0,2.5,95.51564310544612,1.9333511609779412,2561.4051818847656,0.51763916015625
2661,16920.519618959857,-0.25964390486478806,69.0,2.5,63.92035702025404,1.0478540147589717,2531.5585136413574,0.26322174072265625
2662,23085.49242055812,-0.15386307314038278,88.0,2.5,80.30901093943837,1.0119641076769692,2359.2448234558105,0.9957256317138672
2663,20852.751639861865,-0.21301265984773635,85.0,2.4999999999999996,76.97792869269949,1.1852346008450076,2494.0364360809326,0.5340003967285156
2664,23895.542271516893,-0.24645119220018386,100.0,2.5,91.11136337836304,1.470725830974714,2401.547908782959,0.9475193023681641
2665,24105.05487881,-0.22675350904464722,100.0,2.4999999999999996,90.62111098540558,1.5942127969584174,2584.6283435821533,0.7731151580810547
2666,23756.40818105166,-0.1872012820839882,84.0,2.5,80.45078717861593,1.3491323569215963,2528.966188430786,0.5117607116699219
2667,27664.8755051153,-0.2339519292116165,100.0,2.4999999999999996,95.0231874222373,2.1769224659306246,2445.9571838378906,0.14055824279785156
2668,25844.47627359533,-0.14961680009961129,100.0,2.4999999999999996,93.14584993737903,1.9315115712400899,2408.0870151519775,0.4219951629638672
2669,24233.591121759597,-0.16887684181332588,100.0,2.5,85.92800899887514,1.9980112388132183,2432.6090812683105,1.033315658569336
2670,21812.93946382647,-0.21806158900260925,90.0,2.4999999999999996,80.2503947665238,1.3157821593947512,2539.886474609375,0.5123481750488281
2671,26281.003973317613,-0.17815528720617294,100.0,2.4999999999999996,92.36268724466636,1.3092036230747892,2543.823480606079,0.5478706359863281
2672,24775.739529041235,-0.26854012310504916,100.0,2.4999999999999996,90.88264906589104,0.947549056181452,2635.5206966400146,0.5723781585693359
2673,24662.562262484542,-0.2677283719182014,100.0,2.5,87.00552237123858,0.507797106344649,2464.712142944336,0.04214668273925781
2674,23922.18266001873,-0.19343429058790207,100.0,2.5,91.22766032005607,1.3964922068412429,2490.4415607452393,0.16115951538085938
2675,26736.58092415572,-0.16261404901742935,97.0,2.5,93.88932895779111,1.4719124667984347,2459.7058296203613,0.7033920288085938
2676,16600.928950385205,-0.1343563762307167,65.0,2.5,62.512908777969024,1.429083644931619,2423.7542152404785,0.2901763916015625
2677,25384.67904732957,-0.22160656616091728,96.0,2.4999999999999996,90.19852524106636,2.12909462892601,2578.375816345215,0.44915771484375
2678,28423.54359413005,-0.2742657226324081,97.0,2.5,97.33485193621868,1.8763523064939562,2471.98224067688,0.6134452819824219
2679,21103.751026346963,-0.15006787240505218,83.0,2.5,80.63431581306736,1.5660252892296265,2543.135404586792,0.084381103515625
2680,25316.763797975713,-0.1730038757622242,100.0,2.5,90.77708451503119,0.9333487351276424,2352.7960777282715,0.22039222717285156
2681,24002.029546545677,-0.26301802769303323,95.0,2.5,87.07311482924594,1.492368300285481,2376.941442489624,0.6542243957519531
2682,24572.029557926904,-0.1936514347791672,100.0,2.5,90.09273919927618,1.842368259094682,2382.79128074646,0.15917587280273438
2683,25513.071393703278,-0.1690093220770359,100.0,2.4999999999999996,91.46036793095617,0.9901524640435364,2497.1699714660645,0.3215656280517578
2684,24458.322956928507,-0.24162843823432922,88.0,2.4999999999999996,84.36223331820246,1.597947399208845,2536.0772609710693,0.6212444305419922
2685,23798.76762674126,-0.16909353464841842,98.0,2.5,87.68302224209232,2.1433521167616583,2521.7466354370117,1.3822689056396484
2686,18583.22703314768,-0.18462421432137488,85.0,2.5,74.40295997309116,1.91139255268283,2562.588691711426,0.018289566040039062
2687,19191.214202219322,-0.22823734879493712,78.0,2.5,75.25389302640487,1.1052281341318753,2504.1463375091553,0.8566513061523438
2688,26969.13484293776,-0.11494976103305816,100.0,2.4999999999999996,93.33637608397993,1.7423471045733225,2572.491407394409,0.7032527923583984
2689,25501.14103183017,-0.19482367217540741,100.0,2.4999999999999996,92.3041474654378,1.6740042411949108,2534.0373516082764,0.6150112152099609
2690,24358.669378055096,-0.17994236528873445,95.0,2.5,89.900923215492,2.1419388320771855,2434.345245361328,0.041301727294921875
2691,26033.54557227447,-0.17876922562718392,100.0,2.5,88.43113239060239,1.0706274216572633,2430.2585124969482,0.5684928894042969
2692,20596.84437231324,-0.21757592827081682,83.0,2.5,74.86425339366517,0.9216696847286066,2729.6528816223145,0.012720108032226562
2693,23791.73428129115,-0.19872346878051758,97.0,2.4999999999999996,87.2434017595308,0.7669389606140103,2528.931140899658,0.7560596466064453
2694,25138.7528853501,-0.23279872477054597,100.0,2.5,91.84845005740529,0.8808292977878492,2497.2784519195557,0.2550182342529297
2695,23534.593948966896,-0.27952038407325747,93.0,2.4999999999999996,84.52676756268353,1.6421113818775293,2449.425458908081,1.0577545166015625
2696,22220.661987405125,-0.18623176515102385,96.0,2.5,86.1624649859944,1.2870175842518778,2613.5048866271973,1.2780609130859375
2697,23906.34801003564,-0.2020399811863899,96.0,2.5,81.09851011785635,1.2302962580615886,2485.0919246673584,0.23865127563476562
2698,20682.86091253283,-0.20422652304172517,87.0,2.5,77.68744354110207,1.638599619791053,2444.7667598724365,0.822265625
2699,24944.146486808088,-0.20085567414760588,100.0,2.4999999999999996,92.63370332996973,1.712824061207938,2489.680767059326,0.4403648376464844
2700,26191.259615210234,-0.21533416345715523,95.0,2.4999999999999996,87.38406525868812,1.8495110488031898,2566.75386428833,0.15381813049316406
2701,25831.82461379552,-0.19750876903533934,99.0,2.4999999999999996,93.15675798567693,1.6496987811142765,2549.9002933502197,0.6220474243164062
2702,24782.122061177903,-0.23881302490830422,91.0,2.4999999999999996,85.10759421609929,1.7496182701159249,2457.8824043273926,0.03383636474609375
2703,27274.18760329143,-0.20447708338499068,97.0,2.5,93.01365148560285,1.6282993642101082,2433.579683303833,0.2024993896484375
2704,16171.677550870372,-0.24614730939269067,66.0,2.5,61.0364464692483,0.9088081436448465,2401.681661605835,0.5204887390136719
2705,24730.939498222822,-0.2508722698688507,95.0,2.5,91.08505066605943,1.1159364825815183,2566.3695335388184,0.09439659118652344
2706,25174.878942593612,-0.19896954879164697,96.0,2.5,91.16295104573662,1.8605009542550293,2384.392738342285,0.6327495574951172
2707,26768.86939587809,-0.2957349389791489,99.0,2.5,93.3446519524618,2.4110218140068884,2478.5752296447754,0.8566570281982422
2708,24045.844726442163,-0.19491250172257424,100.0,2.5,85.40407432281172,1.5906610668342207,2540.2982234954834,0.47951316833496094
2709,23315.286353055635,-0.2038208682835102,93.0,2.5,84.85704599389761,1.3731764760345118,2308.7894916534424,0.5471763610839844
2710,24871.045425431937,-0.14514652848243714,98.0,2.5,91.62555925203625,1.5249010779096739,2503.9544105529785,0.6581172943115234
2711,25807.90101455366,-0.2343819807469845,100.0,2.4999999999999996,93.65836630207122,1.5297683896788614,2661.026954650879,0.6126651763916016
2712,28125.494100943135,-0.1425465977191925,99.0,2.4999999999999996,93.07875894988067,2.014533495995332,2577.354669570923,0.35867881774902344
2713,25423.23826880019,-0.27443853840231897,100.0,2.4999999999999996,89.07318166535919,1.1172150905319806,2506.899356842041,1.3246192932128906
2714,20921.667771347496,-0.19887010455131532,79.0,2.5,77.60357061112383,1.53779105964388,2469.799280166626,0.8451671600341797
2715,25936.830787212908,-0.2731136727333069,100.0,2.4999999999999996,94.71613265879708,1.1402906511042454,2542.369604110718,1.6677780151367188
2716,25441.11687818197,-0.18114726305007933,99.0,2.5,90.63859006637675,1.5563396089581618,2559.769868850708,0.7951259613037109
2717,23314.90643432774,-0.21337411880493165,96.0,2.5,85.7451403887689,1.5437344529113155,2549.6737957000732,0.13359832763671875
2718,21498.84974343268,-0.14386947318911553,91.0,2.5,82.04072294669412,1.451548508526778,2495.9280490875244,0.17763710021972656
2719,24429.19483742077,-0.22203491032123565,100.0,2.5,89.50801547816472,1.3419452287957436,2417.6530838012695,0.09123611450195312
2720,27084.860013108224,-0.2355493438243866,100.0,2.4999999999999996,93.69747899159664,1.893461247159808,2528.801202774048,0.9821090698242188
2721,26238.698651960538,-0.21397148028016091,96.0,2.5,88.60875544350218,1.2204014493327078,2347.4483489990234,0.3565845489501953
2722,21228.89438214795,-0.1493976405262947,92.0,2.5,81.5610733771295,0.8438189022065284,2340.999126434326,1.1633529663085938
2723,27439.351929354183,-0.20172955021262168,99.0,2.5,93.83766383076569,1.5426280751151302,2607.862949371338,0.30452728271484375
2724,25535.947808896075,-0.16392958536744118,94.0,2.5,85.12506948304613,1.580605666738231,2083.3141803741455,0.0028858184814453125
2725,22401.23261980743,-0.21171208515763282,99.0,2.5,91.59944687716064,1.8162950562145612,2455.451011657715,0.39805030822753906
2726,25260.529538931085,-0.21351738557219505,100.0,2.5,92.65339387588777,1.9561236907050008,2523.380756378174,0.3164806365966797
2727,21327.116656720482,-0.23599414348602296,86.0,2.5,80.75399071663082,1.2029110782700834,2563.7927055358887,0.002758026123046875
2728,26655.178542365364,-0.1921035274863243,96.0,2.5,87.96932234432234,2.356990144443865,2566.481590270996,0.5163478851318359
2729,25215.22298794838,-0.21814319163560866,100.0,2.4999999999999996,91.41850420550125,1.5225884002804768,2556.995391845703,1.1940231323242188
2730,23068.888948816635,-0.25785753116011617,90.0,2.5,82.33207460807873,1.7095324709175492,2336.9669914245605,0.20516014099121094
2731,24546.767546752624,-0.15374184057116508,99.0,2.5,89.66527668206919,1.425650410637024,2446.0465908050537,0.027301788330078125
2732,29000.100765608815,-0.20103728711605073,100.0,2.4999999999999996,92.54087193460491,2.3295375642271905,2471.5399742126465,1.2317733764648438
2733,25427.84893289145,-0.23118622601032257,100.0,2.5,86.03969327920613,2.2274443978178766,2473.598003387451,0.5953102111816406
2734,27078.429620827163,-0.16728361159563065,99.0,2.5,94.47088148651711,1.6381383505446316,2354.7635078430176,0.2042999267578125
2735,23466.9566888407,-0.23766928404569626,100.0,2.5,91.94615560118639,1.0563516600206846,2464.190721511841,0.5728797912597656
2736,28692.93500026679,-0.21209148317575455,100.0,2.5,89.76519492191889,0.8066340845325368,2506.618022918701,0.14126968383789062
2737,27296.148234532408,-0.1897873540222645,100.0,2.4999999999999996,94.95922066153149,1.522679283205926,2464.991807937622,0.07603073120117188
2738,26100.064006621204,-0.16519367679953575,99.0,2.5,91.74058288215643,2.187115182459829,2571.645498275757,0.9455471038818359
2739,24265.67295669325,-0.2637253613770008,97.0,2.5,85.99769319492503,0.7444251383653735,2472.8453159332275,1.0065975189208984
2740,19861.214096454612,-0.3187902610003948,80.0,2.4999999999999996,74.14551607445009,2.1084421733259373,2548.1300354003906,0.6222896575927734
2741,27297.96283207235,-0.16547461539506914,100.0,2.4999999999999996,89.91360933467968,0.9621254670215623,2541.8360233306885,0.6461772918701172
2742,25737.019879498224,-0.2596769979596138,95.0,2.5,85.88444840253813,1.1878908098063694,2534.367084503174,0.7610492706298828
2743,24751.44300632821,-0.22806233674287796,97.0,2.5,92.1248995522902,1.6309255079006773,2516.9458389282227,2.0691051483154297
2744,24897.683083656724,-0.13374006986618042,100.0,2.5,95.10359995369835,1.34357345675004,2450.0160217285156,0.5919857025146484
2745,21966.337532589027,-0.15932720631361008,83.0,2.5,75.10481586402267,1.2069607610793243,2434.5855712890625,0.31104278564453125
2746,28645.700812114592,-0.24079038590192794,100.0,2.5,96.22086444897036,0.6417986363922115,2350.245952606201,0.7080764770507812
2747,24544.894561555833,-0.1805209970474243,100.0,2.5,91.62572832171827,1.2684588081664587,2568.1633949279785,0.19048500061035156
2748,19224.318578686347,-0.1605648636817932,78.0,2.5,72.70542458228427,0.6570794547393297,2487.703800201416,0.45055580139160156
2749,19917.949999608973,-0.19750503972172737,91.0,2.5,77.81175671083928,2.096780776788474,2544.8930263519287,0.119720458984375
2750,18892.42748144666,-0.2922129073739052,79.0,2.5,70.5632183908046,1.2773840206185567,2389.6305561065674,0.21141624450683594
2751,24394.543584153573,-0.19006623968482017,96.0,2.4999999999999996,89.87807683459857,2.3360477741585233,2359.4894409179688,0.3929729461669922
2752,17715.711827239305,-0.2592231684923172,73.0,2.5,64.94953010790114,1.5908559205908894,2494.2030906677246,0.5243968963623047
2753,13047.084357515503,-0.1989025914669037,62.0,2.4999999999999996,53.611048222775636,1.0933292925996294,2525.7740020751953,0.6389083862304688
2754,24159.35298694856,-0.21517738401889802,100.0,2.5,90.5505617977528,1.1442877066233794,2466.562509536743,0.5819587707519531
2755,25581.113667445923,-0.162651374489069,100.0,2.5,93.37543053960965,1.2961586671251568,2489.5153045654297,1.3527793884277344
2756,27048.530523342448,-0.09737377256155014,100.0,2.4999999999999996,94.72456685917369,2.044683356848844,2586.9483947753906,0.08906936645507812
2757,24838.946920221533,-0.27895819827914237,95.0,2.5,85.4840527442804,0.9537229563693227,2530.0965309143066,0.11358642578125
2758,26589.105794745672,-0.18553609430789947,99.0,2.5,92.43821888167635,1.789881933003844,2382.6043605804443,0.1590728759765625
2759,19038.39241955617,-0.20464646965265273,78.0,2.5,70.27784001792516,1.2877162710441636,2519.5930004119873,0.9022140502929688
2760,29061.831731448176,-0.21534040942788124,100.0,2.4999999999999996,94.73684210526315,2.138732524274558,2472.9132652282715,0.06205940246582031
2761,21776.366687311554,-0.22691199153661729,82.0,2.5,76.64555530422982,1.231623768970931,2328.918218612671,0.19384384155273438
2762,24302.10390488243,-0.14189601674675942,99.0,2.5,90.4285232257339,1.1234515640317262,2518.4388160705566,0.6800899505615234
2763,22211.470937302645,-0.1421944220364094,83.0,2.5,75.21003567729313,1.1507077810837616,2379.9848556518555,0.3374824523925781
2764,27075.79943676134,-0.23132239654660225,99.0,2.5,98.70886654478977,2.013909653698351,2452.685594558716,0.38297271728515625
2765,24403.775950246432,-0.2233136361837387,96.0,2.5,93.73278236914601,1.6518100360500296,2647.124767303467,0.6893310546875
2766,14498.067526795572,-0.26392038047313693,63.0,2.4999999999999996,58.197484862598984,0.8000480574942386,2616.4491176605225,1.2475624084472656
2767,23834.39978652131,-0.16297642439603804,100.0,2.4999999999999996,86.55822884897775,1.6586155865188617,2478.569746017456,0.16112709045410156
2768,24780.172254635017,-0.2654187133908272,100.0,2.5,93.35906459302986,1.5557126406640138,2470.301389694214,0.12728309631347656
2769,28015.39011358817,-0.21359051868319512,99.0,2.5,95.65861440291704,1.5749586224919423,2616.095781326294,0.3888359069824219
2770,26139.167160087236,-0.2463052350282669,100.0,2.5,97.16081247895859,1.5552037081655365,2389.538049697876,0.01781463623046875
2771,24305.25788755371,-0.23365860417485237,99.0,2.5,89.72548126210275,0.9368723687061207,2459.57612991333,0.5296802520751953
2772,24166.343112898892,-0.22260340303182602,100.0,2.5,92.28391528334288,1.5124378109452736,2378.27205657959,0.012752532958984375
2773,24329.954998876372,-0.15428987741470337,100.0,2.5,91.01097631426921,1.0776764625409714,2543.7281131744385,0.6352577209472656
2774,15564.270760680325,-0.23533106744289398,69.0,2.5,62.286554336763544,1.3369046505099653,2529.710292816162,0.057476043701171875
2775,25203.337836317118,-0.1603964549303055,100.0,2.5,89.5313382269904,1.0398257835748572,2473.428726196289,0.11822700500488281
2776,29027.89122838598,-0.21141316384077072,100.0,2.5,91.42537730575741,1.9313505682225074,2434.2806339263916,0.3372669219970703
2777,22916.71058312529,-0.20630438536405563,83.0,2.4999999999999996,77.8835129557441,1.6111935552257792,2414.3617153167725,0.19886398315429688
2778,26710.25480333026,-0.25519245594739914,100.0,2.4999999999999996,92.5117183034183,1.559036975959486,2608.6931228637695,0.5021572113037109
2779,25381.74540443907,-0.20835566774010658,100.0,2.5,92.49971760984977,1.8220326162597198,2426.8875122070312,0.24830245971679688
2780,16410.745351228812,-0.20576702833175659,64.0,2.5,60.98489216929997,1.1868178446540214,2340.947151184082,0.6527843475341797
2781,17487.837145298217,-0.22325589388608932,78.0,2.5,68.20027063599458,0.7636080336377072,2491.975784301758,0.3698234558105469
2782,23428.776160765712,-0.15330168649554252,100.0,2.4999999999999996,87.13118474807081,1.2397368277962046,2484.1272830963135,0.22753143310546875
2783,24823.89741389875,-0.2938908885419369,96.0,2.4999999999999996,90.31224979983988,1.0309102391233849,2392.5445079803467,0.4343433380126953
2784,22336.843419819324,-0.2688765560090542,100.0,2.5,84.03869407496977,1.7957766520576013,2531.6295623779297,0.2041645050048828
2785,26762.886876433484,-0.2662195262312889,100.0,2.5,97.18843240761991,1.0900343009737794,2614.1462326049805,0.2351207733154297
2786,26502.3743689127,-0.24587387576699257,100.0,2.5,93.61702127659575,1.6788263462233464,2440.640687942505,0.1675128936767578
2787,25199.587798300057,-0.2390601822733879,100.0,2.5,86.47614761476147,1.014557440087894,2386.8961334228516,0.1987018585205078
2788,25551.008268277295,-0.17820408314466477,97.0,2.5,92.8811282740094,1.4970888401850746,2464.928388595581,0.46030235290527344
2789,25278.03856371888,-0.2118792352080345,96.0,2.5,92.13042977301532,1.4947236761300573,2484.930992126465,0.22080039978027344
2790,25445.896703588773,-0.20136088371276856,100.0,2.5,88.56367951180924,1.2169273291469074,2564.0203952789307,0.2786064147949219
2791,19879.412413872065,-0.26252899125218393,80.0,2.5,72.10449601973316,0.9507757221314118,2422.67107963562,0.8300304412841797
2792,22911.673441370465,-0.16715803146362304,98.0,2.5,84.774499830451,0.38273885146316206,2588.0773067474365,0.12185287475585938
2793,24426.146616227838,-0.21816397279500963,88.0,2.5,81.9438202247191,1.237609447470997,2500.641107559204,0.5020771026611328
2794,24793.691338916702,-0.16759526446461678,97.0,2.4999999999999996,88.27306522473809,1.6264657774091738,2471.3830947875977,0.21021652221679688
2795,24410.92397090188,-0.25534270107746126,94.0,2.5,85.83203386054801,1.8182976702156006,2488.0712032318115,0.28073692321777344
2796,22564.598510568165,-0.23051718026399612,92.0,2.5,83.6016762240847,1.0857142857142856,2421.3128089904785,1.2540035247802734
2797,23618.208380424523,-0.25182949244976044,96.0,2.4999999999999996,89.58760537707906,1.673014691142358,2458.5981369018555,1.0268611907958984
2798,23849.937806584425,-0.14784089609980583,98.0,2.5,87.69475719322189,2.079611401081258,2409.029722213745,0.24505996704101562
2799,25713.70262947105,-0.14425236374139785,100.0,2.5,92.53950338600451,1.0076586754306172,2542.8028106689453,0.18530845642089844
2800,25793.13110111611,-0.2808897905051708,100.0,2.5,93.48632359758925,1.5439708162741663,2437.899589538574,0.016984939575195312
2801,27352.67097994641,-0.3220029592514038,100.0,2.4999999999999996,91.24271178689837,1.9192710357486653,2596.677780151367,0.37518882751464844
2802,19871.817886089724,-0.23012799188494681,74.0,2.5,71.53462603878117,1.0143536242612106,2626.861572265625,0.11110496520996094
2803,25650.772011569123,-0.11726177394390107,100.0,2.5,93.18181818181817,2.1701353335946783,2454.702138900757,0.08227348327636719
2804,25195.38083651713,-0.1906650285422802,100.0,2.5,88.13309107426754,1.0422259928263062,2414.393186569214,0.3624305725097656
2805,18464.818026462955,-0.18983500570058823,81.0,2.5,77.00195875100817,1.573411672453079,2570.817708969116,0.2917919158935547
2806,24480.013791581743,-0.24408815175294876,100.0,2.4999999999999996,90.05814616349333,0.5835790265569945,2459.95831489563,0.21264266967773438
2807,20228.605867280665,-0.19112031906843185,87.0,2.4999999999999996,76.78888888888889,1.5891568831796956,2495.8853721618652,1.4958782196044922
2808,24313.605110557255,-0.23423739969730378,100.0,2.5,90.64643057897696,1.794675756931231,2484.102249145508,0.04040336608886719
2809,28261.337065831005,-0.239552860558033,100.0,2.4999999999999996,92.54048017867113,1.1188197066830596,2455.1308155059814,0.040706634521484375
2810,24971.300850393985,-0.21022089555859566,96.0,2.5,87.487202821067,1.0745863121088617,2572.5483894348145,0.5734710693359375
2811,27002.68085101251,-0.21463368684053422,93.0,2.5,89.87757878032193,1.5015452796081403,2600.057601928711,0.354339599609375
2812,28804.861813198513,-0.2180524444580078,100.0,2.5,96.41300703989273,1.469426536959392,2475.7559299468994,0.6241950988769531
2813,25779.63175708737,-0.24421039655804633,96.0,2.4999999999999996,92.14563773757727,1.039568839253021,2467.212677001953,0.6010322570800781
2814,26293.841824326726,-0.24403905183076857,100.0,2.5,93.06681896059395,1.6218910252561038,2567.631244659424,0.3551216125488281
2815,24292.719349105435,-0.2728687345981598,100.0,2.5,90.22247575584711,1.5314436506549234,2521.5728282928467,0.5311908721923828
2816,23621.07296982441,-0.18903866782784462,96.0,2.4999999999999996,90.1030460876458,1.6340203687047936,2518.8961029052734,1.167428970336914
2817,26672.33348773536,-0.17366629242897033,100.0,2.5,94.04654315408946,1.861576027689536,2295.0189113616943,0.4877758026123047
2818,23756.464300544547,-0.11790572971105576,92.0,2.5,87.51284099988585,1.1470519453111185,2493.952512741089,0.5674705505371094
2819,26594.547926487838,-0.2589287832379341,99.0,2.5,91.3103448275862,1.1623393309168046,2622.1871376037598,0.21146774291992188
2820,25963.252739001106,-0.19180525004863738,96.0,2.4999999999999996,94.65748545648819,0.6994976761654382,2525.7046222686768,0.6037330627441406
2821,18848.245666375915,-0.19488731414079666,81.0,2.5,73.35342710426434,0.451657873411122,2378.026247024536,1.3278484344482422
2822,25435.892110272507,-0.2761568553745747,96.0,2.5,92.00408302143586,1.1317467866986803,2560.840368270874,1.0113105773925781
2823,23607.290979390735,-0.23433002591133117,97.0,2.5,90.49525334553357,1.1297825360385287,2605.1928997039795,0.04177093505859375
2824,24847.580822105952,-0.19728445902466774,99.0,2.4999999999999996,91.28285778476747,1.868435961127816,2497.525930404663,1.1662521362304688
2825,19065.49257588723,-0.17892583400011064,70.0,2.5,69.2360712234348,0.9701379414885555,2532.651901245117,0.21949005126953125
2826,24781.281822427867,-0.19416672766208648,98.0,2.5,89.25629290617849,2.204544944198684,2494.525194168091,0.4229106903076172
2827,24260.85933588093,-0.2357965265214443,100.0,2.5,90.4152993097205,1.831418694786829,2457.5960636138916,0.43656158447265625
2828,25024.260450690774,-0.18640848577022553,100.0,2.4999999999999996,91.04056038865664,1.2168366901576475,2536.396026611328,0.5367870330810547
2829,24467.67282500357,-0.18688008069992065,100.0,2.5,91.42341936210977,1.5417201394646285,2617.807388305664,0.2205352783203125
2830,26035.074994275583,-0.1843899394571781,100.0,2.5,93.03710490151168,1.4324693042291952,2509.0601444244385,0.5439605712890625
2831,25638.481935975244,-0.191141537129879,100.0,2.4999999999999996,90.03502429104056,1.6340024735990868,2418.4234142303467,0.7128047943115234
2832,26774.295423916807,-0.19208982482552528,100.0,2.4999999999999996,90.016010978957,2.239792984473836,2513.0460262298584,0.5593700408935547
2833,23337.924979835494,-0.1897505223751068,89.0,2.5,83.35225982284807,0.9540392701375631,2606.093406677246,0.07406425476074219
2834,18312.609247636145,-0.25150528430938723,79.0,2.4999999999999996,71.32779610877233,0.6253524864811068,2313.7104511260986,0.08864212036132812
2835,22337.983263970098,-0.26007879808545115,91.0,2.5,78.9544235924933,0.9603423396526845,2531.1527252197266,0.10232162475585938
2836,24771.68299426103,-0.23167550146579743,96.0,2.5,86.08517421999544,1.3134355397540705,2464.0772342681885,0.08541488647460938
2837,26670.6971042278,-0.24552125185728074,100.0,2.4999999999999996,91.7900092506938,1.0985980234428867,2351.358413696289,0.30358314514160156
2838,25384.770538701177,-0.17577077880501746,100.0,2.5,90.80795595010676,1.4662278274546354,2356.6489219665527,0.36342811584472656
2839,23382.55941140665,-0.1706363995373249,99.0,2.5,91.88382504878889,0.7945477388376082,2634.8562240600586,0.6508979797363281
2840,24304.038839115477,-0.24114622578024864,100.0,2.5,90.03065743158851,1.053431248417321,2564.2740726470947,0.5396995544433594
2841,24292.350599475532,-0.21286744862794876,96.0,2.4999999999999996,91.90168762034206,2.069340072266188,2516.9551372528076,0.3944835662841797
2842,19260.05445209984,-0.15777479842305184,84.0,2.5,71.40933572710951,1.575430366862858,2537.1885299682617,0.7709693908691406
2843,20028.588888482293,-0.2699998392164707,78.0,2.5,72.18459419125244,1.4089158568805695,2432.4610233306885,0.3890190124511719
2844,25744.517462485932,-0.16875639349222182,100.0,2.5,91.88767550702028,1.767159994120773,2469.0585136413574,0.46866607666015625
2845,24812.971313112,-0.23935697913169862,99.0,2.5,89.76829548061482,2.074345593354477,2331.4313888549805,0.5074024200439453
2846,26330.48688017447,-0.2210792127251625,100.0,2.5,90.49753473778574,1.6876490143110372,2677.312135696411,0.5205593109130859
2847,23075.6785371171,-0.2515536169707775,100.0,2.5,88.10552649533773,1.1190421367718169,2506.3297748565674,0.5319747924804688
2848,24879.46649565592,-0.22402575686573983,88.0,2.4999999999999996,86.96990424076607,1.4375254279262015,2604.9554347991943,0.12155723571777344
2849,23944.443782083486,-0.22944347500801088,97.0,2.5,88.63713992940909,1.2138832766635457,2434.8056316375732,1.1857223510742188
2850,27320.49823184292,-0.29324755221605303,100.0,2.5,93.56363227185777,1.6087983483079877,2292.1764850616455,0.29134559631347656
2851,24913.80692010084,-0.2782308641076088,100.0,2.5,92.38161398633785,1.7014725040464256,2510.7953548431396,0.3190193176269531
2852,25063.842307197443,-0.18006988391280174,98.0,2.4999999999999996,92.90001132374589,0.8739653005910958,2426.370143890381,0.40187644958496094
2853,27205.04480166179,-0.21050068423151969,100.0,2.5,98.41584158415841,1.7099493304804785,2637.3038291931152,1.4736442565917969
2854,24899.842283175312,-0.24513932704925537,100.0,2.5,88.73893805309734,1.1243001893013114,2537.4295711517334,0.2445659637451172
2855,26143.31482517532,-0.1883363538980484,100.0,2.5,93.25956870272101,1.1969538528798378,2519.192695617676,0.0048580169677734375
2856,24059.918433576546,-0.14624793693423271,100.0,2.5,88.53107344632768,0.9641397097154774,2457.855701446533,0.5483417510986328
2857,25219.10756122525,-0.26342033326625824,100.0,2.5,93.55504587155963,1.7187737351119312,2484.8129749298096,1.5381717681884766
2858,23719.565791851008,-0.24727082267403602,100.0,2.5,89.75924042048152,1.2716569128634545,2528.080940246582,0.41312599182128906
2859,18822.717784847064,-0.24727468326687813,76.0,2.5,72.42524916943522,1.5074330295576208,2519.5059776306152,0.6127662658691406
2860,24794.758546233366,-0.21732331335544586,94.0,2.4999999999999996,87.9104647199182,1.5371846327015566,2450.3867626190186,0.28551483154296875
2861,25511.577792974495,-0.25660287618637084,99.0,2.5,93.75709421112373,1.125951969025195,2426.2096881866455,0.7315101623535156
2862,22685.484368390942,-0.14096944466233252,100.0,2.5,85.18477043673013,0.8520661878035305,2518.4946060180664,0.4513587951660156
2863,26332.305818457964,-0.19893788129091264,94.0,2.4999999999999996,88.4417616811983,1.0472296630480755,2472.940444946289,0.4810352325439453
2864,24225.63439075005,-0.19758037924766542,93.0,2.4999999999999996,80.62248995983936,1.352133913157492,2502.1305084228516,0.31923675537109375
2865,26682.576210204803,-0.17498158410191536,96.0,2.4999999999999996,90.58011986882279,2.0823396586387815,2474.346876144409,0.6352863311767578
2866,29457.511193438386,-0.2025400346517563,100.0,2.5,97.68640476463177,1.302853577973475,2468.2154655456543,0.4727592468261719
2867,25608.709049175428,-0.26048840194940565,100.0,2.4999999999999996,91.93877551020408,1.5237607526735273,2324.432611465454,1.2852458953857422
2868,22420.96093605554,-0.23369066923856735,96.0,2.5,84.77551479689434,2.380097581646646,2434.107780456543,0.3664684295654297
2869,26238.58000003549,-0.1984422719478607,97.0,2.5,90.9587793213391,1.0260802391388315,2490.8809661865234,0.5226325988769531
2870,22335.926021343883,-0.18777483865618705,100.0,2.5,88.7187107097954,1.5900946457070366,2570.2831745147705,0.32935333251953125
2871,21200.406414099023,-0.25183586597442625,98.0,2.5,87.46889843926712,1.2679942892291023,2639.024019241333,0.5701713562011719
2872,23367.128892755045,-0.2779409883916378,93.0,2.5,87.59181828455192,1.0821513304999402,2419.1761016845703,0.8655757904052734
2873,27306.282528274358,-0.22341204196214676,98.0,2.5,91.83952587189424,1.673551405724253,2537.3613834381104,1.0066184997558594
2874,27047.09613341166,-0.24316708683967592,99.0,2.5,97.09149204168098,1.5097916811171996,2530.0755500793457,0.09712600708007812
2875,26050.779826575566,-0.17688650116324425,95.0,2.5,88.39995521218229,1.4834339483604002,2415.761947631836,0.8054695129394531
2876,22572.113231913732,-0.14541846185922622,90.0,2.5,81.5111111111111,0.9539266480912955,2421.257495880127,0.43836402893066406
2877,22039.6881638499,-0.21332174718379973,87.0,2.5,82.91457286432161,1.5884671871376672,2516.092300415039,0.062068939208984375
2878,17464.48724830929,-0.27050287440419196,73.0,2.5,66.20248830042232,1.3722167027058618,2487.5030517578125,0.6168136596679688
2879,24986.33777028379,-0.2459270791709423,100.0,2.5,91.29175946547883,1.6692000868601211,2529.6201705932617,0.12674903869628906
2880,23558.988792856107,-0.19457945197820664,100.0,2.5,84.92417484388939,1.584468000177407,2630.0787925720215,0.2767753601074219
2881,24232.311828178972,-0.2516233080625534,93.0,2.5,86.88966213940958,1.826623288599702,2436.8276596069336,0.8778953552246094
2882,20046.77580809418,-0.2663997408747673,86.0,2.4999999999999996,79.35157507472982,0.7698177193726156,2444.9033737182617,0.6777763366699219
2883,24030.54093168181,-0.21901668399572372,100.0,2.5,91.71122994652407,1.5111407789337998,2511.7311477661133,0.16565895080566406
2884,19826.904888335503,-0.22347713768482208,79.0,2.5,72.09062821833162,0.8464816307727744,2631.2100887298584,0.5694904327392578
2885,23077.68015428298,-0.18997489601373674,97.0,2.4999999999999996,91.45923726878283,1.444777163340692,2632.7719688415527,0.26822853088378906
2886,12264.078977634466,-0.2593498915433884,55.00000000000001,2.5,50.29738525418023,0.8068826099079841,2333.7180614471436,0.2875518798828125
2887,26116.78429202333,-0.2231089062988758,100.0,2.5,91.31564088085827,0.9450534408614417,2449.2902755737305,0.048099517822265625
2888,24668.512020826256,-0.22533225744962693,99.0,2.5,89.46047678795483,1.6572136008982812,2415.0471687316895,1.1433143615722656
2889,24620.57578554122,-0.20593435183167458,100.0,2.4999999999999996,92.65536723163842,1.3549150833929138,2454.115152359009,0.41496849060058594
2890,28203.308020257537,-0.18944938957691193,100.0,2.5,91.27153958779142,1.2604305150906572,2521.5063095092773,0.08145904541015625
2891,24132.348106114383,-0.18709152370691298,100.0,2.5,87.18961625282166,1.2192882153246398,2429.0051460266113,0.21300315856933594
2892,22964.502731279703,-0.23051250219345093,100.0,2.5,86.03314169766655,1.4647036617591545,2333.2161903381348,0.22835350036621094
2893,26612.676006144076,-0.18184976547956466,100.0,2.4999999999999996,93.97452083094227,1.3127863876484838,2590.5206203460693,1.0390205383300781
2894,23139.942646025924,-0.16371332973241806,96.0,2.5,86.05019217725525,1.564600247325125,2332.090139389038,0.3532123565673828
2895,25520.123266838833,-0.1505921995639801,100.0,2.4999999999999996,89.83301147336135,1.870441333052435,2522.949695587158,1.1076889038085938
2896,23621.84206271563,-0.2027072188258171,100.0,2.5,90.11761992619927,1.3587266139507326,2325.5093097686768,0.8315544128417969
2897,22081.078437660886,-0.28242466449737547,100.0,2.5,87.65432098765432,1.2478726231334212,2504.5220851898193,0.7126655578613281
2898,26749.265648127483,-0.18569667458534242,100.0,2.5,94.15408875872944,0.9352878880775876,2364.6819591522217,0.1798877716064453
2899,23640.971867179836,-0.19101773381233214,90.0,2.5,84.34713011662474,1.0613576059226935,2483.3734035491943,0.13798141479492188
2900,26317.058593261463,-0.27077394604682925,95.0,2.5,89.19820545266306,1.4397965208702366,2537.68253326416,0.37572669982910156
2901,24015.155224571423,-0.23287758201360703,98.0,2.5,90.35532994923858,0.7658850226928896,2444.211959838867,0.11712074279785156
2902,24590.810748624124,-0.20512574076652526,98.0,2.5,88.21275636691458,1.5515649164969902,2437.1838569641113,1.0996150970458984
2903,24941.655728607948,-0.22806453466415405,100.0,2.5,87.6992651215376,0.8944144361628292,2502.6748180389404,0.9775733947753906
2904,17924.47790484011,-0.3060732261836529,73.0,2.5,69.66188050023159,1.5674897674627806,2621.6278076171875,0.009258270263671875
2905,25415.381628226212,-0.21661577597260476,97.0,2.5,87.22698684962836,2.2849637383727845,2557.6107501983643,0.3641471862792969
2906,26987.61037963725,-0.2904270103573799,99.0,2.5,91.90013556258472,1.6466789667896677,2545.9070205688477,0.32395172119140625
2907,16895.30211259218,-0.2127233238518238,73.0,2.5,63.22336998778185,0.9400000000000001,2437.6237392425537,0.1359710693359375
2908,25694.335042782426,-0.14845458030700684,98.0,2.5,90.08283217973448,1.2691925973495242,2486.422061920166,0.4029273986816406
2909,21589.471171745103,-0.2715025731921196,84.0,2.5,74.48578172417669,0.5052866389143942,2281.461000442505,0.8726406097412109
2910,23034.729151243664,-0.177730213701725,100.0,2.5,85.80344984112574,1.0291275953995807,2538.954257965088,0.6319046020507812
2911,25651.222462801987,-0.18440971300005912,100.0,2.5,92.19038817005544,1.1112058915522192,2682.3673248291016,1.0433807373046875
2912,25562.468713033002,-0.1952024531364441,94.0,2.5,86.31195998180992,2.1531072246217753,2478.1951904296875,0.3851451873779297
2913,25061.82242601856,-0.1997523821890354,97.0,2.5,88.39602149308334,1.8057683950504333,2486.2616062164307,0.8741016387939453
2914,23957.643734440153,-0.1919907435774803,100.0,2.5,89.08072261605305,1.1973983590356463,2525.141716003418,0.12025833129882812
2915,24059.132001610415,-0.2395671461522579,87.0,2.5,82.54256526674234,2.0077417885808617,2493.9637184143066,0.36373138427734375
2916,25464.83303712704,-0.22215226724743842,96.0,2.4999999999999996,91.05925840360402,0.8661487137996388,2611.5615367889404,1.3302421569824219
2917,21369.46788564656,-0.17024700343608856,87.0,2.5,81.04460093896714,0.5918883775136372,2539.8032665252686,0.4445323944091797
2918,26088.146580390512,-0.18633424624800682,95.0,2.5,95.69145239749827,1.5003788835564535,2427.605390548706,0.04318809509277344
2919,24888.229910537295,-0.20161617547273636,100.0,2.4999999999999996,91.2654975985703,1.4628012413045235,2537.362575531006,0.3220939636230469
2920,17653.466982674847,-0.2604027213156223,71.0,2.5,64.48001791111608,1.328309935078632,2524.2319107055664,0.308349609375
2921,25192.01031518306,-0.18445349037647246,99.0,2.5,85.99704242975771,1.739301161266479,2501.5475749969482,0.039981842041015625
2922,21928.575702177142,-0.20251784443855286,86.0,2.4999999999999996,82.03443588581784,0.7581241400650925,2450.9077072143555,0.3318367004394531
2923,25982.225723510186,-0.22643158212304115,100.0,2.5,91.3220799818738,0.9707734019576306,2397.4697589874268,0.9467563629150391
2924,26860.57129784618,-0.21021497160196304,100.0,2.5,95.56341240875912,1.91113103961154,2482.0146560668945,0.5868244171142578
2925,23974.420330821995,-0.21289266318082808,100.0,2.5,90.13683010262258,1.2511948166421503,2454.6666145324707,0.36135101318359375
2926,22386.632932986424,-0.221728827804327,91.0,2.4999999999999996,83.06625752926469,1.2773867861244075,2494.174003601074,0.15506935119628906
2927,20366.305687716285,-0.257800605148077,83.0,2.5,74.68612147947064,0.5023135030452412,2392.3676013946533,0.3307933807373047
2928,26113.30061491575,-0.21475617080926895,94.0,2.5,83.90492359932088,0.9798227808796554,2528.0685424804688,0.5144462585449219
2929,26090.147531848328,-0.179940577596426,100.0,2.5,91.59857290827483,0.8934175715232682,2295.201301574707,0.3906269073486328
2930,24997.97331356596,-0.11921737015247345,100.0,2.4999999999999996,93.0660269591044,0.9740534741240578,2607.754945755005,0.8930511474609375
2931,20487.76570161144,-0.21644901543855666,83.0,2.5,77.92251925690982,0.9628241380066198,2411.234140396118,0.3163433074951172
2932,26511.39157172606,-0.2172179937362671,99.0,2.5,92.43678421589749,1.3431929019863273,2337.165355682373,1.1827564239501953
2933,24500.906005121207,-0.17169530421495438,99.0,2.4999999999999996,93.4762239400328,1.4794361125139983,2482.3126792907715,0.7880611419677734
2934,26994.539023723526,-0.18883223399519922,98.0,2.5,94.29549343981746,1.869756614732184,2429.8717975616455,0.30970191955566406
2935,24779.912600269694,-0.12989554643630982,100.0,2.5,92.4812030075188,1.9418149435323915,2478.668212890625,0.35858726501464844
2936,25679.998775423108,-0.20234614863991737,100.0,2.5,89.9188618428365,1.7342120163206218,2537.402391433716,0.39034461975097656
2937,24924.252321024152,-0.21216540426015854,93.0,2.4999999999999996,87.17803245205945,1.7794780800397825,2520.869255065918,0.47521400451660156
2938,25374.509359043834,-0.22783956736326216,94.0,2.4999999999999996,90.93446466450821,1.2969478766058424,2473.851203918457,0.5909385681152344
2939,26609.310055389193,-0.1797604501247406,100.0,2.4999999999999996,95.55605684637942,1.3989489732663922,2620.504140853882,0.4354991912841797
2940,26355.22665637255,-0.1850254276394844,100.0,2.5,89.0913155247569,2.0855723705231357,2486.144781112671,0.4904041290283203
2941,26763.55940425468,-0.25295345187187196,97.0,2.4999999999999996,92.12847771997286,0.922475688448605,2381.0267448425293,0.14374732971191406
2942,20203.59204044634,-0.1962429030239582,85.0,2.5,78.17294281729428,1.194573560893683,2522.761583328247,0.274627685546875
2943,25735.99963068308,-0.2102403050661087,100.0,2.5,88.81411000232072,1.5152212959977893,2531.780242919922,0.6285362243652344
2944,22865.469198837753,-0.2075220300257206,98.0,2.5,88.02628647805747,1.1034197297547532,2456.287622451782,0.6945323944091797
2945,24059.886522361645,-0.24702043920755387,89.0,2.5,82.0735559566787,1.9487876727849536,2446.4070796966553,0.32051849365234375
2946,24558.153822846034,-0.2152532669901848,99.0,2.5,88.9763779527559,1.0298913996469612,2386.178970336914,0.20335769653320312
2947,24840.274149619803,-0.18524195984005928,100.0,2.5,90.02906326849988,1.4330168895302953,2348.423957824707,0.0886993408203125
2948,25887.07249052317,-0.2447838719189167,98.0,2.5,95.37839399191219,1.336935439179828,2371.4828491210938,0.05639076232910156
2949,21869.860322074877,-0.25514291107654574,91.0,2.5,76.80365296803653,0.8717569806104086,2374.4771480560303,0.4894084930419922
2950,25365.342034384674,-0.1893267111480236,100.0,2.5,91.832305231894,1.624947138528916,2182.9988956451416,0.015436172485351562
2951,24105.477778131626,-0.2930586476624012,100.0,2.5,89.55921638468388,1.4264327881817924,2588.4313583374023,0.2904777526855469
2952,24535.39381091644,-0.23858393013477325,100.0,2.4999999999999996,91.03260869565217,1.0370604624788036,2508.7454319000244,0.030836105346679688
2953,23464.004178446736,-0.17487340927124023,97.0,2.5,88.4327511907462,1.0337867586096483,2322.7200508117676,0.7299976348876953
2954,21302.657650212852,-0.2231546550989151,99.0,2.4999999999999996,88.24462061155153,1.028129387025182,2363.567113876343,0.41908836364746094
2955,25657.523665443576,-0.2640870293974876,99.0,2.5,96.2085308056872,1.6005383580080752,2375.354766845703,0.18532180786132812
2956,26181.194867426362,-0.2116456088423729,100.0,2.4999999999999996,92.10377251614365,2.065626009990758,2543.0212020874023,0.5215187072753906
2957,19546.728727313042,-0.19819802597165107,85.0,2.5,75.30630429939853,1.5685656738418607,2682.180404663086,0.3932380676269531
2958,24729.05979893098,-0.21381044566631316,95.0,2.5,92.11660617059891,1.8643207969193165,2448.603391647339,0.5401229858398438
2959,22678.125481608058,-0.12715816885232925,94.0,2.5,85.48043502634825,1.424838669205047,2343.3310985565186,0.7315330505371094
2960,25254.504095110566,-0.21471484392881393,99.0,2.4999999999999996,93.40381521489313,1.832810757472251,2559.934139251709,0.44011688232421875
2961,25620.30803881189,-0.2630862525105476,100.0,2.5,91.39042878153637,1.1536061965132842,2494.4474697113037,0.4396839141845703
2962,26017.309206067042,-0.20327926322817802,98.0,2.5,94.45604268151241,1.5639987363947043,2429.842948913574,2.0898685455322266
2963,25528.778480029356,-0.2027197976410389,100.0,2.4999999999999996,93.7912212872413,1.3663020187211006,2464.9250507354736,0.8424816131591797
2964,26315.05522772337,-0.27390325367450713,100.0,2.5,94.88782230159616,1.9371872941774608,2523.5161781311035,0.2214488983154297
2965,19565.714821140977,-0.2563737279176712,78.0,2.5,71.94476409666282,1.721756261329261,2439.0225410461426,0.29587554931640625
2966,27466.187295915952,-0.23900347888469697,100.0,2.5,92.66951055231253,1.3987147571354135,2481.1482429504395,0.1383991241455078
2967,24206.387496627558,-0.24842878997325898,97.0,2.5,90.52931132612407,2.101313536435409,2484.035015106201,0.10104560852050781
2968,24756.954035482802,-0.2564434078335762,96.0,2.5,93.29710144927536,1.68425565037876,2475.698947906494,0.02490234375
2969,23525.0225592772,-0.24406474173069,95.0,2.5,89.26901585129433,0.9016007532956685,2631.6311359405518,0.11907196044921875
2970,23511.20717901372,-0.20814989671111106,100.0,2.4999999999999996,90.05128205128206,1.9317442683720047,2406.41450881958,0.38356590270996094
2971,25718.44883453645,-0.2088233494758606,100.0,2.5,97.35497786354864,1.7279396791966537,2443.549394607544,0.23127174377441406
2972,25817.60799395199,-0.21207322165369988,99.0,2.5,96.82236694363351,2.1860516250730515,2387.2084617614746,0.9418449401855469
2973,25563.33697179445,-0.2016187374293804,100.0,2.5,96.82649189375647,1.2932155301432475,2352.242946624756,1.4857559204101562
2974,26901.43445494881,-0.21175217971205712,100.0,2.4999999999999996,98.61486089916657,1.3766882373526779,2574.887275695801,0.3303794860839844
2975,24080.420285713655,-0.1910209234058857,98.0,2.4999999999999996,91.48960475211332,1.4186664186954778,2476.9110679626465,0.4776649475097656
2976,24113.80468724186,-0.22613200575113296,94.0,2.5,87.415239627629,1.3254650653511906,2487.2653484344482,0.17217636108398438
2977,18620.944342375362,-0.2502875871956348,79.0,2.5,73.47349586222322,1.9727820003254075,2505.6843757629395,0.5963706970214844
2978,24742.748644072075,-0.17853581801056861,97.0,2.5,89.8458748866727,0.9433636468285945,2565.9098625183105,0.6339073181152344
2979,25296.070522375547,-0.25113220810890197,98.0,2.5,90.72058655057853,1.10831822580107,2517.7178382873535,0.4231548309326172
2980,23912.013324516764,-0.19275565207004547,100.0,2.5,91.5766236784013,1.9101997237985817,2391.2060260772705,0.6106224060058594
2981,25969.637795897925,-0.17896799311041833,100.0,2.5,93.67611614828417,1.295232933019406,2488.325595855713,0.3484687805175781
2982,24309.70840804102,-0.16285888612270355,100.0,2.5,90.42815249266863,0.8112856250693095,2479.6128273010254,0.3865509033203125
2983,25850.61600867104,-0.21364949584007265,100.0,2.5,92.36384053902302,1.0138911948641318,2427.783250808716,0.15294265747070312
2984,27708.268770230006,-0.3025183501839638,98.0,2.5,93.68698441796516,1.6173940601231438,2516.7787075042725,0.7512073516845703
2985,25728.96249024741,-0.14580544516444205,98.0,2.4999999999999996,91.85303514376997,1.3646057805522849,2555.0849437713623,0.09691238403320312
2986,26237.73230291019,-0.22021566286683084,100.0,2.5,95.26443138610439,1.6280629109858957,2389.9364471435547,0.48344993591308594
2987,24696.001511942966,-0.20646775752305985,95.0,2.5,89.45479021763518,2.128888474014609,2477.245092391968,0.22802734375
2988,21908.039161116634,-0.17757952243089675,94.0,2.5,85.85997479087888,1.6814692950358014,2536.6971492767334,0.5602226257324219
2989,26513.426710922293,-0.19451232701539994,100.0,2.5,90.26628895184136,0.7410031417139472,2483.807325363159,0.46925926208496094
2990,26618.17508049153,-0.25475170969963074,100.0,2.5,95.63017479300828,1.5080070673764052,2566.852331161499,0.6818046569824219
2991,25262.479700477033,-0.223388140052557,100.0,2.5,96.31519274376417,1.7249643366619116,2502.138614654541,0.14583778381347656
2992,26605.18231403083,-0.1886167411506176,100.0,2.5,90.90302491103202,2.0274494284714693,2556.9369792938232,0.16727256774902344
2993,25945.579914237907,-0.17787230744957924,100.0,2.4999999999999996,92.64020020475486,0.8323639361666083,2579.58722114563,1.0258293151855469
2994,26844.756263036823,-0.22636553809046744,100.0,2.5,89.08111824014665,0.9929394995439967,2367.2080039978027,0.7021102905273438
2995,24077.835562130193,-0.22360803812742233,96.0,2.5,88.3798509952185,0.6134361169260553,2396.773099899292,0.3802318572998047
2996,24488.863482295812,-0.22376444637775422,99.0,2.4999999999999996,91.54314604159485,1.7104415261204808,2378.065824508667,0.6627464294433594
2997,23824.425477956982,-0.24423650592565538,97.0,2.5,88.54722673474123,1.3695886783636142,2340.622663497925,0.5793399810791016
2998,22556.57937426283,-0.204976936429739,88.0,2.4999999999999996,77.54083484573503,0.9362846573186996,2365.5307292938232,0.4815235137939453
2999,23358.075909966392,-0.2782041773200035,100.0,2.5,86.37753368814404,1.1917822456780571,2504.0767192840576,0.5982532501220703
3000,22578.550240189532,-0.2471979069709778,92.0,2.5,82.74451891400659,1.850492082854673,2527.672529220581,0.5438117980957031
3001,24676.37366543455,-0.19969087302684785,100.0,2.5,95.13639001741149,1.498786134963809,2359.971046447754,0.11354255676269531
3002,19714.14719833083,-0.1863063883781433,85.0,2.5,72.78126784694462,1.4103699274404058,2359.269857406616,0.3405494689941406
3003,25019.219218961076,-0.25355522722005847,100.0,2.4999999999999996,89.22458357265938,1.639625824260083,2680.2401542663574,0.6582431793212891
3004,26693.693113457583,-0.25649851724505424,100.0,2.5,92.45857287791681,1.655395806103313,2543.464183807373,0.16102027893066406
3005,25072.14134846051,-0.2525390684604645,95.0,2.4999999999999996,88.17524945521275,2.317449514802342,2354.320287704468,0.6637401580810547
3006,21870.90234758358,-0.15974301248788833,85.0,2.5,81.05347716318569,2.076496045034321,2490.9138679504395,0.15397071838378906
3007,27559.080761415793,-0.22007121101021768,100.0,2.5,98.06604840533815,1.2723620013393284,2440.3183460235596,0.08464813232421875
3008,26445.939136690467,-0.2526232300698757,97.0,2.5,89.87370838117107,1.4008336559121688,2494.5714473724365,0.46422576904296875
3009,23624.97408946698,-0.22568574860692026,96.0,2.5,84.38973887035546,0.8762161858163208,2518.77498626709,0.48848724365234375
3010,21597.37991764559,-0.18579891294240952,90.0,2.5,79.23227215262614,0.8678264812048432,2523.8139629364014,0.3649311065673828
3011,22702.23778645996,-0.12532909005880355,90.0,2.5,81.27264492753623,1.4277094030717383,2445.9731578826904,0.09762001037597656
3012,26699.85641040927,-0.10307014852762222,100.0,2.5,91.81325367850425,1.2868009733213495,2490.581274032593,0.29636192321777344
3013,24808.61937083898,-0.20252710372209548,93.0,2.4999999999999996,88.19340760307797,1.3025950267633308,2399.9037742614746,1.0264835357666016
3014,24875.141016761783,-0.2353643634915352,100.0,2.4999999999999996,88.48114169215087,1.0176279791284726,2402.0674228668213,0.6368923187255859
3015,28177.822173923043,-0.2255293335020542,99.0,2.4999999999999996,91.23284563910627,1.4522122800911632,2294.96169090271,0.8176841735839844
3016,24698.61179736984,-0.22190603703260423,97.0,2.5,91.68450704225351,1.7778000769320825,2547.5330352783203,0.13057899475097656
3017,26727.84903642857,-0.26939564794301984,100.0,2.4999999999999996,90.64373797940944,0.7807145125967535,2415.4372215270996,0.3845844268798828
3018,25537.59479547427,-0.21196901872754098,98.0,2.5,98.17829898667881,2.428734974241557,2642.711877822876,1.0070514678955078
3019,25485.8796912312,-0.1715407855808735,100.0,2.4999999999999996,89.87651574146179,1.3443050814618107,2625.2570152282715,0.26003456115722656
3020,26908.43920040572,-0.20195487812161445,100.0,2.5,94.46426516284959,0.7868816070586278,2341.2253856658936,0.7646121978759766
3021,25487.992777084193,-0.29025508821010587,98.0,2.4999999999999996,89.78388998035363,0.5744386168063029,2612.844944000244,0.45935821533203125
3022,25534.133971590563,-0.20604484468698503,100.0,2.5,87.58620689655172,0.9137156409703566,2380.1474571228027,0.3081016540527344
3023,26461.312005142798,-0.2526099607348442,99.0,2.5,86.88785365299397,1.5360838675935664,2340.0192260742188,0.5982227325439453
3024,26149.011394577403,-0.18355813458561898,95.0,2.4999999999999996,86.94760820045559,1.946942628314638,2426.5658855438232,0.4393444061279297
3025,19766.5613995784,-0.23186161756515503,79.0,2.5,72.19214376223937,1.9683395766574896,2592.679023742676,0.173065185546875
3026,24513.218322064327,-0.20218336313962937,100.0,2.5,92.28744707632453,2.867042856289409,2598.651647567749,0.6231613159179688
3027,25314.306180340525,-0.22429344832897186,99.0,2.5,91.54357875746983,1.4987461623192482,2624.361038208008,0.26550865173339844
3028,24050.05554736849,-0.24900739908218383,99.0,2.5,91.60997732426304,2.0340543551155417,2500.260353088379,0.23550033569335938
3029,29026.97111634414,-0.21911823466420174,100.0,2.5,95.32506317482196,1.4170085998538589,2593.6880111694336,0.6714153289794922
3030,25300.732439517684,-0.22344074979424478,96.0,2.4999999999999996,90.20931030538716,1.703151966572804,2463.3665084838867,0.11724853515625
3031,24499.890432905402,-0.14260337859392166,98.0,2.5,93.35826816275643,1.4992180337593701,2486.3781929016113,0.6348838806152344
3032,25637.03973133298,-0.20363364607095719,99.0,2.4999999999999996,90.85582998276853,1.6306792622582098,2376.8625259399414,0.34459877014160156
3033,28145.938861524955,-0.20086793065071107,100.0,2.5,92.1455938697318,1.4021371150050175,2268.268585205078,0.29462242126464844
3034,22481.636726450564,-0.2005498529970646,98.0,2.5,89.72843995000568,1.5577777777777777,2518.512010574341,0.11727142333984375
3035,26768.519575352293,-0.2585819473862648,98.0,2.5,94.83944954128441,1.4048501473721073,2581.1026096343994,0.14345932006835938
3036,26409.271018645162,-0.22714639216661453,100.0,2.5,91.85102834908282,1.6820910813115617,2528.207778930664,0.3747119903564453
3037,26209.169789173153,-0.2537946859002113,99.0,2.4999999999999996,93.14164242559858,1.9459850079433811,2403.3725261688232,0.2910308837890625
3038,25282.53898161493,-0.16687836796045302,100.0,2.5,95.5225585379783,1.8972128426715504,2369.476318359375,0.2688579559326172
3039,28045.897604816593,-0.23517406731843948,98.0,2.4999999999999996,92.91410344041923,1.339352122023503,2582.5631618499756,0.2724761962890625
3040,25461.935083706485,-0.19328601762652398,100.0,2.5,87.71773112996874,1.2874642853011602,2416.2139892578125,0.9447231292724609
3041,28682.011786347015,-0.20670984894037248,94.0,2.5,99.12984518024636,2.206331162467731,2513.551950454712,0.1826610565185547
3042,19222.960148542075,-0.21084198072552682,83.0,2.5,78.79518072289157,1.006239811119231,2449.5913982391357,0.6974296569824219
3043,22347.586788310797,-0.25869664281606675,96.0,2.5,84.53840098954234,1.82666879445559,2522.2432613372803,0.07913780212402344
3044,25726.957896480246,-0.21011109814047813,99.0,2.4999999999999996,88.77065881820239,1.6896843459920639,2504.574775695801,0.9745578765869141
3045,20588.16829286027,-0.24947007447481157,78.0,2.5,72.72727272727273,1.3076927463828865,2538.8736724853516,0.9608726501464844
3046,25341.85717504894,-0.19131847068667412,93.0,2.5,85.1461318051576,1.1468091174341313,2506.9329738616943,0.7591934204101562
3047,24888.15090495603,-0.24603139251470565,100.0,2.4999999999999996,90.78117964880684,1.2437810945273633,2386.4872455596924,0.4018115997314453
3048,26646.190120836633,-0.20464426577091216,100.0,2.4999999999999996,91.59132007233272,1.374665820834655,2533.116102218628,1.197744369506836
3049,26610.14437336357,-0.18983911335468293,100.0,2.5,91.1493336370885,1.2839206386129345,2568.76802444458,0.4208488464355469
3050,27833.050202376187,-0.2264167296886444,100.0,2.5,93.86281588447653,2.2143661392060245,2417.6599979400635,0.4489288330078125
3051,27019.398383643642,-0.2560856047272682,100.0,2.5,94.14290432676428,1.3022648812345583,2391.29376411438,0.5716228485107422
3052,26396.483429345233,-0.14815593540668487,98.0,2.5,91.82773821634453,1.6953123214408155,2613.7783527374268,0.08933067321777344
3053,26065.975499394703,-0.19849359646439552,100.0,2.5,89.10277685584688,0.629382589362066,2573.429822921753,0.5299720764160156
3054,24758.26744526255,-0.2132798519730568,100.0,2.4999999999999996,90.74284416174466,1.116349257052221,2243.255853652954,0.38051795959472656
3055,19075.802853273723,-0.2175740569829941,73.0,2.5,69.06474820143885,1.1062896657346066,2407.027244567871,0.3147163391113281
3056,27009.215130665845,-0.18950680390000343,100.0,2.4999999999999996,91.35957885099565,2.031180451085456,2467.48948097229,0.9631118774414062
3057,22466.832794233258,-0.24694853276014328,91.0,2.5,82.98086606243706,1.2957382942806608,2379.8344135284424,0.8892879486083984
3058,25971.123030104784,-0.29454860389232634,100.0,2.4999999999999996,91.90920328126757,1.8859086730720813,2563.723087310791,0.16637611389160156
3059,25749.667340942244,-0.1515402975678444,99.0,2.4999999999999996,91.58421471625157,1.1392023307556178,2641.6947841644287,0.2919120788574219
3060,24856.894680447404,-0.19182586193084716,99.0,2.5,94.46923438233912,1.4785372753822736,2397.754907608032,0.84527587890625
3061,25937.176439893832,-0.23235562458634376,100.0,2.5,93.42298564809583,1.979857957853068,2446.558952331543,0.8337459564208984
3062,26308.785454297395,-0.27051772594451906,100.0,2.5,93.42490430083315,1.4302165151169486,2337.7838134765625,0.7815589904785156
3063,22052.190049739624,-0.22994318649172782,91.0,2.5,83.4114553561221,2.29446940034714,2360.858201980591,0.008459091186523438
3064,22415.356332825337,-0.17506329268217086,99.0,2.5,85.22963304869606,1.7993375970762906,2463.9337062835693,0.18151473999023438
3065,26014.06560542644,-0.2697485116124153,100.0,2.5,90.82766439909297,1.3683892965090134,2535.0451469421387,0.6844463348388672
3066,27960.647547890912,-0.13440515220165253,99.0,2.5,97.70378874856488,1.5132765878706573,2541.710138320923,0.09704780578613281
3067,26456.347640679673,-0.24395361587405204,98.0,2.5,90.7230405937254,2.25684751899034,2561.089515686035,0.6772270202636719
3068,24579.044463800765,-0.22464753851294517,97.0,2.5,85.84060764085704,1.4631773860866304,2459.8870277404785,0.029447555541992188
3069,23515.59122218357,-0.16595394521951676,95.0,2.5,83.94194217256077,1.1316259678379987,2447.5481510162354,1.1291961669921875
3070,22978.41916169508,-0.22907974407076837,93.0,2.5,87.0730304772858,1.107011070110701,2717.0093059539795,0.12265777587890625
3071,25286.469225097917,-0.22540556117892266,100.0,2.5,90.63893016344726,1.4516920638862774,2481.846570968628,0.13399124145507812
3072,25355.318070155372,-0.15169254839420318,95.0,2.5,86.27070245573958,2.0495785228487837,2563.31729888916,0.3754692077636719
3073,14460.813852498322,-0.19470734506845475,61.0,2.5,56.400449943757025,1.4852532088301802,2472.6779460906982,0.2556171417236328
3074,25316.728737751404,-0.30293286323547364,97.0,2.5,87.6907540394973,1.2761961908571682,2446.7613697052,0.45954322814941406
3075,25383.303756946272,-0.17126229405403137,99.0,2.4999999999999996,86.93683495585239,2.0488984536196835,2213.1619453430176,0.8493804931640625
3076,10767.896964723152,-0.19984855145215988,55.00000000000001,2.5,48.17191977077364,0.8913745387453875,2475.3551483154297,0.8921318054199219
3077,23704.410018722305,-0.25457425400614736,95.0,2.5,88.98703682459562,1.2213611385092293,2394.160747528076,0.20926856994628906
3078,23048.045044194747,-0.22658347398042678,100.0,2.5,86.17784356142548,1.170187434091914,2383.040189743042,0.2058734893798828
3079,23417.212804418625,-0.17480706676840782,96.0,2.4999999999999996,90.97389904564793,1.5916919202083921,2514.4388675689697,0.8393478393554688
3080,23415.386119197916,-0.28062268704175947,93.0,2.5,82.86221039796031,0.3826408954470222,2393.8121795654297,0.5972480773925781
3081,26527.742963426415,-0.2219051353633404,100.0,2.5,93.55761528779037,1.8840486039296795,2507.8210830688477,0.31563568115234375
3082,25475.883335916613,-0.18596519380807877,98.0,2.5,91.95244627343394,1.5264016785173096,2411.917209625244,0.18499183654785156
3083,22910.692465801043,-0.3028813499212265,98.0,2.5,87.76986549112694,1.653495086174215,2382.643461227417,0.18599319458007812
3084,26527.036548355478,-0.2125709193944931,98.0,2.4999999999999996,98.11385069878423,1.6944017415307968,2484.076976776123,0.41095733642578125
3085,27757.57167779258,-0.23776946917176248,100.0,2.4999999999999996,98.56381746583276,1.9102297611240178,2562.0124340057373,0.5566272735595703
3086,24108.41933994937,-0.17564925521612168,100.0,2.4999999999999996,90.0023089355807,1.7327615961062588,2368.7729835510254,0.7365531921386719
3087,20365.29802751647,-0.22974313125014306,81.0,2.5,75.3270599036034,1.4782574377998658,2511.1260414123535,1.280508041381836
3088,24202.78641108895,-0.23645379036664962,95.0,2.5,87.0576225045372,0.9449399617414552,2373.4912872314453,0.3942108154296875
3089,25565.56617298868,-0.2334946784377098,94.0,2.5,85.40978000683917,1.1688904093967385,2605.0283908843994,1.0348148345947266
3090,25450.69546211055,-0.19923612654209136,100.0,2.5,89.11893777427703,1.6046968875452519,2491.665840148926,0.66693115234375
3091,22558.218509174025,-0.22935242384672164,88.0,2.5,81.61664392905867,1.4911322587847664,2346.890926361084,0.38463592529296875
3092,26703.20108236745,-0.2459234131872654,100.0,2.5,92.67126334519573,1.7635871131346896,2280.3187370300293,0.759033203125
3093,24869.320483772586,-0.14443040892481804,95.0,2.4999999999999996,91.60314028899761,1.8477769758421791,2342.7324295043945,0.34331703186035156
3094,26037.886283743042,-0.17062297850847244,100.0,2.4999999999999996,92.65478638336761,1.1381627749914196,2494.7733879089355,0.27179527282714844
3095,24036.452722951522,-0.23794526517391204,99.0,2.5,92.66223343269893,0.9256327747684479,2623.1534481048584,0.4429206848144531
3096,26701.139189911075,-0.2111485332250595,100.0,2.4999999999999996,98.59726408532345,0.8905873194737043,2495.410203933716,0.21514511108398438
3097,26703.982568368257,-0.21452502235770227,100.0,2.4999999999999996,91.4643966409755,1.629750097349795,2457.9875469207764,0.10737419128417969
3098,27172.631735522078,-0.2639761909842491,100.0,2.4999999999999996,93.29671561484139,1.0793261269674086,2589.232921600342,1.0231609344482422
3099,26720.66387873237,-0.19629770070314406,100.0,2.4999999999999996,97.22222222222221,1.2573498676327157,2379.894733428955,0.46053314208984375
3100,25836.001092975483,-0.27320108354091643,100.0,2.5,98.16218699747301,1.5525742056426257,2289.0965938568115,0.030710220336914062
3101,26212.64839257275,-0.169426239579916,100.0,2.4999999999999996,94.23518603582912,2.2229530493141065,2479.037046432495,0.8316230773925781
3102,14743.400144506593,-0.1942119452357292,59.0,2.4999999999999996,56.2120189061445,1.4701620633540649,2381.223678588867,0.1270294189453125
3103,21537.505088591366,-0.17743174016475677,81.0,2.5,75.77940348902645,0.9434015145994608,2513.115406036377,0.4852123260498047
3104,24636.137671597335,-0.19390907555818557,97.0,2.5,91.77676537585423,1.5461436301318223,2571.249008178711,0.5280933380126953
3105,25655.618776813546,-0.2949249893426895,100.0,2.4999999999999996,89.13212579175463,2.0194957186453735,2467.439889907837,0.5658988952636719
3106,25410.081141576557,-0.28290485590696335,100.0,2.5,93.91696542153348,2.3617937703244456,2588.9737606048584,0.09409904479980469
3107,27542.76785451871,-0.23884627223014832,100.0,2.4999999999999996,94.82797903850535,1.5965128379382842,2597.0072746276855,0.467437744140625
3108,26584.55269166774,-0.2443508493900299,100.0,2.5,89.22648859209794,1.9726630371829028,2481.557846069336,0.06731605529785156
3109,21995.943283969013,-0.19235629245638847,94.0,2.5,88.09985181807819,1.3280565371024735,2477.937936782837,0.15967750549316406
3110,25466.291683778505,-0.21676289513707162,95.0,2.4999999999999996,90.88338423255287,0.9341174171222285,2422.5826263427734,0.087890625
3111,25735.31946015432,-0.2658711044490337,100.0,2.5,92.48289016043981,1.7141298842962327,2475.5895137786865,0.8289413452148438
3112,26164.114951809337,-0.28525624454021453,100.0,2.5,94.98407643312102,1.8709095401446854,2457.655429840088,0.212493896484375
3113,26210.564677141392,-0.24893741741776465,99.0,2.5,92.52932467828265,0.9145931405514458,2600.283145904541,0.32454490661621094
3114,27485.18518395548,-0.16886807680130006,100.0,2.5,95.98315885298135,1.595200474625113,2414.562225341797,0.26726341247558594
3115,24376.524786969254,-0.22168900996446608,96.0,2.5,89.80687921380414,1.0337486872356731,2522.2346782684326,1.0566291809082031
3116,25230.811066167957,-0.20554353937506675,92.0,2.5,88.01975648977717,1.4466867038786317,2607.950210571289,1.0224876403808594
3117,26221.611526393077,-0.25820418760180475,100.0,2.4999999999999996,92.56442274946079,1.5476645320225135,2379.06813621521,0.08381080627441406
3118,25477.49964508367,-0.2531161345541477,95.0,2.5,88.57045377004435,1.8987987307343608,2406.687021255493,0.5407562255859375
3119,24592.89206142244,-0.21610743761062623,100.0,2.4999999999999996,90.91419586702607,2.060093101988997,2439.962148666382,0.5606517791748047
3120,29188.96456049273,-0.16784099057316781,100.0,2.4999999999999996,96.24913971094287,2.663249820726765,2471.0655212402344,0.13199806213378906
3121,22784.78719521192,-0.1772306168079376,95.0,2.5,83.94411360513055,1.5997790233291516,2591.8214321136475,0.10251045227050781
3122,27030.163746068065,-0.1743862237036228,99.0,2.5,91.80233891309332,1.1921296947135795,2522.0203399658203,0.20018768310546875
3123,24214.91422804834,-0.26309066593647,100.0,2.4999999999999996,89.42507504040637,1.1624011390693612,2560.720443725586,0.23075485229492188
3124,25572.441051460806,-0.17729920461773874,93.0,2.4999999999999996,89.2698485021073,1.5063105959049268,2482.111692428589,0.8501853942871094
3125,28105.396443370824,-0.19009240746498107,96.0,2.4999999999999996,96.93091732729332,2.0779320648591644,2671.5543270111084,0.44301605224609375
3126,23438.703458864737,-0.2619794751703739,98.0,2.5,89.02200207349384,1.2730766789203662,2412.224054336548,0.12957382202148438
3127,25770.638564391546,-0.21563800737261773,99.0,2.5,88.17655735844775,1.458348351179155,2464.946508407593,0.19989776611328125
3128,24671.04369706609,-0.12161972522735595,100.0,2.5,88.86152468375685,1.9509612251547737,2362.171173095703,0.42375755310058594
3129,25418.832420881117,-0.2348993368446827,100.0,2.5,92.63146016700519,1.1707584478640511,2457.822561264038,0.07622337341308594
3130,23548.000500559545,-0.2524474737048149,96.0,2.5,87.43862053214572,1.8223901856276419,2478.7094593048096,0.09929656982421875
3131,24714.160469158942,-0.24394404351711274,99.0,2.5,89.32240563315248,2.1483937188093583,2381.150484085083,0.017522811889648438
3132,25581.059811302293,-0.24235288470983504,100.0,2.5,98.0928595754342,1.7995839112343968,2575.489282608032,0.28109169006347656
3133,22540.056247814835,-0.18884179905056953,85.0,2.5,75.68703156938452,1.2217491734227093,2503.5688877105713,0.4492664337158203
3134,26457.84562585432,-0.28064944222569466,99.0,2.5,96.55893978144617,1.612297411690838,2481.6501140594482,0.3480358123779297
3135,24664.400935463207,-0.22577757984399796,90.0,2.5,85.46365914786968,1.5163331765602397,2450.047016143799,0.33794593811035156
3136,24407.872535458093,-0.24156749486923218,100.0,2.4999999999999996,84.71576080789742,1.2999824878874555,2478.768825531006,0.6409587860107422
3137,14613.107759012017,-0.18871669813990594,65.0,2.4999999999999996,58.27289969876157,0.8190140641695787,2525.3043174743652,0.2685394287109375
3138,23612.759737014643,-0.2039218597114086,100.0,2.5,88.63636363636364,1.4553640968499326,2472.2108840942383,0.5654830932617188
3139,24146.551585781323,-0.22214526906609536,86.0,2.5,83.6056338028169,1.5388670845293189,2440.647602081299,0.3909645080566406
3140,22592.474797900904,-0.21503046467900278,89.0,2.5,81.50615332505363,0.955464576930492,2516.4802074432373,0.8718528747558594
3141,21880.15334731173,-0.18745554491877556,87.0,2.5,86.97615188701087,2.560062557261486,2421.9255447387695,0.02799224853515625
3142,23251.58490243396,-0.24739165246486663,97.0,2.5,87.27292990081355,1.3951654662712423,2477.5094985961914,0.785308837890625
3143,26505.728222869864,-0.2551575434207916,96.0,2.5,91.16756000932183,1.1472486363715575,2574.5463371276855,0.23114395141601562
3144,26580.700386073477,-0.24662869155406952,99.0,2.5,91.8260091691826,1.6378484158091968,2441.6775703430176,0.5686836242675781
3145,26503.03812078672,-0.21011441305279732,100.0,2.5,92.25233329585066,1.7561748716663852,2511.8651390075684,0.6322975158691406
3146,24903.053724648384,-0.26631702572107313,96.0,2.5,91.61100418883731,1.9194929985239053,2574.27978515625,0.8530654907226562
3147,25341.050714376972,-0.21088259503245355,100.0,2.4999999999999996,90.86902474855916,1.2702270759805554,2315.531015396118,0.4728984832763672
3148,23796.16247210122,-0.2523180937767029,100.0,2.5,85.52066862435058,1.1172697988914362,2379.3225288391113,0.6863803863525391
3149,22682.578909462965,-0.24588334053754807,100.0,2.4999999999999996,86.05867637025244,1.6936913280378125,2588.144302368164,0.2812042236328125
3150,24616.52471489317,-0.2482799656689167,91.0,2.5,87.83087374092293,1.0792233094722095,2423.405408859253,0.2253131866455078
3151,25797.7066296396,-0.21426401495933534,100.0,2.5,97.43676222596964,1.5613506803972048,2565.945863723755,0.18355178833007812
3152,22940.01710727868,-0.2037632754445076,95.0,2.5,90.01248439450687,1.5025718110717055,2503.429174423218,0.5438804626464844
3153,25168.60397668592,-0.1824581228196621,100.0,2.5,88.75929102344196,1.2653121519965456,2469.8216915130615,0.11623764038085938
3154,20326.234370569302,-0.20201031357049942,88.0,2.5,76.08447488584474,1.5321392132411291,2424.6532917022705,0.22232627868652344
3155,26221.38954021943,-0.17892958402633666,98.0,2.5,92.40761478163493,1.6636351537198883,2590.172529220581,0.21933937072753906
3156,23248.740267740322,-0.21042364284396173,98.0,2.5,87.94389402204163,1.8465133039627095,2546.9868183135986,0.18633079528808594
3157,27715.930543029943,-0.23381270557641984,99.0,2.5,92.34711308507005,2.0623677879919406,2463.6690616607666,0.41529083251953125
3158,27610.498415838734,-0.1618202644586563,98.0,2.4999999999999996,97.79761214790773,2.392934226968079,2405.9183597564697,0.9025363922119141
3159,27837.309480690168,-0.23118177473545073,100.0,2.5,94.78241057188426,2.6291136930470227,2526.0753631591797,0.1387310028076172
3160,21540.18683665715,-0.245829276740551,87.0,2.4999999999999996,82.01243640474844,1.5627197299957811,2501.239776611328,0.1062774658203125
3161,26036.821739636922,-0.18746295303106308,100.0,2.4999999999999996,90.63215758131012,1.5781649521317713,2448.2741355895996,0.4710731506347656
3162,22506.161619306982,-0.24591805219650267,90.0,2.5,86.43105446118192,1.8105912526692802,2614.6743297576904,0.09408760070800781
3163,24309.10976934661,-0.22521568551659585,99.0,2.5,91.43920595533498,1.5813037454341428,2426.8031120300293,0.5953598022460938
3164,23285.42322579695,-0.1315492171049118,86.0,2.5,81.6361360791899,1.00770834398414,2494.5857524871826,0.10291481018066406
3165,25076.8552593343,-0.2616860879957676,99.0,2.5,93.1758530183727,2.141337973704563,2537.928342819214,0.38866424560546875
3166,23388.226084877744,-0.21887693136930467,90.0,2.4999999999999996,81.56264341441029,1.4202500163623275,2560.7807636260986,1.324981689453125
3167,23718.383800788204,-0.23849654644727708,99.0,2.5,89.39274002035509,1.5414935487774661,2514.3496990203857,0.014499664306640625
3168,22442.887526709914,-0.21126968801021576,95.0,2.5,81.77018982365495,1.7930761022315782,2404.3853282928467,0.10489082336425781
3169,23489.42538333796,-0.22619167417287828,92.0,2.4999999999999996,84.64110566205974,1.5246782471615352,2475.611686706543,0.40773773193359375
3170,24952.290464718073,-0.21828360721468926,97.0,2.4999999999999996,88.32639852057328,1.4971033169633008,2399.158239364624,0.14474868774414062
3171,25856.95923396948,-0.21125759914517403,93.0,2.4999999999999996,87.15293582157487,1.5,2494.678020477295,0.3408946990966797
3172,22313.731137288323,-0.2326328209042549,92.0,2.5,83.28304838529445,0.981510140913904,2463.2253646850586,0.4052906036376953
3173,28360.816161823233,-0.23472677960991858,100.0,2.4999999999999996,98.47176854876342,1.1854155457936963,2489.5782470703125,1.0042781829833984
3174,25936.31991616237,-0.22734436705708505,100.0,2.4999999999999996,94.33853264009244,2.4284996331833333,2483.6463928222656,0.8412990570068359
3175,24624.062613034024,-0.23105670839548112,100.0,2.5,89.8735632183908,1.582561455011726,2503.600597381592,0.5538253784179688
3176,25193.784619166938,-0.16887446597218514,98.0,2.4999999999999996,95.99598483158599,1.2558560686587144,2548.809766769409,0.09124374389648438
3177,25785.399644264107,-0.30298105895519256,98.0,2.5,95.2303396928804,2.104028532446083,2506.657600402832,0.39719200134277344
3178,23626.74232938528,-0.17032147020101548,98.0,2.4999999999999996,88.78087831655994,1.4578870222121998,2485.1081371307373,0.3862037658691406
3179,29449.33666110735,-0.20593584448099136,100.0,2.4999999999999996,94.38012813307857,1.4412104558180179,2440.307378768921,0.8023529052734375
3180,25527.126688675882,-0.14100123435258866,97.0,2.4999999999999996,87.47076511861009,1.553071406835811,2686.358690261841,0.3771781921386719
3181,26609.02656517681,-0.2106408381462097,100.0,2.5,94.66184121239539,2.197053807501688,2424.8197078704834,1.5069236755371094
3182,26138.401572492643,-0.18832229629158972,98.0,2.5,91.5060104332048,1.1468464635986968,2451.023817062378,0.11124610900878906
3183,25932.747993891688,-0.304927596449852,100.0,2.5,91.25826304992022,1.1379106485222892,2612.3907566070557,0.9108791351318359
3184,19211.875022525102,-0.17208599865436555,77.0,2.5,74.19828364950317,1.1542811899106435,2446.5789794921875,1.7569026947021484
3185,25209.927945408894,-0.2770733469724655,97.0,2.5,89.98649864986498,0.8990797317650022,2483.1247329711914,0.6624965667724609
3186,22348.921874628613,-0.23685870558023453,96.0,2.5,81.87068282187747,1.0778030225959963,2515.279769897461,0.5215435028076172
3187,27541.490258253503,-0.21503690809011458,100.0,2.4999999999999996,97.08045716872242,1.5685511572624526,2301.6867637634277,0.3017768859863281
3188,23268.827914459736,-0.2336608475446701,100.0,2.4999999999999996,89.89385727190606,1.1222741171331607,2659.6293449401855,0.045803070068359375
3189,24323.99292940178,-0.20630557268857955,99.0,2.5,93.93170281495155,1.3115110714203932,2436.591625213623,1.0107288360595703
3190,16990.254218499016,-0.1469437463581562,68.0,2.5,60.95454545454545,0.8914040748280418,2403.7156105041504,0.29616737365722656
3191,25301.605052648516,-0.1953370225429535,100.0,2.4999999999999996,96.8243166609958,1.159951504215186,2487.356424331665,0.26700401306152344
3192,25261.73268809198,-0.24900450855493544,97.0,2.5,88.96543805258928,1.336655834089317,2411.4317893981934,1.0557613372802734
3193,24869.874426606104,-0.22547877937555313,99.0,2.4999999999999996,93.4738730657098,1.9110462674359483,2518.2011127471924,0.038875579833984375
3194,17468.514303491196,-0.2919892717897892,73.0,2.5,66.27828054298642,1.0312521848563239,2527.709484100342,0.16660118103027344
3195,25813.56198260429,-0.20034771755337716,99.0,2.4999999999999996,93.40898670334708,2.250520234804485,2511.349678039551,0.060184478759765625
3196,10393.651540637944,-0.23774804368615152,53.0,2.4999999999999996,47.483391509965095,0.788776068913549,2495.9018230438232,0.4343547821044922
3197,20509.449016273604,-0.2733646246790886,89.0,2.4999999999999996,79.16903167215348,2.067190950026948,2278.226375579834,0.6275959014892578
3198,22579.27326966449,-0.15651914462447167,93.0,2.5,85.69996658870699,1.2325508068908189,2523.2057571411133,0.19978713989257812
3199,21069.43258921883,-0.2214456820487976,80.0,2.5,72.01691896705253,1.6297739146099801,2543.307304382324,0.2381916046142578
3200,27492.28458347323,-0.20959143087267876,100.0,2.5,92.52399774138904,0.9043905794527423,2380.3060054779053,0.64129638671875
3201,26708.98625680536,-0.2551622834801674,100.0,2.4999999999999996,90.16637980493402,1.2820723279215982,2438.8322830200195,0.28299522399902344
3202,26165.083464197185,-0.19947554424405098,94.0,2.5,90.45784723750826,1.6490096201777353,2363.9049530029297,0.1484851837158203
3203,26464.358808066103,-0.27540201410651205,98.0,2.5,93.09240622140896,1.907856222924716,2624.43470954895,0.30832862854003906
3204,25235.814837245518,-0.20417802959680556,100.0,2.4999999999999996,92.65175718849841,1.5844950310417758,2542.5591468811035,0.6871013641357422
3205,21004.00125613966,-0.21738942250609397,84.0,2.5,77.89653212052302,1.3724995990193158,2369.0497875213623,0.4533863067626953
3206,24664.255160963403,-0.10458618134260178,97.0,2.5,88.147557782079,1.7936039191447473,2478.3668518066406,0.0825042724609375
3207,25877.13886727477,-0.20667732775211334,100.0,2.5,88.7505658669081,1.3093638359935762,2487.4770641326904,0.5954837799072266
3208,23501.654392727076,-0.24862949445843696,92.0,2.5,85.90129749768303,2.849815081908332,2494.8675632476807,0.1654052734375
3209,24879.98370981968,-0.2507904505729675,95.0,2.5,85.60045532157086,1.8158877389213797,2400.216817855835,0.05305290222167969
3210,23688.717593083282,-0.2580314400792122,100.0,2.5,87.04792043399638,1.0612349933428062,2464.6589756011963,0.9219112396240234
3211,24160.698905379337,-0.15221764534711837,93.0,2.5,89.25443521221649,1.8225829417627797,2410.311460494995,0.015779495239257812
3212,23207.68050104865,-0.22793302193284035,99.0,2.5,88.36817262306135,0.9448317350224706,2599.682569503784,0.13196754455566406
3213,20996.087179873077,-0.24641433447599412,97.0,2.4999999999999996,85.18308581793448,1.1046381884168615,2600.1341342926025,0.16481971740722656
3214,24417.002721091194,-0.24496923193335532,98.0,2.5,90.5433287482806,1.4254790251793,2435.493230819702,0.3540077209472656
3215,22812.024226428144,-0.20566625654697418,90.0,2.5,84.91204330175913,1.5834008050997253,2302.9356002807617,0.08822250366210938
3216,21924.471518326773,-0.24191413521766664,84.0,2.5,78.86094844413824,1.214208046393621,2427.4117946624756,0.19986534118652344
3217,14963.218954282565,-0.24993664667010307,57.99999999999999,2.5,55.79146287238773,0.9618902946100879,2226.036310195923,0.09245109558105469
3218,20767.408524850616,-0.22997839212417603,90.0,2.5,78.94857142857143,1.652781510346681,2441.814422607422,0.4169654846191406
3219,25184.34905542051,-0.21258404210209847,92.0,2.4999999999999996,87.28004600345027,0.8043364224514775,2329.7996520996094,0.6296215057373047
3220,25618.089482084884,-0.21913614600896836,100.0,2.4999999999999996,89.48505172217801,1.5256279955791776,2366.1816120147705,0.17667388916015625
3221,15778.793859245503,-0.27589970633387567,73.0,2.5,67.93306196291272,1.2499853631690494,2568.8254833221436,0.25092506408691406
3222,14178.983233758354,-0.23176439255475997,65.0,2.5,59.675738274464386,0.4592531948657848,2366.9869899749756,0.07979965209960938
3223,25992.332406078913,-0.2339133243262768,100.0,2.5,94.1843328420814,1.9828073747313653,2429.4798374176025,0.0914154052734375
3224,24038.184932724474,-0.20343963518738747,98.0,2.5,87.54628071356446,1.353779936113756,2489.391088485718,0.4434013366699219
3225,18780.546025342912,-0.2124743467569351,85.0,2.5,72.26277372262774,1.374167281344198,2472.7418422698975,0.7141761779785156
3226,24766.176702944624,-0.25549628466367724,97.0,2.4999999999999996,87.77752605346625,1.788061907905502,2511.2147331237793,0.06410980224609375
3227,24902.07845519411,-0.20912322521209717,99.0,2.4999999999999996,90.13253146230092,1.7406287957967288,2578.890800476074,0.7287158966064453
3228,21816.435016257266,-0.16972272962331772,82.0,2.4999999999999996,76.56357388316152,0.7983835483198629,2394.378185272217,0.34464073181152344
3229,20409.465257984994,-0.24893605649471284,85.0,2.5,79.90286771507863,1.1121240810220085,2340.8801555633545,0.4891643524169922
3230,24268.424058845278,-0.26300515443086625,100.0,2.4999999999999996,84.35075885328837,1.806301776298609,2580.216407775879,0.6775131225585938
3231,22731.250673976232,-0.26060911774635315,98.0,2.5,86.98884758364312,1.0467230431999819,2353.461980819702,0.8214302062988281
3232,28873.4814573793,-0.23625004768371582,99.0,2.5,93.879182368391,1.8246755542982427,2450.474739074707,0.1631946563720703
3233,26213.42565202756,-0.23322709813714027,99.0,2.4999999999999996,95.03764544832308,1.257769352216503,2239.5174503326416,0.4546985626220703
3234,25416.643448151037,-0.20171548709273338,100.0,2.4999999999999996,92.30684204708743,1.229985963409702,2537.599802017212,0.009649276733398438
3235,25400.82396245629,-0.2646437180042267,98.0,2.5,91.2528216704289,1.651252419040936,2650.4063606262207,0.2032299041748047
3236,22974.879993463248,-0.28292618989944457,98.0,2.4999999999999996,89.43070461969202,2.0659690918925837,2556.9283962249756,1.1486701965332031
3237,24728.780955393668,-0.1439626121520996,100.0,2.5,91.21598735463475,1.8461572619589472,2441.7850971221924,0.8474178314208984
3238,24102.75871425863,-0.24448714941740035,88.0,2.5,83.69419642857143,1.9981141394638766,2414.5689010620117,0.07787704467773438
3239,16762.75342631831,-0.29582047879695894,68.0,2.4999999999999996,61.296905112799,1.7582417582417582,2413.332939147949,0.9030570983886719
3240,27296.549567018945,-0.15926606342196464,100.0,2.5,93.87122690232985,1.51113097399514,2491.4684295654297,0.8907394409179688
3241,22856.49191607984,-0.17231755435466767,96.0,2.4999999999999996,81.4130556488635,1.5640290993126054,2489.5873069763184,0.3222465515136719
3242,25220.559190241955,-0.2576237186789513,100.0,2.5,90.39606227106228,1.8482817368692415,2482.156276702881,0.3126373291015625
3243,24209.743405760815,-0.2504612210392952,97.0,2.5,93.07324840764332,1.8332778307717492,2456.6256999969482,0.05449676513671875
3244,26584.933060482083,-0.29202528804540634,99.0,2.4999999999999996,92.82209289056259,1.7551359552997279,2421.680450439453,1.3146591186523438
3245,23570.646502724972,-0.2167104071378708,94.0,2.5,91.49570200573066,1.093471522095889,2512.057065963745,0.15167617797851562
3246,19506.00799086748,-0.2332283729314804,80.0,2.4999999999999996,76.93901035673187,1.5354309165526676,2486.5429401397705,0.6815567016601562
3247,25757.727993211167,-0.25534118741750716,99.0,2.4999999999999996,84.62857142857143,1.2381574459967977,2425.3246784210205,0.6947612762451172
3248,26445.267210368933,-0.24478655204176902,96.0,2.5,87.40255338379845,2.428895621421742,2659.975051879883,0.018243789672851562
3249,26375.9636612918,-0.265121481269598,100.0,2.4999999999999996,93.6778388073086,1.6546496579774452,2515.634298324585,0.8829765319824219
3250,27877.243241519503,-0.19569663137197493,100.0,2.5,94.52645923234158,1.4599208780135917,2459.897756576538,0.48862457275390625
3251,26132.99957060674,-0.28138443544507025,97.0,2.5,94.06063338217064,1.5330661905398881,2529.780387878418,0.0225067138671875
3252,21096.222907387906,-0.1639556658267975,82.0,2.5,77.29339083809302,0.8645127783428188,2384.9916458129883,0.98834228515625
3253,10607.773476209037,-0.14994121924042703,47.0,2.4999999999999996,42.3491626519844,0.6628535701466961,2437.5391006469727,0.2608833312988281
3254,27931.249723503486,-0.13528900176286698,100.0,2.5,92.82097445707213,1.94456433127128,2586.925745010376,0.6802978515625
3255,24556.309655357963,-0.27048015609383586,100.0,2.5,90.26212922510922,1.2560611540559925,2477.376937866211,0.9438323974609375
3256,23684.607389250516,-0.19896604761481285,94.0,2.4999999999999996,82.4602906387293,0.8381645768729495,2449.2759704589844,0.18323707580566406
3257,26178.187862491384,-0.23366729885339738,98.0,2.5,95.13299377475948,1.6798898506889974,2485.5270385742188,0.7108116149902344
3258,23494.980107993706,-0.2127755291759968,95.0,2.5,87.14221320712193,1.7312054761810005,2404.172658920288,0.03139686584472656
3259,23495.539397880893,-0.26070524036884307,98.0,2.5,92.4754265054796,1.65228043187192,2538.0635261535645,1.34039306640625
3260,22179.567297332294,-0.20007400780916215,89.0,2.5,78.74159352558988,1.1271521404166946,2538.2871627807617,0.5147495269775391
3261,21759.591122298832,-0.15937968000769615,100.0,2.5,85.87245349867139,1.9633442958898677,2506.000518798828,0.10575294494628906
3262,18353.826232669297,-0.25558958992362024,79.0,2.4999999999999996,70.00342817963661,0.8596789467078918,2486.605405807495,0.18110275268554688
3263,25248.613598568754,-0.26463651314377784,99.0,2.5,90.95419406945886,1.3794845604265857,2624.4308948516846,0.6837501525878906
3264,24397.07718439828,-0.22806913793087005,92.0,2.5,84.29075190535775,1.3788706444275147,2445.159435272217,0.6214504241943359
3265,21958.112110522645,-0.2311975884437561,85.0,2.4999999999999996,79.34682612695492,1.687424668541583,2544.520616531372,0.2725963592529297
3266,22577.19070340271,-0.17174318224191665,84.0,2.5,82.00950441276306,1.205235369180159,2510.3824138641357,0.8398857116699219
3267,25762.414883466074,-0.1994236697256565,99.0,2.4999999999999996,92.05222171323865,1.82217690709733,2409.4080924987793,0.19260787963867188
3268,27301.153726894303,-0.2517208905518055,100.0,2.5,98.74741438749712,1.7271195215173978,2419.5008277893066,0.5958290100097656
3269,27015.026413891697,-0.16274828106164932,94.0,2.4999999999999996,83.695528501536,1.1366574849626174,2559.556245803833,0.3718090057373047
3270,28212.919388608447,-0.2471271975338459,100.0,2.5,96.04245990538826,1.484618633525998,2509.348154067993,0.3300800323486328
3271,26142.33156630901,-0.2273806430399418,100.0,2.5,92.99761282255315,1.3554468440520224,2441.0533905029297,0.2433185577392578
3272,27040.651375784048,-0.2321469447016716,100.0,2.4999999999999996,92.4636058230683,1.2138797795443228,2704.310655593872,0.26050376892089844
3273,25156.5177788309,-0.20068405613303184,100.0,2.5,90.52982415814274,1.6761552636691726,2401.986598968506,0.6790485382080078
3274,26785.452477409333,-0.22858667477965355,97.0,2.5,85.63787413224081,2.280482828366462,2443.915843963623,0.25377845764160156
3275,27257.594981467155,-0.16239908158779146,100.0,2.5,96.40360766629087,0.9850857783269634,2518.266201019287,1.1346626281738281
3276,11103.583443389089,-0.21088242754340172,52.0,2.5,49.226149226149225,1.0485798470560852,2300.152540206909,0.9431114196777344
3277,20946.491383352404,-0.22900819435715675,86.0,2.5,73.98410896708286,1.3169257340241796,2331.6586017608643,0.28130149841308594
3278,26217.864740009154,-0.27878402948379516,100.0,2.5,94.54968428049185,1.0476704238948353,2382.038354873657,0.100616455078125
3279,24195.312778091902,-0.22954159542918207,91.0,2.5,84.65523195579601,1.757928628322059,2724.5993614196777,0.35593223571777344
3280,23270.39118919299,-0.21162814497947693,83.0,2.4999999999999996,76.05905735377625,1.385935812804043,2362.3180389404297,0.5404338836669922
3281,22190.536168110415,-0.17920864686369897,85.0,2.5,82.38121855785356,1.1178867979701368,2523.609161376953,0.12822532653808594
3282,23564.70922674878,-0.21704481840133666,100.0,2.5,92.16133075082602,1.4817074629722682,2439.070701599121,0.08184432983398438
3283,19920.278864625823,-0.22299700111150741,81.0,2.4999999999999996,75.73654874303266,1.0690693494549615,2358.78324508667,0.0021991729736328125
3284,22754.096064084344,-0.25651848316192627,88.0,2.4999999999999996,82.42369227277885,1.874228083256023,2526.9834995269775,0.6433277130126953
3285,15048.096394795853,-0.2740137988328934,66.0,2.4999999999999996,64.91109610623452,0.8258266597061013,2475.245237350464,0.5501441955566406
3286,25442.739196284852,-0.19431803107261658,100.0,2.4999999999999996,89.32339449541284,1.137245537579846,2427.6437759399414,0.0027484893798828125
3287,28574.186250443017,-0.20626673370599746,100.0,2.5,98.17211625794732,1.5631474745614438,2461.4953994750977,0.03417015075683594
3288,24224.917576849864,-0.14845745861530305,100.0,2.5,85.29513688344692,1.4300803521559042,2506.422996520996,0.18634605407714844
3289,27076.07816034384,-0.20731618389487266,96.0,2.5,90.72989412029736,2.266058982476893,2542.2451496124268,0.4643383026123047
3290,26670.508385452988,-0.1681843365728855,98.0,2.4999999999999996,93.41181797600181,1.8179107216589436,2489.7918701171875,0.01532745361328125
3291,21157.915256072243,-0.1598562303185463,94.0,2.5,79.31544234705481,2.5513539552007707,2465.266466140747,0.5608367919921875
3292,26051.872022974243,-0.17437853053212166,100.0,2.5,90.78888888888889,2.2319467535572692,2417.611837387085,0.10742568969726562
3293,22638.82799062735,-0.24393077656626702,94.0,2.5,81.68260473588343,2.0101779700668327,2320.560932159424,0.42408180236816406
3294,27262.024564569783,-0.25168590247631073,97.0,2.5,86.60038413738562,1.5455694248286036,2313.504219055176,0.06681442260742188
3295,26389.286202603816,-0.2929029497504234,99.0,2.5,89.11549295774648,1.2739934521006933,2222.506284713745,0.5074882507324219
3296,24756.349393845805,-0.24459218621253967,100.0,2.4999999999999996,87.07992733878292,1.6656357691967838,2585.2084159851074,0.13887596130371094
3297,26064.839516443284,-0.22579824343323707,98.0,2.5,91.76378305692513,2.402413851323751,2456.4805030822754,1.3025360107421875
3298,26318.960165542656,-0.16453350737690925,92.0,2.5,87.57011442674445,1.0277901972085908,2410.266399383545,0.20195770263671875
3299,23996.393469046543,-0.22132472902536393,95.0,2.5,86.28183361629881,1.2418623394461565,2376.429557800293,0.3260478973388672
3300,22470.5401852993,-0.18179945439100265,86.0,2.5,82.82103825136612,1.5124773671013325,2542.670249938965,0.9580898284912109
3301,24734.532838717332,-0.24349563241004943,89.0,2.5,83.28176922195485,1.5170163603218652,2474.428415298462,0.08367156982421875
3302,25229.127594713966,-0.20550403535366057,97.0,2.4999999999999996,95.19907674552799,1.4317064914144302,2510.1873874664307,1.2448711395263672
3303,24051.884421806433,-0.1455928599834442,100.0,2.5,94.11697247706422,1.7716200404212317,2428.2398223876953,0.5477848052978516
3304,19357.30416419551,-0.23467458456754683,83.0,2.4999999999999996,76.78121420389462,1.133361389726684,2426.3691902160645,0.2725257873535156
3305,21616.926027659847,-0.2362322089076042,87.0,2.5,82.35294117647058,1.4367485143041414,2589.989185333252,0.7512454986572266
3306,25558.775993509607,-0.243477563560009,100.0,2.5,93.07763188205482,1.9597242870658196,2464.6379947662354,0.2022991180419922
3307,26107.35693454809,-0.16210646152496339,100.0,2.4999999999999996,91.95878597827304,1.3982170156483502,2401.6799926757812,0.19823837280273438
3308,18554.08747205366,-0.21625855892896653,71.0,2.4999999999999996,64.05843052881893,1.2419474900795318,2386.746883392334,0.734527587890625
3309,24847.71230859888,-0.2224084833264351,100.0,2.5,94.44822888283379,1.4474601505358557,2401.432991027832,0.2763481140136719
3310,27088.17615750679,-0.16242245495319366,99.0,2.5,96.95293984877553,2.196436916553634,2323.429584503174,0.6342830657958984
3311,19198.66289947838,-0.22393384993076323,78.0,2.5,67.6056338028169,0.46275571568029944,2348.9699363708496,0.14192962646484375
3312,27167.89134360843,-0.21880290687084197,99.0,2.5,96.95472305217191,1.2906701786943637,2499.0689754486084,0.239990234375
3313,24390.984353601627,-0.21043286561965943,100.0,2.4999999999999996,92.21709006928407,1.3544468787265316,2545.8991527557373,0.5400943756103516
3314,25829.25823601274,-0.16772339671850203,100.0,2.5,98.0857404860156,1.6974195100161495,2458.527088165283,0.4095954895019531
3315,26876.084131643016,-0.2831635445356369,100.0,2.4999999999999996,95.7307249712313,1.4279853282467991,2631.857395172119,0.3873920440673828
3316,15692.629330200156,-0.1872505396604538,74.0,2.5,67.59609868043603,0.9016842354880782,2497.591257095337,0.4151287078857422
3317,25271.35616925515,-0.20799409225583076,89.0,2.5,83.8801874928547,1.1650066928329967,2428.2917976379395,0.14637374877929688
3318,26318.039960567705,-0.23771598875522615,99.0,2.4999999999999996,91.09707064905227,1.3865211326853677,2508.465528488159,0.3054695129394531
3319,25895.508627968353,-0.2581050789356232,99.0,2.4999999999999996,92.02412106041643,1.527178501078698,2591.845750808716,0.5075168609619141
3320,22100.638278186176,-0.28036095067858696,97.0,2.5,82.6281620774569,1.62284022853996,2398.716926574707,0.4744892120361328
3321,24285.634047497573,-0.15792897403240203,100.0,2.5,92.9460107293688,1.595418529476548,2575.636148452759,0.0043201446533203125
3322,26848.76904678476,-0.2273885999619961,100.0,2.4999999999999996,91.57696149151037,1.2283050065802052,2480.2987575531006,0.7955150604248047
3323,25260.70299971604,-0.25624061018228533,100.0,2.5,93.72192273135668,1.545833095659118,2363.8458251953125,0.1549816131591797
3324,26452.15032771916,-0.25746015906333924,99.0,2.5,91.14311635291449,1.9780994040454452,2481.1978340148926,0.29003143310546875
3325,28685.399083929882,-0.2370401741564274,100.0,2.5,97.07389274735284,2.4370546048104105,2523.918867111206,0.4915027618408203
3326,21758.75384247126,-0.24463309347629547,88.0,2.5,78.18014069888133,1.3771229913292256,2446.4480876922607,0.5108795166015625
3327,28751.82763273749,-0.17327236205339433,97.0,2.4999999999999996,94.56546148663823,2.5317194789422364,2310.4329109191895,0.3204326629638672
3328,22856.83829239219,-0.19657501816749573,100.0,2.5,87.42268041237114,0.9083204886843856,2446.6583728790283,1.1859493255615234
3329,22515.241246271416,-0.17925132900476456,99.0,2.5,88.91220706540749,0.8293394457178579,2413.182258605957,0.043476104736328125
3330,22779.790523332293,-0.16646949648857118,86.0,2.5,78.89647326507395,1.388335250503969,2488.9461994171143,0.9305801391601562
3331,26059.315882355466,-0.24989019304513932,100.0,2.5,92.7000575705239,1.3993404453100793,2530.4160118103027,0.4297218322753906
3332,21404.989770437092,-0.26261349007487295,88.0,2.5,80.35775321863963,1.7433904428266465,2489.3503189086914,0.4985485076904297
3333,24779.566297534693,-0.25104928359389306,99.0,2.5,91.25882085135443,1.6016224081075465,2509.489059448242,1.0466384887695312
3334,14827.339549260554,-0.29137509778141973,63.0,2.5,56.15635913033683,1.051730879294615,2470.071792602539,0.8975181579589844
3335,20492.161630115042,-0.26577729254961013,86.0,2.5,78.09936189608023,1.8292193572796167,2460.399389266968,0.2632732391357422
3336,26318.752326280137,-0.29723945900797843,98.0,2.5,93.10344827586206,1.5458575117549582,2534.217119216919,0.3418407440185547
3337,24341.141094739014,-0.18908820152282715,100.0,2.5,89.73887035545842,2.0394537870271567,2545.854330062866,0.1252269744873047
3338,25089.24046573078,-0.2079954144358635,100.0,2.5,94.75020191531095,1.5634836154700178,2307.213306427002,0.5461540222167969
3339,16115.757265543672,-0.15755237340927125,84.0,2.5,69.81603452191688,1.2921444463460552,2333.747625350952,0.9008941650390625
3340,25921.59473660636,-0.18999910235404968,100.0,2.4999999999999996,93.22033898305084,1.2113800503011145,2467.216730117798,0.06549644470214844
3341,24239.24479699113,-0.22287154778838159,99.0,2.5,90.50017168364427,1.13303564468893,2360.318899154663,0.5772514343261719
3342,25380.693711018965,-0.2740959641337395,93.0,2.5,88.0957810718358,1.5458397623379316,2489.443778991699,0.8370723724365234
3343,25227.128086342986,-0.1432865482568741,100.0,2.5,90.44607190412783,1.8974133360407006,2365.295171737671,0.41332244873046875
3344,22272.46948071639,-0.24405588269233702,82.0,2.5,80.47008061769047,1.6023755982240675,2587.099075317383,0.6426506042480469
3345,24152.148690198985,-0.20385664835572243,88.0,2.4999999999999996,88.36109860423232,1.0426025006437583,2459.1894149780273,0.22849082946777344
3346,26127.468906124588,-0.2289871694147587,98.0,2.4999999999999996,92.44872235590695,1.381825106983622,2447.3795890808105,0.7398624420166016
3347,24733.323897042475,-0.19364399790763856,99.0,2.4999999999999996,93.06828597616865,2.1982101349537686,2502.147912979126,0.6145648956298828
3348,23668.424045697528,-0.21617956191301346,100.0,2.5,90.22495361781077,1.17002950657502,2524.7910022735596,0.5196647644042969
3349,23274.386224573474,-0.1749889634549618,94.0,2.4999999999999996,86.08235823582359,1.1746171489470147,2552.5641441345215,0.5477142333984375
3350,24886.1819079706,-0.2321510437130928,98.0,2.4999999999999996,91.91884057971015,1.1266967274079582,2541.503667831421,0.3042736053466797
3351,22385.82568272231,-0.2532536593079567,85.0,2.4999999999999996,80.7350933090578,0.9312201060460071,2466.433525085449,0.35881996154785156
3352,26348.443883317566,-0.19006087899208068,100.0,2.5,93.32883338958263,1.1456021574851813,2484.088182449341,1.123159408569336
3353,25342.65343507128,-0.22741087138652802,100.0,2.5,91.29845180246356,1.1972873139980658,2450.5574703216553,0.3583526611328125
3354,15476.503908151546,-0.22042401894927025,70.0,2.5,63.277607187535544,1.2478897262300503,2393.738031387329,0.29943084716796875
3355,26835.97693019172,-0.22691888093948365,100.0,2.5,97.24342180202757,1.7566192830991356,2429.9745559692383,0.9201145172119141
3356,23731.17640921302,-0.29028314039111136,94.0,2.5,87.2651120670138,1.0199238240776116,2479.9888134002686,0.24011993408203125
3357,27658.468906756854,-0.23650824710726737,100.0,2.4999999999999996,96.92997198879551,1.610606077464867,2598.623752593994,0.2249126434326172
3358,25608.153989969567,-0.16283383175730706,99.0,2.5,93.08314087759814,1.1005849653830235,2507.563829421997,0.5036811828613281
3359,23484.998336616685,-0.23925177305936812,99.0,2.5,88.10617090379662,1.710931551373405,2381.466865539551,0.38504600524902344
3360,19324.922398635877,-0.267935277223587,84.0,2.5,73.91404011461317,1.4509646302250803,2475.6336212158203,0.05991554260253906
3361,27066.969687617646,-0.2641809795796871,100.0,2.5,90.56625014071822,1.0221987988440178,2476.402521133423,0.4259757995605469
3362,26662.17440208171,-0.25856442645192146,99.0,2.5,91.64989939637826,1.772374234980926,2425.402879714966,0.07810592651367188
3363,25986.069021749645,-0.2279422686994076,100.0,2.5,92.5888665325285,1.3920295867293542,2564.9423599243164,1.3527812957763672
3364,22353.10063619927,-0.11423066064715386,92.0,2.5,83.49823723416354,1.908459293461689,2507.009267807007,0.5929317474365234
3365,26197.179230173344,-0.2204120022058487,99.0,2.4999999999999996,90.61283505727951,1.8082115711657933,2303.4040927886963,0.4268341064453125
3366,27326.597907971263,-0.1712137696146965,100.0,2.5,92.79167138169062,1.839012017703067,2539.010763168335,0.48485565185546875
3367,23344.176770319824,-0.1797521884739399,93.0,2.5,87.63088252214935,2.141376792821648,2530.1871299743652,0.5421371459960938
3368,26146.801887400947,-0.278018204420805,100.0,2.5,91.89847009735745,1.247312061513065,2420.2940464019775,0.2824115753173828
3369,22914.667524194945,-0.2140601345896721,93.0,2.5,83.62691960252936,1.2606479422530876,2537.9960536956787,1.3466854095458984
3370,23898.287823006,-0.2536323903501034,100.0,2.5,90.97882083571838,0.8820146462982551,2465.832471847534,0.3027191162109375
3371,19567.683936011144,-0.26582368209958074,78.0,2.5,70.39332807393215,1.2710723634843077,2511.2385749816895,0.2226696014404297
3372,21679.196875110356,-0.31388379573822023,93.0,2.5,81.452629167144,2.915890572196504,2475.9387969970703,0.41110801696777344
3373,26342.85298156442,-0.20122830748558043,100.0,2.4999999999999996,90.21739130434783,1.6659208446858766,2282.1178436279297,0.4566612243652344
3374,25658.229664599487,-0.2083172681927681,99.0,2.4999999999999996,94.20138888888889,1.5727615534942612,2386.3487243652344,0.8847846984863281
3375,23198.354464632645,-0.20553110748529435,92.0,2.5,86.08801684957322,2.8267002024840346,2508.206844329834,0.6892967224121094
3376,23385.047815599468,-0.2543029172718525,90.0,2.5,79.2644044636757,1.706471033850325,2435.5990886688232,0.2070465087890625
3377,28278.546563168413,-0.2099473437666893,100.0,2.4999999999999996,92.0306168392616,1.132299356889787,2475.226402282715,0.6966094970703125
3378,25859.223860710215,-0.16166129022836684,100.0,2.5,91.61846433027107,0.9519558880025311,2574.709177017212,0.017925262451171875
3379,24112.596258906375,-0.1885312496125698,98.0,2.5,89.65277777777779,1.5077286439211468,2545.849323272705,0.4309539794921875
3380,23925.650152837006,-0.22093999072909354,100.0,2.5,88.67236467236467,1.1406190188235423,2423.7723350524902,0.19722366333007812
3381,25386.77542457301,-0.19672749295830727,93.0,2.5,89.1931320839412,1.4587009981194852,2397.3946571350098,1.3082103729248047
3382,20142.969609315976,-0.22671021670103073,83.0,2.4999999999999996,74.02743422532045,2.104080954400119,2229.109525680542,1.0904045104980469
3383,17312.702321447006,-0.2536355526745319,71.0,2.5,69.02368573079146,0.9409727723332503,2431.9710731506348,0.3769855499267578
3384,28139.32662758569,-0.25375550538301467,100.0,2.5,92.04366419086203,1.706528388731902,2279.8261642456055,1.4610881805419922
3385,25041.429355662498,-0.1839364644885063,100.0,2.5,87.15356656065426,1.748861654169404,2444.9856281280518,0.6595230102539062
3386,25507.024141219597,-0.13976086422801018,100.0,2.5,94.89430518655423,1.7305400201705328,2375.1325607299805,0.7930908203125
3387,23617.066883507694,-0.24248504981398583,95.0,2.5,82.32881394553948,1.703939738287977,2402.423143386841,0.7491855621337891
3388,23547.88427037929,-0.2655747875571251,99.0,2.5,91.24271178689837,1.7649884647091267,2435.411214828491,0.41106224060058594
3389,22024.514756172463,-0.1995601859688759,86.0,2.5,81.46561443066517,0.6956550985744957,2475.6836891174316,0.5376167297363281
3390,24497.356714843136,-0.25644000321626664,92.0,2.5,86.10855565777369,1.7999227061925982,2454.731225967407,1.176828384399414
3391,24770.526588312514,-0.20738606452941893,94.0,2.5,80.9902339314104,1.3972406907349837,2383.847236633301,0.2555217742919922
3392,23407.08605912715,-0.2573980051279068,98.0,2.5,86.80452416314407,1.4600949118594304,2527.007579803467,0.016412734985351562
3393,18786.671865358174,-0.13753182008862497,78.0,2.4999999999999996,71.14606741573034,0.676549049806111,2231.473684310913,0.26805686950683594
3394,27485.694192544357,-0.27739558830857275,96.0,2.4999999999999996,93.53586112380083,1.3749459354868083,2558.628559112549,0.7599201202392578
3395,23621.165365939334,-0.2479777044057846,99.0,2.4999999999999996,88.68477403358503,1.8335410607949039,2553.1351566314697,0.08868217468261719
3396,24830.94144000074,-0.2621935012936592,94.0,2.5,88.79191548001837,2.2118038920448067,2454.892635345459,0.8013229370117188
3397,25211.60636928949,-0.25690572753548624,100.0,2.4999999999999996,92.39340534394542,1.7157986429488354,2615.8604621887207,0.35659217834472656
3398,26774.870393425612,-0.23574129834771157,98.0,2.5,91.55514536225196,1.255184830666849,2467.597007751465,1.4324569702148438
3399,26102.996671708526,-0.14496237128973008,100.0,2.4999999999999996,93.95332796873204,1.2373027259684362,2548.391342163086,0.7989139556884766
3400,23428.666865690273,-0.26635452076792715,98.0,2.5,89.15284625728373,2.2013253107255344,2450.3631591796875,1.4334449768066406
3401,22043.45128325288,-0.1187089927494526,97.0,2.4999999999999996,86.00091722082091,0.8655589640661885,2340.622901916504,0.428955078125
3402,19859.30650050227,-0.18793487653136254,80.0,2.4999999999999996,74.1121286575832,1.174830857084817,2512.5253200531006,0.3097095489501953
3403,24541.74902255417,-0.29226190388202666,100.0,2.4999999999999996,93.87639814710202,1.367156630314525,2457.951784133911,0.5039634704589844
3404,25729.059233327895,-0.17241847589612008,100.0,2.4999999999999996,98.4504132231405,1.8171536506307862,2514.943838119507,0.5321083068847656
3405,28062.848547065947,-0.18651846468448638,98.0,2.4999999999999996,98.58750574184658,1.9533510823011924,2395.509719848633,0.47678184509277344
3406,23347.746905455297,-0.1711038200557232,95.0,2.5,86.2255232950709,1.2216316258703774,2393.416404724121,0.7415332794189453
3407,23572.845471182292,-0.18619142070412636,100.0,2.4999999999999996,88.99943470887507,0.7696460707858429,2537.17303276062,0.11216163635253906
3408,23742.732578518982,-0.2760418501496315,98.0,2.4999999999999996,90.01136363636364,1.2636536376671368,2247.0340728759766,0.6321659088134766
3409,25550.857017374703,-0.17184763342142106,99.0,2.4999999999999996,87.21584514967364,1.5560977318095326,2508.375644683838,0.7407741546630859
3410,20571.992717060108,-0.21531564608216286,91.0,2.5,82.64509559904967,1.4254588213594024,2621.1538314819336,0.7048492431640625
3411,25036.941854780907,-0.23667664602398872,100.0,2.5,91.00138440239964,1.1672228904436803,2425.3344535827637,0.2458934783935547
3412,24428.106475001943,-0.2801253992319107,93.0,2.4999999999999996,84.1008018327606,1.2576834338516338,2364.413261413574,0.3111133575439453
3413,24184.772718255812,-0.28212151110172273,90.0,2.5,88.98792733837301,0.6862638213877906,2440.420150756836,0.4006843566894531
3414,27323.877833727445,-0.22433750182390214,100.0,2.5,97.40544280442805,1.7066418073892704,2502.3298263549805,0.24646568298339844
3415,26331.45996551241,-0.22712498113512994,98.0,2.5,92.98880074661689,1.647253545310732,2488.637924194336,0.00386810302734375
3416,25284.58015652949,-0.18780575230717658,97.0,2.5,89.14596801633209,1.4058495615954176,2545.0353622436523,0.019428253173828125
3417,28026.68534995589,-0.23023080497980117,100.0,2.4999999999999996,95.90264597521492,1.2621582022630584,2442.5981044769287,0.5543022155761719
3418,25086.313059938133,-0.22381499767303467,100.0,2.5,90.13842809747169,1.4819652366120768,2433.223247528076,0.4927330017089844
3419,24225.803005319794,-0.26651049479842187,100.0,2.5,90.51863857374393,0.8239291085552297,2540.4505729675293,1.122701644897461
3420,26546.147212428004,-0.1485522586107254,100.0,2.5,97.07844490453186,1.0631396454337005,2476.5350818634033,0.3966255187988281
3421,18464.96360657826,-0.21430910378694534,78.0,2.5,74.30264993026499,0.8644800406814137,2430.3035736083984,0.4188213348388672
3422,27876.40846131907,-0.20894384428858756,99.0,2.4999999999999996,97.04270381365609,1.4007841762863338,2340.071678161621,0.29898643493652344
3423,25590.694748171703,-0.19533982902765273,99.0,2.5,93.70132844709116,1.5411307209093628,2548.7937927246094,0.08053207397460938
3424,22713.49759029674,-0.2754869619011879,85.0,2.5,79.91708889912482,1.3980802480176473,2396.162986755371,0.686431884765625
3425,23231.174510540925,-0.2128620921075344,92.0,2.4999999999999996,92.02017885806008,0.686527871703217,2481.858968734741,0.11220550537109375
3426,26069.039084611133,-0.20384204566478728,100.0,2.4999999999999996,95.00226654578422,1.8273610599050936,2532.280683517456,0.33388710021972656
3427,27603.255928493425,-0.17010977178812026,100.0,2.5,97.18230168609256,1.8249461523399255,2376.7385482788086,0.8301906585693359
3428,23249.76103828085,-0.2623737668991089,94.0,2.5,85.71757129714811,1.372753675803231,2514.972686767578,0.05007171630859375
3429,23831.069582394433,-0.24059173658490182,94.0,2.5,85.92041483485514,1.2463422564213722,2432.833433151245,0.42633628845214844
3430,25215.848449876263,-0.1474415709078312,99.0,2.4999999999999996,94.26295740505599,1.7662584519904045,2516.2353515625,1.1479759216308594
3431,26544.471279345646,-0.2590772874653339,98.0,2.4999999999999996,89.62669683257919,2.531594390407319,2496.7446327209473,0.4823493957519531
3432,23934.05683102173,-0.1951000340282917,99.0,2.5,91.73731208319205,1.0557311117494972,2371.572494506836,0.3274822235107422
3433,21974.886895115982,-0.24939606770873068,96.0,2.5,83.73445876582639,1.643765844397884,2380.6326389312744,0.7294979095458984
3434,24267.496669718905,-0.15670594781637193,100.0,2.4999999999999996,97.06501403180543,1.8557375569694508,2570.5556869506836,0.7418460845947266
3435,26578.32788037567,-0.22089988738298416,100.0,2.4999999999999996,96.56800644938386,1.5667289507955384,2234.7562313079834,0.010442733764648438
3436,25401.855760191396,-0.15277163475751876,100.0,2.5,89.80797636632201,2.4341507720254314,2401.804208755493,0.14494895935058594
3437,21519.928592279382,-0.19728253304958343,89.0,2.5,74.99716263761208,1.1852662290299052,2492.7268028259277,0.14640045166015625
3438,27495.457683994533,-0.23393303602933885,100.0,2.4999999999999996,93.44922864379461,1.1410513247368868,2493.7469959259033,1.2188892364501953
3439,25491.883641339686,-0.24914947867393494,100.0,2.5,95.62973158981418,1.8528619841232996,2444.5478916168213,0.029218673706054688
3440,22899.85098615396,-0.2803427577018738,95.0,2.5,87.28622862286228,1.0940391409185217,2596.665859222412,0.12932968139648438
3441,22221.059094182532,-0.24338452234864236,100.0,2.5,86.28558517849073,1.1491522739868572,2478.2466888427734,0.1773548126220703
3442,23176.946592856028,-0.18435594767332078,99.0,2.5,95.74734921901722,2.3468304056446003,2479.475498199463,1.7648754119873047
3443,25801.422621132842,-0.169811272919178,100.0,2.5,89.43630214205186,1.3109552898147587,2545.8734035491943,0.39536094665527344
3444,23755.14288964851,-0.25229372903704644,93.0,2.5,90.65012634964393,0.7233133271860903,2347.193717956543,0.46962738037109375
3445,23121.821284665773,-0.23225749403238297,88.0,2.5,80.82145281737951,1.534838856105311,2691.5323734283447,1.244863510131836
3446,21958.842017654842,-0.26826993495225904,86.0,2.5,82.18173484588061,1.1777164868670646,2550.6606101989746,0.8978939056396484
3447,24889.471109765323,-0.221518621891737,94.0,2.4999999999999996,87.99277081215408,1.340610212790664,2390.377998352051,0.12157058715820312
3448,26262.11013606253,-0.2933354932069778,93.0,2.5,86.44544431946007,1.2720645216842226,2454.049825668335,0.06035423278808594
3449,23206.689683344717,-0.21610908210277557,100.0,2.5,88.79644403920675,0.7595963288081191,2512.105703353882,0.9080142974853516
3450,26844.44853116312,-0.2556751409173012,100.0,2.4999999999999996,95.22791221159257,1.6913880894398936,2460.0961208343506,1.387319564819336
3451,27622.36496438237,-0.18230911254882812,100.0,2.4999999999999996,91.17747246508459,1.6652018515263374,2473.9181995391846,0.1937255859375
3452,25664.073656861372,-0.23015805840492248,98.0,2.5,91.46648364218714,0.7374331912590488,2437.3769760131836,0.4954185485839844
3453,26663.966856051677,-0.16543982535600663,100.0,2.4999999999999996,87.33295259851513,0.9674773901623549,2589.812755584717,0.46669769287109375
3454,25151.349832213964,-0.16061604052782058,99.0,2.5,89.02617095361114,1.8861181244884075,2645.8115577697754,1.138509750366211
3455,16094.987429384117,-0.2125121596455574,60.0,2.4999999999999996,59.8102730217492,0.786812873825121,2506.4737796783447,0.26257896423339844
3456,24212.87351691852,-0.18915769219398498,96.0,2.5,86.63119764546072,1.2744468445326638,2486.931562423706,1.2405281066894531
3457,24470.339109865603,-0.19307261928915978,94.0,2.5,84.56192320838555,1.3328233142474628,2477.1695137023926,0.872955322265625
3458,23941.374029671715,-0.15589644879102707,100.0,2.5,91.81776971894833,0.7932624501332659,2416.8810844421387,0.4887886047363281
3459,27177.5635032128,-0.1787143149971962,97.0,2.4999999999999996,98.42321755027422,1.3773537674185743,2404.831647872925,0.3776264190673828
3460,23696.955859275473,-0.22994789808988572,98.0,2.5,88.12291402923236,1.8542860352769353,2508.8303089141846,0.2041149139404297
3461,20576.224501688568,-0.24193513333797456,83.0,2.4999999999999996,79.16714334744309,1.3196523558991948,2410.6431007385254,0.40479087829589844
3462,28770.241788063442,-0.23747592508792878,100.0,2.4999999999999996,91.4816443174324,1.4324458958321802,2469.9058532714844,0.10069656372070312
3463,27047.680223513944,-0.18150226280093193,100.0,2.5,93.30159809588575,1.3806203022820394,2477.8685569763184,0.3632526397705078
3464,19514.54584712641,-0.16749829947948455,88.0,2.5,74.23227891941815,1.0963537662767733,2446.4008808135986,1.1848793029785156
3465,26538.009513467292,-0.1230924054980278,99.0,2.4999999999999996,92.27628445049336,1.6502057151825653,2533.079147338867,0.1075592041015625
3466,23804.340875461596,-0.24604844257235528,93.0,2.4999999999999996,87.43625405656003,1.3078253980274848,2576.728105545044,0.10173988342285156
3467,24611.57791201768,-0.16301295787096023,95.0,2.5,92.96682686672136,1.1259710098502442,2475.600481033325,0.32154273986816406
3468,26081.111053742236,-0.19278421014547348,98.0,2.4999999999999996,89.4666069027342,2.069361839829497,2289.405584335327,0.5255718231201172
3469,20636.339278706273,-0.24073669001460074,88.0,2.5,79.29784824462061,1.2013662364676405,2514.4436359405518,0.6162109375
3470,26408.902864579435,-0.1425531141459942,100.0,2.5,94.86238532110092,1.0169222213394773,2302.426338195801,0.061733245849609375
3471,27656.640299723233,-0.1711334392428398,100.0,2.4999999999999996,98.46066134549602,1.682156936091848,2440.6557083129883,0.5757560729980469
3472,24312.684476093455,-0.2240251275897026,99.0,2.5,92.81661370857921,1.4894066949002396,2678.241491317749,0.7456912994384766
3473,28729.48475073606,-0.2527215018868446,100.0,2.4999999999999996,94.7088775736108,1.3564181737979708,2584.7203731536865,0.41074371337890625
3474,26350.92370137151,-0.19853620141744613,98.0,2.5,90.77391010476512,2.0251960744997164,2503.3111572265625,0.35068321228027344
3475,24410.873030613497,-0.27030976116657257,99.0,2.5,91.15829682058195,1.0769912036606768,2625.272274017334,0.3338298797607422
3476,24318.304465551715,-0.2704778972268105,95.0,2.5,86.27143337442564,1.3264632495272621,2486.5312576293945,0.08783149719238281
3477,21260.489378643284,-0.19964634954929353,89.0,2.5,77.61381834820408,1.3370618081180812,2502.0015239715576,0.4641532897949219
3478,25066.156673615256,-0.25895956888794897,99.0,2.4999999999999996,93.25790810436388,1.9509786838589764,2414.907455444336,0.23184967041015625
3479,26462.488395470413,-0.19586070984601975,99.0,2.5,94.41976995786356,2.8376590929132006,2579.9202919006348,0.003490447998046875
3480,19805.658407057977,-0.2825865794718265,83.0,2.5,77.14318156012263,0.8472438172910494,2445.566415786743,0.09531402587890625
3481,24637.538605429283,-0.23064933270215987,98.0,2.4999999999999996,90.51586395800045,1.5917780428264094,2473.6783504486084,0.9447345733642578
3482,25009.591415665316,-0.2620033811032772,97.0,2.5,84.64369354299097,1.8616372652629867,2400.2597332000732,0.25136566162109375
3483,13962.460299676022,-0.24372396990656853,65.0,2.5,54.94652406417112,1.164151422483744,2445.65486907959,1.0428810119628906
3484,21099.609352522726,-0.23791380181908608,82.0,2.5,79.79195885928003,1.204731308411215,2528.676986694336,1.0245094299316406
3485,19807.48888882177,-0.1676010526716709,84.0,2.5,81.29413126519273,0.9370389129908168,2484.844207763672,0.8624534606933594
3486,24354.248548803564,-0.17749385997653008,100.0,2.4999999999999996,86.27406823555906,1.9230979958141114,2369.4705963134766,0.8863925933837891
3487,25645.348968241662,-0.18660125881433487,100.0,2.4999999999999996,91.35073779795687,1.3225307488399105,2486.0072135925293,0.25736045837402344
3488,25494.463160877982,-0.21895909205079078,97.0,2.4999999999999996,90.26144537047608,1.901349121167007,2442.3131942749023,0.45175743103027344
3489,20972.170443380877,-0.27997666358947754,90.0,2.5,82.03872437357631,1.7533838750995259,2548.1386184692383,0.23685455322265625
3490,25145.438028460594,-0.2053183351457119,97.0,2.5,92.57734384190096,1.5276704844433995,2508.462905883789,0.11469459533691406
3491,25527.621201304115,-0.2626508598029613,97.0,2.4999999999999996,91.49824997177373,0.8110828251731692,2333.4028720855713,0.25112342834472656
3492,21856.66606891464,-0.24380848467350005,92.0,2.5,82.73133814929481,1.1553937758757036,2378.6473274230957,0.09930610656738281
3493,26304.49238618225,-0.23886470317840577,95.0,2.5,89.17601722770033,1.3737846182203586,2476.963996887207,0.6876258850097656
3494,25027.382070541145,-0.2770818401873112,100.0,2.4999999999999996,93.9869737148174,1.9319891664158892,2502.244472503662,0.5776290893554688
3495,26268.43152938066,-0.22850210964679718,100.0,2.4999999999999996,91.5718309859155,1.3394853671040718,2448.5080242156982,1.5679569244384766
3496,25740.789037323444,-0.249701334387064,99.0,2.4999999999999996,92.72377503677718,1.7921227220558185,2452.284812927246,0.10254859924316406
3497,26110.576248348312,-0.18731550395488739,100.0,2.4999999999999996,88.8838372357354,2.027541990772793,2500.545024871826,0.07273483276367188
3498,25497.79412711696,-0.14121442943811416,100.0,2.5,90.85943596031657,1.5956449317728039,2593.7440395355225,0.9381904602050781
3499,26949.445722860728,-0.12780380249023438,98.0,2.5,92.33111537160256,2.251657959083153,2553.1342029571533,0.5870895385742188
3500,23662.19577461532,-0.21171245232224464,100.0,2.5,91.64571428571429,1.1766792133353163,2534.1200828552246,0.32077980041503906
3501,26789.37348734878,-0.1733027359843254,98.0,2.4999999999999996,94.7839046199702,1.736082360409594,2337.6376628875732,1.0206642150878906
3502,26357.647864057777,-0.17035650819540024,99.0,2.4999999999999996,93.50589322856483,1.3316210838076727,2396.4390754699707,0.41178131103515625
3503,24468.283369528628,-0.26890315890312194,89.0,2.4999999999999996,85.25450810317278,1.7733767250830998,2424.0238666534424,0.8189792633056641
3504,23749.492090351177,-0.2195605917274952,100.0,2.5,83.91522587841607,1.1176401522987383,2527.693510055542,0.21033859252929688
3505,24002.069665137864,-0.2633541363477707,88.0,2.5,87.10265466560328,1.8527070875492566,2547.063112258911,0.35176658630371094
3506,26134.1836724946,-0.2458336867392063,94.0,2.5,89.16751383711737,1.2747262625070928,2348.1366634368896,0.4123821258544922
3507,26965.16433446896,-0.2014856195449829,100.0,2.5,92.17223358327654,1.2807928379672884,2512.507438659668,0.14395904541015625
3508,26444.078467231375,-0.23053543359041215,100.0,2.5,93.77150722642807,1.0888045275636398,2521.764039993286,0.633270263671875
3509,26671.347065896593,-0.29449727162718775,100.0,2.5,93.12372766342456,1.1259854482840117,2409.0352058410645,0.7206268310546875
3510,20290.978312028157,-0.23352105438709259,86.0,2.5,74.64516861587373,0.8920884924051145,2615.640878677368,0.5780906677246094
3511,24701.873042556832,-0.2162936708331108,97.0,2.4999999999999996,87.80571038562167,1.9125573738632402,2421.6935634613037,0.9697246551513672
3512,22305.193585326786,-0.269217529296875,93.0,2.5,82.93736501079914,1.1115001863796043,2518.8546180725098,0.7932701110839844
3513,19985.817790957808,-0.19997763842344285,83.0,2.5,73.64148816234498,1.323790404701638,2436.363935470581,1.006368637084961
3514,26354.77862828221,-0.18382273867726326,100.0,2.5,90.96219931271477,1.98548324583348,2378.7851333618164,0.05249595642089844
3515,25908.71230369913,-0.21483805745840073,99.0,2.5,95.44933516735442,1.8614751290433087,2451.967716217041,0.9079322814941406
3516,20749.319106323062,-0.16479929506778718,83.0,2.5,77.19278466741827,1.116874955209235,2319.568395614624,1.0687942504882812
3517,25836.689188827477,-0.26455929815769197,100.0,2.5,90.62818336162988,1.9653152740916995,2333.832263946533,1.1251983642578125
3518,25166.820469382445,-0.25968181535601614,100.0,2.5,89.79776296463676,1.0710597728200573,2636.7404460906982,0.5256748199462891
3519,22788.58334876826,-0.2184092728793621,99.0,2.5,82.99558473904676,1.5438195832143877,2534.710645675659,0.21227645874023438
3520,25711.5909663313,-0.19412793055176736,100.0,2.5,92.93545834746241,1.5624738611840674,2574.242353439331,0.03937721252441406
3521,27223.24054100983,-0.18079078763723375,97.0,2.4999999999999996,88.65714923042606,1.7464922490720312,2503.214120864868,0.5016880035400391
3522,25178.7231563366,-0.26921071410179137,100.0,2.5,93.41125243497193,1.105828914022231,2501.8224716186523,0.513580322265625
3523,25535.082440010225,-0.23700993850827218,95.0,2.4999999999999996,97.52066115702479,2.09490198240922,2449.406623840332,0.055843353271484375
3524,25087.719688446643,-0.23506303876638412,100.0,2.4999999999999996,91.04225352112675,1.7766739363223019,2452.502965927124,0.060276031494140625
3525,24981.45711673041,-0.27740878269076347,100.0,2.4999999999999996,89.99773960216999,1.7347582261660772,2444.5974826812744,0.2732353210449219
3526,23499.577202907978,-0.28231240540742875,97.0,2.4999999999999996,85.09189925119128,2.2187793946771426,2435.4779720306396,0.5815830230712891
3527,22968.57383988829,-0.2726958601176739,94.0,2.5,84.87615568998973,1.677784874506186,2524.6031284332275,0.36496925354003906
3528,25980.901980582745,-0.24902158111333847,97.0,2.4999999999999996,91.13495200451722,2.6074427271096505,2440.3395652770996,0.8758335113525391
3529,26552.0743115814,-0.20912669017910956,98.0,2.5,93.47478895733515,1.7690305645771232,2360.2325916290283,0.3696746826171875
3530,22356.668864477626,-0.22540571600198744,91.0,2.4999999999999996,85.00114495076711,1.5025051406064467,2593.5285091400146,0.5638408660888672
3531,24875.049483458835,-0.18209107398986815,99.0,2.4999999999999996,90.46101309049516,1.590776730441535,2350.358486175537,0.04602813720703125
3532,26347.845772870958,-0.2000175581872463,100.0,2.5,93.60663184192596,1.6178579966531197,2407.0138931274414,0.45455360412597656
3533,18573.19749025308,-0.1081553664803505,82.0,2.5,77.47416762342135,0.9567949902011579,2467.195987701416,0.3819904327392578
3534,23741.755615719627,-0.23694832310080527,95.0,2.5,86.26497852136559,1.798732171156894,2410.703659057617,0.7502460479736328
3535,26805.524793090484,-0.23226917684078216,100.0,2.5,97.32488560366068,1.2038902709456645,2505.561590194702,0.8823585510253906
3536,22325.249153445493,-0.21572955280542375,94.0,2.5,85.18225039619651,1.4430800687555472,2541.4066314697266,0.5125160217285156
3537,24948.300390107288,-0.2655563792586327,89.0,2.5,87.85526766350873,1.1206896551724137,2524.9321460723877,0.6076774597167969
3538,24483.04005877481,-0.19874345868825913,100.0,2.5,91.41339961586262,1.5745712408527606,2481.240749359131,0.014654159545898438
3539,24314.740612977974,-0.2564131750166416,91.0,2.5,83.94235133908306,2.226014858874488,2738.403797149658,0.15084266662597656
3540,23390.681448178442,-0.28936897337436673,95.0,2.5,89.10198555956678,2.1381212227894153,2458.10604095459,0.26087188720703125
3541,21693.064554920034,-0.19585073962807656,97.0,2.5,85.65462753950338,0.6277328739896648,2330.777406692505,0.47176361083984375
3542,23536.061826218127,-0.23553880140185357,99.0,2.5,87.71653543307086,1.1256091631709275,2231.4977645874023,0.29843711853027344
3543,23303.051549628006,-0.23998635560274123,85.0,2.5,82.12482790270766,1.6736067992412376,2217.789649963379,0.18584823608398438
3544,26967.902169516386,-0.2013190022110939,100.0,2.5,93.36509016672338,1.7190459467706,2417.4530506134033,0.158172607421875
3545,28007.7802734065,-0.22029901593923568,100.0,2.5,97.31979927007299,1.4314301481039682,2306.11252784729,0.46248435974121094
3546,25800.273606013405,-0.24529512196779252,100.0,2.5,93.63530778164925,1.895556676192077,2444.6723461151123,0.9939422607421875
3547,23726.406098425134,-0.2546768054366112,92.0,2.4999999999999996,86.1572153065929,1.4521036738511637,2506.1700344085693,0.5904273986816406
3548,24626.23131559947,-0.2411649252474308,97.0,2.5,91.02319847584893,1.2460047802699117,2589.5838737487793,0.409515380859375
3549,23498.030443745705,-0.15670495584607125,89.0,2.5,82.55971158179361,1.7615279035131266,2330.0130367279053,0.9397373199462891
3550,19336.513957520183,-0.2128062888979912,77.0,2.5,70.66220581449008,1.5059409454807686,2239.307403564453,0.7867794036865234
3551,28966.49947254095,-0.24900845751166345,100.0,2.5,95.872185581078,1.6762463343108505,2556.157350540161,0.18328857421875
3552,25977.329894493436,-0.2761446192860603,100.0,2.5,99.06488108981759,1.8202014740281875,2513.026237487793,0.8498630523681641
3553,19294.487896224688,-0.2338838578760624,76.0,2.5,65.41948812119821,1.42112071256859,2452.92592048645,0.6488189697265625
3554,23888.049571954914,-0.226569564640522,98.0,2.5,88.3470052814923,0.8362460782325504,2346.8477725982666,0.29824066162109375
3555,24759.58110573094,-0.24987663313746453,100.0,2.5,88.16681735985533,1.2496308530302864,2402.91428565979,0.40209007263183594
3556,28219.033498892633,-0.24341630816459656,100.0,2.4999999999999996,95.25580347081362,1.2577912361112746,2399.667739868164,0.6440620422363281
3557,25575.64761522977,-0.15869291365146637,100.0,2.4999999999999996,92.67873510540788,1.4338833648146168,2436.417818069458,0.04606437683105469
3558,22806.7431105188,-0.1650031489133835,90.0,2.5,82.91066940827051,1.5954284394932035,2440.8414363861084,0.09115982055664062
3559,24328.62518594338,-0.25009973987936973,100.0,2.5,93.0488644184446,1.4639594259298705,2468.144416809082,0.8602924346923828
3560,26403.967593468722,-0.16711135670542718,99.0,2.5,89.59899749373433,1.9981959145457244,2448.269844055176,0.025743484497070312
3561,30598.330564118023,-0.19972214937210084,100.0,2.5,93.56300997280145,1.4881509928812289,2465.3160572052,0.11900901794433594
3562,25159.634534576493,-0.208152234852314,100.0,2.5,90.46697038724373,1.353800968311879,2530.2674770355225,1.4979438781738281
3563,27904.28990253969,-0.2448212096095085,96.0,2.4999999999999996,93.32672613148331,1.8954661681009597,2524.0907669067383,0.05199623107910156
3564,25833.86623844156,-0.1644469131529331,93.0,2.5,82.89135056506657,1.915419011812863,2553.582191467285,0.29714012145996094
3565,21383.841755005556,-0.24164552643895149,89.0,2.5,74.80217047252997,1.6112831924939102,2476.2661457061768,1.0196876525878906
3566,24328.31855959059,-0.15281251788139344,96.0,2.5,89.28214800843226,2.10074220908309,2515.505790710449,0.3502368927001953
3567,23860.415446063413,-0.20174866586923598,98.0,2.5,87.46319365798414,2.128099906574108,2321.622133255005,1.2011489868164062
3568,25411.106790988244,-0.25054332554340364,100.0,2.4999999999999996,89.4982364319035,1.4039537148162406,2303.863048553467,1.2619953155517578
3569,24385.069060017857,-0.22643176957964897,96.0,2.5,90.35077761380407,2.113324783700305,2551.886558532715,0.4085521697998047
3570,26096.70658374434,-0.2659406425058842,100.0,2.4999999999999996,88.83151868896621,1.4389525670060912,2541.7842864990234,0.11149406433105469
3571,25335.380456248295,-0.2505103054642677,100.0,2.5,88.03252404947321,1.2422076587582491,2458.9009284973145,0.5694160461425781
3572,20973.044645352085,-0.19020541444420813,85.0,2.4999999999999996,78.6850358422939,1.7375663693856256,2644.834041595459,1.0961456298828125
3573,19938.69470886273,-0.15219629421830178,84.0,2.5,76.6696853067693,0.775499093610096,2496.876001358032,0.8992385864257812
3574,27369.17566509156,-0.2715862214565277,100.0,2.5,95.09678915034195,2.19657314151404,2515.5413150787354,0.09848976135253906
3575,25321.461895693486,-0.19220146000385285,100.0,2.5,91.71276956079937,1.6950837600039768,2537.398099899292,1.220672607421875
3576,26600.126034341454,-0.16053814813494682,98.0,2.5,91.39133417171603,1.7442637558476277,2530.1053524017334,0.2535591125488281
3577,25894.490095203164,-0.24075302332639695,100.0,2.5,92.1500920810313,0.9603595041564735,2351.215362548828,0.008762359619140625
3578,22153.78423323591,-0.2185857430100441,91.0,2.5,85.65276518585675,1.5993734772015316,2325.7453441619873,1.4949321746826172
3579,19621.915185608537,-0.27543649554252625,68.0,2.5,68.31422018348624,1.4682511860524903,2428.7750720977783,0.17596435546875
3580,26646.312003239793,-0.22815187498927117,100.0,2.4999999999999996,91.95376500953877,1.4423843641282197,2493.5405254364014,0.02497100830078125
3581,26096.16975836702,-0.22123824387788774,100.0,2.5,93.33936446907158,0.7342092525528204,2535.8006954193115,1.6968669891357422
3582,26557.43207511729,-0.20120912045240402,100.0,2.5,92.36952337824069,1.6683911742498392,2361.4144325256348,0.24097824096679688
3583,27238.213162962096,-0.23522300004959107,100.0,2.5,92.0851346857333,1.7987468612864619,2419.7189807891846,0.11952781677246094
3584,20174.215651510294,-0.25379245936870576,78.0,2.5,73.11212814645309,1.3620370222058487,2588.5932445526123,0.6847667694091797
3585,25732.62411506294,-0.24774894312024118,99.0,2.5,89.65011286681715,2.140511545008052,2529.8938751220703,0.0014247894287109375
3586,25258.987860966947,-0.23738520175218583,99.0,2.4999999999999996,92.27246708643389,1.355240062567911,2518.270254135132,0.2257232666015625
3587,23228.871498247387,-0.23354773372411727,94.0,2.5,87.2804564268934,1.4995839304701586,2522.8068828582764,0.1518077850341797
3588,19371.590263885784,-0.1605979984998703,86.0,2.5,77.21977151905894,1.385480167841026,2497.2829818725586,0.1428699493408203
3589,24032.62541683871,-0.2283215643465519,100.0,2.5,89.10743041177824,1.181349681832459,2534.493923187256,0.6250514984130859
3590,25144.606150555417,-0.25213935643434526,96.0,2.5,86.43511709469396,1.3159454653230587,2373.234987258911,0.6340789794921875
3591,25906.660748044098,-0.23130811244249344,100.0,2.4999999999999996,93.71170962894463,1.6243371170618397,2432.8510761260986,0.15862464904785156
3592,24875.30174832593,-0.14425554871559143,91.0,2.5,87.5375028848373,1.5497134051668788,2459.7768783569336,0.016693115234375
3593,22627.959010912073,-0.16651163071393968,96.0,2.5,86.30464480874316,2.3852049868704315,2403.4183025360107,0.08348655700683594
3594,24154.210073487116,-0.2301377348601818,91.0,2.5,85.51369863013699,1.332930671024894,2207.0674896240234,0.9211654663085938
3595,24620.22384491791,-0.2499796450138092,96.0,2.5,85.80359172539214,1.1515141221827816,2546.3037490844727,0.2248821258544922
3596,22656.5325394955,-0.1903816494345665,94.0,2.5,88.11078585904075,1.965412479551297,2506.57320022583,0.8741989135742188
3597,24443.376336715246,-0.261446098536253,98.0,2.5,92.05714285714286,0.9220616408246998,2339.5731449127197,0.21002197265625
3598,25228.57126856536,-0.20182568684220314,96.0,2.5,90.68158228578018,0.9937601109313613,2465.6929969787598,0.21573257446289062
3599,23989.568633383424,-0.21123077601194382,91.0,2.5,84.4206974128234,1.4452025000572357,2414.2556190490723,0.9444904327392578
3600,24113.473727746925,-0.22290216535329818,98.0,2.4999999999999996,89.61748633879782,1.856325424885746,2410.651206970215,0.5061206817626953
3601,27767.292289184003,-0.1593550130724907,100.0,2.4999999999999996,94.7773875608927,1.9016883738062904,2271.8684673309326,0.8969154357910156
3602,24895.460799644203,-0.24318252444267274,100.0,2.4999999999999996,92.25159525979946,1.5596554012284414,2510.8680725097656,0.6993179321289062
3603,25839.643795251723,-0.1730762192606926,100.0,2.5,91.13605130554284,2.2812156320437293,2430.159568786621,0.4393749237060547
3604,26524.56532307091,-0.11918916031718255,91.0,2.5,92.51754584559656,1.7325137698984139,2540.600299835205,0.20018768310546875
3605,24757.720755031853,-0.1894079977273941,98.0,2.4999999999999996,94.72241261137766,1.2320915300010644,2575.4199028015137,1.5065879821777344
3606,23665.27904201474,-0.21488845095038414,97.0,2.5,90.73359073359073,1.8558876435588765,2583.6784839630127,0.3159198760986328
3607,19432.566594050746,-0.23299253225326538,75.0,2.5,73.57798165137615,1.341145237332357,2516.82448387146,0.5578212738037109
3608,23892.615645170983,-0.19359473153948784,100.0,2.4999999999999996,88.27673827673827,1.8099900880064876,2520.171880722046,0.2911052703857422
3609,24431.13599789549,-0.1655846831202507,95.0,2.5,86.24929498025945,1.2632549043848658,2415.7021045684814,1.0222702026367188
3610,25901.415941214073,-0.24799936830997468,99.0,2.5,98.68285419768641,2.046338384553117,2581.753730773926,0.4534645080566406
3611,22531.159215153944,-0.2268325999379158,92.0,2.5,84.0390131956397,0.7190320893113542,2482.3615550994873,0.34667205810546875
3612,24557.423210417164,-0.26567717164754867,94.0,2.5,90.01173708920189,2.0999096339071213,2450.7079124450684,0.1451873779296875
3613,27557.30254281168,-0.1979037757217884,97.0,2.4999999999999996,98.42439356155067,1.2959660297239914,2553.6274909973145,0.5393600463867188
3614,20226.748372541915,-0.2638339951634407,86.0,2.5,73.8988028009939,0.9932190990686812,2510.315179824829,0.5863971710205078
3615,25908.034305432833,-0.2894807045161724,98.0,2.5,91.302346985734,1.9666574048346763,2438.96484375,0.34470367431640625
3616,22385.12279326365,-0.25067550122737886,86.0,2.5,82.74201127819549,1.465345122646891,2477.787494659424,0.07555580139160156
3617,24744.478635645366,-0.21191322088241576,97.0,2.4999999999999996,91.94043423894509,1.9045804611636474,2505.8462619781494,0.7116680145263672
3618,22414.137910744364,-0.24242745012044906,99.0,2.5,88.23529411764706,1.830128040461471,2481.840133666992,0.3223991394042969
3619,21831.925548687042,-0.18533361375331878,99.0,2.4999999999999996,88.16101026045777,1.4473661200911672,2483.1345081329346,1.0217609405517578
3620,27218.505833548094,-0.20840078800916673,100.0,2.4999999999999996,95.04849988720957,0.9278308693560819,2423.5923290252686,0.0163726806640625
3621,24520.0625697906,-0.197320848852396,100.0,2.4999999999999996,92.81824370319946,2.035663997183842,2427.4685382843018,0.7266750335693359
3622,24644.123754147975,-0.17726771384477616,100.0,2.5,88.92201834862385,1.8212740965513865,2465.47794342041,0.3093109130859375
3623,21977.629383386382,-0.24565278977155686,92.0,2.5,84.25073017299484,1.510553757942562,2612.6911640167236,0.04687309265136719
3624,25172.339606919548,-0.2481185720860958,96.0,2.5,89.27881885292447,1.6592250859302735,2505.505323410034,0.05225181579589844
3625,23733.33111683352,-0.2614192578196526,100.0,2.5,88.56946512426984,1.5129486597001363,2446.211576461792,0.34452247619628906
3626,23471.25847830273,-0.14328323319554329,99.0,2.5,90.31775270550311,1.0763180634504488,2287.6245975494385,1.8019428253173828
3627,25838.893892817516,-0.2506138503551483,95.0,2.4999999999999996,89.80725623582767,1.7421443621558965,2589.404344558716,0.4516448974609375
3628,14762.392819809626,-0.14421252846717836,65.0,2.4999999999999996,58.32869080779945,0.8531061380930436,2564.6679401397705,0.2911949157714844
3629,24339.94912029725,-0.23667873829603195,94.0,2.5,87.43425565973017,1.942278994462978,2494.3809509277344,0.4519462585449219
3630,25128.748273194662,-0.1856327137351036,96.0,2.4999999999999996,87.67702147099132,1.788963889324938,2486.8547916412354,0.001556396484375
3631,18268.739980259244,-0.20595294177532197,72.0,2.5,63.2329988851728,1.3883459360444985,2671.306610107422,0.12755966186523438
3632,24372.94813006621,-0.2547968882322311,96.0,2.4999999999999996,88.94826606026152,1.3403018717818391,2557.053565979004,1.369302749633789
3633,23801.43410570357,-0.24696084320545197,97.0,2.5,86.70428893905192,1.8217765042979943,2469.125986099243,1.177154541015625
3634,21320.231393365528,-0.22465030044317247,83.0,2.5,78.20468443521403,1.2286835864340344,2592.663049697876,0.19425201416015625
3635,25594.35065378876,-0.20227080717682838,100.0,2.5,91.60131833162859,2.19599447902876,2549.093008041382,0.5089035034179688
3636,26415.022456354054,-0.2194414733350277,98.0,2.5,98.5555428178379,1.137930255158542,2531.8191051483154,0.14525413513183594
3637,25371.88967363084,-0.2154798227548599,99.0,2.4999999999999996,91.16990399642776,1.1481274455002795,2564.3937587738037,0.17703819274902344
3638,16076.383270147619,-0.18440472215414047,68.0,2.5,65.10277033065238,1.5398656712925043,2351.292848587036,0.4745826721191406
3639,22915.94705657359,-0.22312602490186692,95.0,2.5,80.33745781777279,1.8309902107285534,2461.74693107605,1.1445446014404297
3640,29082.74655677346,-0.2762657988071442,100.0,2.5,98.36539530746136,1.9493909203994038,2609.966516494751,0.6481380462646484
3641,25489.331204859547,-0.24759310558438302,98.0,2.4999999999999996,90.9070191431176,1.9066236204251832,2497.9028701782227,0.9918193817138672
3642,26541.250699589506,-0.2618239836394787,100.0,2.4999999999999996,98.09885931558935,1.7389767908440108,2465.3422832489014,0.09925651550292969
3643,25620.345905357586,-0.21515560895204544,100.0,2.4999999999999996,89.34435511267127,1.4357343353857297,2555.1598072052,0.41490745544433594
3644,24174.071674424995,-0.2571240164339542,99.0,2.5,87.67014519056261,1.586696986924389,2510.0207328796387,0.5345401763916016
3645,15718.105436644812,-0.1613317283987999,66.0,2.5,59.98422357448726,1.1684944465856137,2267.2340869903564,1.1947059631347656
3646,25283.767154919846,-0.24848262295126916,100.0,2.5,92.48400232693427,1.6141254493969108,2723.029851913452,0.0461273193359375
3647,24133.19328756738,-0.22779766485095024,100.0,2.5,86.44949666327338,1.5885944589246068,2361.1669540405273,0.31644248962402344
3648,26080.80472974104,-0.16041751459240913,98.0,2.4999999999999996,94.58721855810779,1.9807293140862345,2302.9019832611084,0.3673362731933594
3649,22924.225540534248,-0.2517649331688881,95.0,2.5,82.12533452274755,1.6834998078069379,2232.1114540100098,0.5818614959716797
3650,22937.63124723473,-0.23671700924634934,90.0,2.5,82.1940646882294,1.632847353680272,2311.5720748901367,0.44646263122558594
3651,17396.356931302405,-0.25827257841825485,69.0,2.4999999999999996,65.44,1.2665016030943714,2407.139301300049,0.6770877838134766
3652,26238.36096352028,-0.22640135154128074,97.0,2.5,91.5279531626679,1.2345035337736068,2545.175075531006,1.0566463470458984
3653,26180.876216622553,-0.23601593002676963,98.0,2.5,98.556119571348,0.8844357122081807,2516.795873641968,0.6802749633789062
3654,24025.694384279745,-0.21369501754641532,96.0,2.5,85.08762138631543,1.5221999107541275,2464.961290359497,0.0215911865234375
3655,25302.452767896062,-0.21067736208438873,93.0,2.4999999999999996,88.72510408461798,1.6381917015816039,2563.720464706421,0.8151931762695312
3656,26982.510752196595,-0.22187050804495811,100.0,2.5,93.80240199410832,1.157375579136153,2239.5105361938477,0.7240180969238281
3657,21902.420122175365,-0.18670927464962006,90.0,2.4999999999999996,82.8889141041643,1.088095747917911,2318.565845489502,0.6810874938964844
3658,23928.546423772816,-0.256708188354969,99.0,2.4999999999999996,91.96864705214132,1.6719708764538876,2604.6175956726074,0.09722900390625
3659,20927.6993665997,-0.29651050791144373,94.0,2.5,82.48266454473115,1.4477778361559164,2482.762575149536,1.1990127563476562
3660,15735.817837528597,-0.20587134420871733,76.0,2.5,66.64022662889518,1.1725075750308926,2590.442657470703,0.012567520141601562
3661,24400.397098893205,-0.20994752436876296,100.0,2.5,87.76262852033973,1.366083768683597,2377.350330352783,0.7419509887695312
3662,24678.700140010827,-0.19714248657226563,94.0,2.5,86.2935015204415,1.3903067143056007,2406.027317047119,0.48862266540527344
3663,26486.957277392936,-0.14814483389258384,100.0,2.4999999999999996,95.85421412300683,1.915962612625256,2516.7829990386963,0.061870574951171875
3664,26577.15351067919,-0.2710852897167206,100.0,2.5,92.34520299387616,1.5900656922910636,2451.603412628174,0.9717903137207031
3665,16194.580256730405,-0.2157508960366249,67.0,2.5,60.45501314736481,0.7949644743212962,2396.7697620391846,0.6327457427978516
3666,19182.698116619507,-0.1592716969549656,80.0,2.5,73.77950951180381,0.7801639762830151,2320.518970489502,0.17351722717285156
3667,23142.189070707802,-0.23656825110316276,100.0,2.4999999999999996,88.93530540815175,1.5066951199493468,2492.27237701416,0.9223651885986328
3668,17743.51467440671,-0.1841885344684124,68.0,2.5,65.8187235017761,1.1528859711980768,2550.5006313323975,0.2943992614746094
3669,27504.191790996636,-0.2239377011358738,96.0,2.5,91.38563890800643,1.0590484353940979,2491.0171031951904,0.5796279907226562
3670,25217.251628025777,-0.22850085765123368,88.0,2.5,86.1776331085794,1.0889140176739123,2558.485269546509,1.1023216247558594
3671,26356.77914968731,-0.25327050536870954,100.0,2.4999999999999996,90.74327405380757,1.198800084752378,2456.4077854156494,0.16172218322753906
3672,26137.68822931952,-0.1911821112036705,100.0,2.5,92.80229226361033,1.081116813499838,2447.5879669189453,0.42401123046875
3673,25598.699217240657,-0.2633326879143715,98.0,2.4999999999999996,98.3737063573297,1.7965176969969607,2353.501081466675,0.7810459136962891
3674,24651.74437537498,-0.19288230687379837,98.0,2.4999999999999996,92.06040498798764,2.2286240813517173,2494.1704273223877,0.20543861389160156
3675,14342.484920600493,-0.26661944165825846,68.0,2.5,58.433598183881955,0.6846364049506295,2499.894380569458,0.5433349609375
3676,23568.140544253416,-0.2834293016791344,92.0,2.5,87.05882352941177,1.2699986325721317,2581.528425216675,1.1101417541503906
3677,26414.04865403279,-0.21570870727300645,99.0,2.4999999999999996,94.80129132806412,2.2530462525190957,2441.3163661956787,0.4939441680908203
3678,14731.809411511946,-0.2686812303960323,60.0,2.4999999999999996,56.85939103660622,1.1153153258201618,2285.0916385650635,1.1980056762695312
3679,26754.172501165714,-0.1460242100059986,100.0,2.4999999999999996,96.77053824362606,1.5723089658978544,2609.541416168213,0.9687786102294922
3680,22490.274920333148,-0.23796436592936515,92.0,2.5,86.40866159870998,1.9134472661326187,2424.5197772979736,0.3065452575683594
3681,19929.75535775418,-0.25465708374977114,88.0,2.5,77.9238596090088,1.235819538883742,2339.3492698669434,0.046108245849609375
3682,25873.32397077675,-0.23217542037367822,100.0,2.5,96.94954128440368,0.8392596592410474,2577.8915882110596,0.9199008941650391
3683,23322.396909600055,-0.15594133287668227,95.0,2.5,87.69283510455948,1.2786640226428863,2627.0956993103027,0.32736968994140625
3684,21469.37081569824,-0.25806352972984314,92.0,2.5,82.17220033764772,1.3469563798288766,2528.7888050079346,1.3484363555908203
3685,24830.163910159168,-0.2477065494656563,100.0,2.4999999999999996,86.86617730095992,1.8814166526411964,2476.8753051757812,0.28047943115234375
3686,23046.49012393234,-0.24064354494214057,87.0,2.5,82.9271096803863,1.896218337293239,2481.316089630127,0.6638069152832031
3687,25758.125160176194,-0.22607940405607224,100.0,2.5,98.06563039723662,1.3827604620443497,2384.4873905181885,0.3728923797607422
3688,26450.609848323682,-0.18612155497074126,100.0,2.5,93.75784548670548,1.9531912487986887,2494.1046237945557,0.3379325866699219
3689,23360.664996157677,-0.23771303951740264,100.0,2.4999999999999996,92.03306164619447,1.3747795563518759,2463.2322788238525,0.6167526245117188
3690,21662.729064376985,-0.21579047352075575,84.0,2.5,75.68218298555377,1.404633542182719,2439.223527908325,0.7345314025878906
3691,26852.490996765162,-0.26505782797932625,98.0,2.5,94.07681628875521,0.8555282755885766,2562.2220039367676,0.48983192443847656
3692,22801.178268253672,-0.25682240441441534,99.0,2.4999999999999996,90.97744360902256,1.6915257539380117,2536.803722381592,0.7178516387939453
3693,24714.816259965042,-0.2705371010303497,99.0,2.4999999999999996,89.25979680696662,1.5233107329270383,2477.116107940674,0.1359844207763672
3694,24762.67514891311,-0.2532754349708557,95.0,2.4999999999999996,86.05230386052304,1.2764184080490564,2504.5151710510254,0.017557144165039062
3695,25115.305179619554,-0.14897111386060716,99.0,2.5,90.8263145913954,2.1068285347839546,2558.176279067993,0.6127471923828125
3696,20420.529729682,-0.21289196461439133,84.0,2.5,74.78549365061205,1.0867817939650024,2523.613929748535,0.5012569427490234
3697,24628.22334964224,-0.23202033668756486,95.0,2.4999999999999996,91.3983388326317,2.033364442370509,2480.0944328308105,1.7472190856933594
3698,25519.83270051413,-0.2695756509900093,92.0,2.5,86.53605194213463,1.860171195496065,2335.937023162842,0.1272125244140625
3699,25724.754857344666,-0.26489107072353363,94.0,2.4999999999999996,85.06369067748845,0.7574102396038161,2450.7107734680176,0.39778900146484375
3700,24302.028126287267,-0.20747588723897933,98.0,2.5,90.41950113378685,1.9436570197991518,2448.3673572540283,0.26788902282714844
3701,18172.26117285247,-0.25723486915230753,71.0,2.5,67.20830512299707,1.0428969487094222,2400.1967906951904,0.0077037811279296875
3702,25136.66049006675,-0.24612278789281844,100.0,2.5,95.68717653824037,1.5483497462738587,2375.3116130828857,0.5289306640625
3703,22951.6234503427,-0.18651214003562927,83.0,2.5,79.58739255014326,1.7490431705008438,2448.5974311828613,0.5312347412109375
3704,22441.751482473548,-0.19806152567267418,97.0,2.4999999999999996,89.58711433756807,1.421440594346741,2509.428024291992,0.4570636749267578
3705,24353.40331692568,-0.18186203509569168,98.0,2.4999999999999996,90.04120879120879,1.9768706138183256,2287.3761653900146,0.5163860321044922
3706,28586.30076028081,-0.20464619278907775,100.0,2.5,96.15077098800685,1.941038441187973,2529.676675796509,0.37174224853515625
3707,23930.205283679712,-0.22415425837039948,98.0,2.5,90.19276293540752,1.622097577431288,2512.5508308410645,0.02701568603515625
3708,26980.681675062733,-0.25900096088647845,100.0,2.5,94.3724420190996,1.4337611728318984,2454.8497200012207,0.051914215087890625
3709,26801.047795883325,-0.21379972368478775,96.0,2.4999999999999996,93.61243476287724,1.5331648368097737,2265.458583831787,1.1187458038330078
3710,25862.905886793484,-0.14340265095233917,100.0,2.4999999999999996,89.885862809357,1.1309836927932666,2556.605815887451,0.903106689453125
3711,14508.36716168216,-0.24763212636113166,57.99999999999999,2.4999999999999996,52.84956551179325,0.5968869542276745,2425.1017570495605,0.3529472351074219
3712,28475.8484834983,-0.1902841781079769,100.0,2.4999999999999996,92.40304787899466,1.8140001578371798,2513.561725616455,0.43654632568359375
3713,27209.295500952227,-0.16038840919733047,98.0,2.4999999999999996,89.81656475819901,1.5460836450354631,2373.2402324676514,0.27868080139160156
3714,21386.790715289608,-0.22187435746192932,86.0,2.5,76.54949121184089,1.1741917789433989,2521.681547164917,0.3190441131591797
3715,25473.470972376494,-0.2781135536730289,99.0,2.5,92.67563527653215,1.2335260115606936,2450.3586292266846,0.0351104736328125
3716,25812.43703179546,-0.1747879119217396,100.0,2.5,92.07726116123062,2.084822140456771,2459.4337940216064,0.07367706298828125
3717,22613.1998615731,-0.23087638199329377,98.0,2.5,85.5589534488617,1.300563408791876,2455.718755722046,0.6981582641601562
3718,22972.267144563844,-0.22306626349687575,86.0,2.5,82.5206043956044,1.5756261640674951,2415.6415462493896,0.20175552368164062
3719,25397.505045863236,-0.2845401966571808,96.0,2.5,90.39375424304141,1.573764474446401,2540.9371852874756,0.6523227691650391
3720,12908.819876093317,-0.28256807118654254,56.99999999999999,2.4999999999999996,54.14516683866529,0.9435526759725741,2497.528076171875,0.7428207397460938
3721,24897.99997103773,-0.24856300681829452,99.0,2.4999999999999996,89.51001471087473,1.1344887996870376,2597.636938095093,0.6779670715332031
3722,27546.330829231018,-0.24328447133302689,100.0,2.5,92.29709562621973,1.7885610083378252,2509.6139907836914,0.30895233154296875
3723,23072.368368323412,-0.24470914781093597,88.0,2.5,82.13566151779717,2.0812889132833248,2620.471477508545,0.6066532135009766
3724,24053.35118975753,-0.18048105090856553,89.0,2.5,85.24590163934425,1.0181092257236561,2253.1890869140625,0.1999797821044922
3725,25384.294902494945,-0.2817855653166771,97.0,2.4999999999999996,87.0345140781108,1.3592200426224557,2471.524477005005,0.16738510131835938
3726,28187.084604732274,-0.2389365503191948,98.0,2.4999999999999996,96.24042966518113,2.0129532083540917,2381.97922706604,0.5439453125
3727,23332.44635797558,-0.17124864280223848,91.0,2.4999999999999996,84.73587925908987,2.1376764039557856,2511.1465454101562,0.5236606597900391
3728,24469.458374585076,-0.2551800012588501,100.0,2.4999999999999996,86.58107033291671,1.7631409356048713,2464.846611022949,0.27866554260253906
3729,17895.251756113204,-0.20446272253990172,77.0,2.5,68.20717131474103,1.0713751806388385,2456.4809799194336,0.34824180603027344
3730,25966.432079778086,-0.2055753068625927,98.0,2.5,98.56763312925956,1.3414980061068191,2524.2507457733154,0.6604976654052734
3731,23773.14453502437,-0.21276082918047906,100.0,2.5,90.86768389888408,1.7358086682265603,2392.3840522766113,0.2804431915283203
3732,20654.917205620255,-0.2363759870827198,83.0,2.5,76.85372999774623,1.411238938577618,2403.780221939087,0.046276092529296875
3733,27559.175101558696,-0.23644415080547332,100.0,2.4999999999999996,95.94826599519286,1.8284495477225886,2533.4651470184326,0.011350631713867188
3734,19325.185885739116,-0.25203473344445226,93.0,2.5,80.57898335992707,0.947018623329654,2348.7465381622314,0.3054618835449219
3735,19229.66955171892,-0.20130107864737512,84.0,2.5,77.42451967063128,1.4584299936833043,2535.4177951812744,0.35679054260253906
3736,28369.902818138657,-0.09005496203899384,100.0,2.5,92.56749124590534,1.2808282922289436,2527.8892517089844,0.41339111328125
3737,23248.9864516794,-0.29470705598592756,92.0,2.5,83.32201086956522,2.037937831142294,2487.6930713653564,1.2657241821289062
3738,27573.35348392291,-0.17646584212779998,100.0,2.5,95.27787058692505,1.4663016679181473,2536.3383293151855,0.7593212127685547
3739,26179.67918049213,-0.20852109134197236,100.0,2.5,95.2193475815523,2.0280246107235578,2332.2839736938477,0.426422119140625
3740,24874.11119722993,-0.200172488540411,100.0,2.5,87.3792948573995,1.7804627334143217,2506.955146789551,1.0666160583496094
3741,24046.645470983276,-0.17613815113902093,100.0,2.5,93.41999309789486,2.1609717490795224,2545.60923576355,1.0200786590576172
3742,25638.63704879192,-0.21785748079419137,94.0,2.5,90.95551520653655,2.140991562281022,2509.061813354492,0.275848388671875
3743,25701.66034213047,-0.23082529067993163,100.0,2.5,91.13821138211382,1.4473743724275183,2589.272975921631,0.7042350769042969
3744,19934.770345489636,-0.3102305893599987,78.0,2.5,74.75241889584518,1.8759295950121566,2489.9725914001465,0.7248077392578125
3745,23303.65459535429,-0.2572717683017254,89.0,2.5,83.8088690271571,1.698080974887535,2633.655548095703,1.1945228576660156
3746,23598.0372049155,-0.2940950417518616,97.0,2.4999999999999996,89.69225489074478,0.9761285086614615,2429.1481971740723,0.3837261199951172
3747,27844.279659888874,-0.2435450917482376,100.0,2.5,96.12349914236707,1.7363798119016012,2463.9341831207275,1.071676254272461
3748,26012.279218982858,-0.20627760052680968,100.0,2.5,92.29027510472093,2.015481147012256,2475.346565246582,0.4746208190917969
3749,25224.404185669588,-0.24832713693380357,100.0,2.4999999999999996,92.54826690753076,1.0766102670833158,2466.709852218628,0.83929443359375
3750,28353.761254023302,-0.21187586694955826,100.0,2.5,92.46890059397063,1.7252820172528203,2611.4189624786377,0.0046977996826171875
3751,20524.260549633706,-0.22174294605851175,76.0,2.5,72.56908904810645,1.1898621609604267,2412.684679031372,0.7320423126220703
3752,26434.78813587114,-0.2539708076417446,100.0,2.5,97.83637592968222,1.7613432739364672,2452.547550201416,0.6657028198242188
3753,26733.769523610856,-0.21561732947826384,100.0,2.4999999999999996,90.0211840784926,2.2813816154739137,2485.2774143218994,0.9799900054931641
3754,25841.04263860892,-0.2717291270196438,99.0,2.4999999999999996,88.9311695579183,1.6352660786667361,2506.9055557250977,0.43312644958496094
3755,24728.5806624116,-0.2365778924524784,99.0,2.4999999999999996,91.18620847128668,1.5920332460459934,2475.040912628174,0.6912288665771484
3756,26085.48032758785,-0.2608719801902771,100.0,2.5,92.3679060665362,1.6925747878551742,2404.2880535125732,0.4929218292236328
3757,25541.47913272251,-0.20667703747749328,100.0,2.5,93.33333333333333,0.6070870692170809,2368.598461151123,0.6835155487060547
3758,25436.054512820767,-0.24262554287910462,95.0,2.4999999999999996,84.33938846891571,0.8017509637267196,2566.406726837158,0.5608158111572266
3759,20387.262588484587,-0.23827371507883072,89.0,2.5,77.19617660446063,1.0293634706195431,2384.6328258514404,0.9920463562011719
3760,24925.770890422576,-0.28043220460414886,97.0,2.5,87.22521310004487,2.0883572022381154,2506.1471462249756,0.12973594665527344
3761,23219.10631820167,-0.23305700540542604,100.0,2.5,90.67181116659101,1.3026776635408428,2331.4404487609863,0.5885505676269531
3762,21957.41454841828,-0.2526058581471443,85.0,2.5,79.65544599342628,1.2152406734582413,2193.812608718872,0.4585857391357422
3763,25167.009651539065,-0.20394456565380095,99.0,2.5,92.39570091297816,1.4983008064656196,2559.4375133514404,0.282470703125
3764,23196.026953296925,-0.288418328166008,97.0,2.4999999999999996,87.12801960555491,1.5560017619431716,2314.9311542510986,0.7296466827392578
3765,27550.873893329248,-0.2647949379682541,100.0,2.5,93.72299294973845,2.152019505989611,2257.354497909546,0.40704917907714844
3766,27594.34475557267,-0.2502103930711746,100.0,2.4999999999999996,94.50474123157775,1.6235037560467231,2265.643358230591,0.4230842590332031
3767,26376.45394933141,-0.18403626173734666,97.0,2.5,89.61229795410873,1.8877937831690677,2471.385717391968,0.3904590606689453
3768,28595.079515547848,-0.24615268737077714,99.0,2.5,96.99361578641904,1.7422985153023878,2440.995454788208,0.3544292449951172
3769,20507.744317078665,-0.23624245315790177,75.0,2.5,70.85043319653442,1.0256714646089924,2571.694850921631,0.3777046203613281
3770,25395.57582091177,-0.15922459349036217,100.0,2.5,88.59718309859154,1.1106049510145948,2442.2452449798584,0.1944599151611328
3771,26144.926627806322,-0.24342351227998735,100.0,2.4999999999999996,92.13521511495561,1.3656252940622942,2409.7542762756348,0.7867946624755859
3772,26058.636199489232,-0.24997162744402884,100.0,2.5,92.75656190154331,1.3678589308560938,2494.9545860290527,0.8533687591552734
3773,20479.935760563694,-0.24447386533021928,80.0,2.5,77.5507874914403,0.7221804293733002,2527.1143913269043,0.8968124389648438
3774,19918.798428629438,-0.2038489282131195,79.0,2.5,74.09754441552563,1.275813539362955,2506.333827972412,0.050113677978515625
3775,27034.36826740619,-0.20978618592023848,100.0,2.5,96.34782608695652,1.8853570601660437,2522.4945545196533,0.3521251678466797
3776,28615.69993777336,-0.21748436376452446,100.0,2.5,92.10316101791624,2.182472280541525,2505.107641220093,0.3120403289794922
3777,22469.61639537168,-0.13906411230564117,92.0,2.4999999999999996,86.41422834193918,1.396984634898671,2372.2376823425293,0.2354106903076172
3778,24493.230736324418,-0.11863122522830963,95.0,2.5,86.44967682363804,1.7291315686229258,2588.141918182373,0.022584915161132812
3779,20179.358986370247,-0.11465835168957711,77.0,2.5,74.07572383073496,1.0353135848571413,2420.0925827026367,0.5815200805664062
3780,24826.73718312398,-0.23836601555347442,100.0,2.4999999999999996,97.77247414478919,2.51785484583592,2588.207244873047,0.5699443817138672
3781,22443.094212479293,-0.25161336034536363,82.0,2.4999999999999996,82.34683281412254,0.7958685984794147,2483.415126800537,0.34459686279296875
3782,24283.313056967585,-0.18887851655483245,100.0,2.5,91.5298978537817,0.865352881619502,2392.1821117401123,0.0292816162109375
3783,26094.451685812237,-0.24502351015806198,93.0,2.5,89.3256484149856,1.1026662260639686,2371.9260692596436,0.44997406005859375
3784,29268.742778935342,-0.17775072008371354,99.0,2.5,98.86158701532912,0.8674038177143767,2365.718364715576,0.05120658874511719
3785,19952.311223127443,-0.2363175055384636,80.0,2.4999999999999996,75.58918669131238,0.6816078723452276,2419.02232170105,0.1764984130859375
3786,25360.55370077589,-0.19663067877292634,97.0,2.5,88.78194110232612,1.4747870270018295,2615.861177444458,0.4381217956542969
3787,24029.916000335837,-0.20775039851665497,99.0,2.5,90.16687199014447,1.6275937886491687,2556.077480316162,0.8473758697509766
3788,19546.404828196442,-0.2269328212738037,81.0,2.5,74.1001476098558,1.3136677214806194,2577.4617195129395,0.43808555603027344
3789,17096.625337866826,-0.1808406715095043,74.0,2.5,64.15974513596541,1.6928080090775337,2474.266290664673,0.4601249694824219
3790,24855.23992094029,-0.23726190894842147,100.0,2.4999999999999996,93.9348773217152,1.1459062787561707,2510.6801986694336,0.5096950531005859
3791,20083.065262665546,-0.23279745519161224,83.0,2.5,77.77905506380044,1.4977533699450822,2560.548782348633,0.043243408203125
3792,25527.09650167216,-0.2657611761987209,98.0,2.4999999999999996,89.97112394491337,0.8158848485889486,2491.2681579589844,0.23195648193359375
3793,24930.877533551742,-0.21254642486572264,96.0,2.5,88.03994165825199,0.9700414827941338,2277.1191596984863,0.0957489013671875
3794,25157.3942932435,-0.25066032499074936,99.0,2.4999999999999996,85.3109938030755,1.2981417239322093,2493.5076236724854,0.3201618194580078
3795,22950.06372658318,-0.2678377565741539,100.0,2.5,89.24257816909358,1.1392210191409657,2349.1413593292236,0.38588714599609375
3796,25546.396142742105,-0.19754745960235595,96.0,2.5,90.01247024146922,1.4712748325046106,2490.171432495117,0.7135829925537109
3797,22105.307623986497,-0.21656239211559294,83.0,2.5,73.34966046977624,1.470497994521893,2456.610918045044,0.1923847198486328
3798,24731.57117295783,-0.11087913826107978,98.0,2.5,91.2945675402092,1.4858701824845295,2500.899314880371,0.013170242309570312
3799,25745.526766995332,-0.258913310021162,95.0,2.4999999999999996,84.92542411476717,1.4953271028037385,2442.93475151062,0.8030986785888672
3800,23507.84213768511,-0.20110670298337938,98.0,2.5,87.7797672336616,1.8617463370615754,2561.490774154663,0.7323093414306641
3801,27146.422828977677,-0.19301429867744446,100.0,2.4999999999999996,95.94104573634343,1.8166853902208977,2231.419324874878,0.6213417053222656
3802,19883.268263462163,-0.14632667660713194,86.0,2.5,79.72169229042755,0.8772223337571661,2501.7199516296387,0.08787155151367188
3803,27099.544993852476,-0.19943261593580247,100.0,2.5,96.71296296296296,1.759260320115489,2493.8302040100098,0.11713409423828125
3804,20702.00211262752,-0.22845720887184143,86.0,2.5,78.92561983471074,1.7483787289234762,2547.4953651428223,0.1640625
3805,24012.966436623035,-0.21940047159790993,100.0,2.5,90.11830985915493,1.471169593945897,2487.9863262176514,0.5330276489257812
3806,25194.748755218603,-0.2143414743244648,97.0,2.4999999999999996,90.21676797797913,2.1249361428563227,2563.138484954834,0.03175926208496094
3807,25222.422586048928,-0.2397923442721367,100.0,2.5,92.29981801637852,1.5190404433478502,2381.5104961395264,0.9097938537597656
3808,27814.689595733646,-0.20709703981876373,100.0,2.4999999999999996,96.6315073154134,1.662583230046407,2500.065326690674,0.48482704162597656
3809,26166.736125298954,-0.21842669516801835,95.0,2.4999999999999996,91.98793161247066,1.3120025633543322,2723.3946323394775,0.8675270080566406
3810,23875.64282424315,-0.25059404611587527,89.0,2.5,87.72608349448299,1.9877045709866263,2555.9897422790527,0.697723388671875
3811,17974.131634810507,-0.16571749567985536,69.0,2.5,66.76598670639468,0.8137016128127139,2480.0052642822266,1.019369125366211
3812,17670.10618456564,-0.27799262493848803,77.0,2.5,69.75252062328138,1.048853901366057,2505.868673324585,0.9471244812011719
3813,24480.17913214807,-0.1961120119690895,100.0,2.4999999999999996,89.557034656874,1.5426351242614433,2522.4428176879883,0.13430404663085938
3814,26097.8775206879,-0.1993786197900772,99.0,2.4999999999999996,91.20054570259208,1.8263599589446355,2479.842185974121,0.19654083251953125
3815,24311.04595636907,-0.2708741968870163,100.0,2.5,86.95407474110762,1.2015369316677356,2629.380226135254,0.7122917175292969
3816,24542.133740595593,-0.20881666302680968,100.0,2.4999999999999996,89.25453324378778,1.3945245863628082,2310.130834579468,0.742462158203125
3817,24855.57221387375,-0.16098765313625335,100.0,2.5,94.60619417700963,1.804076575912215,2410.086154937744,0.4933624267578125
3818,23959.47266118708,-0.24454280793666838,100.0,2.5,87.95669824086603,1.4751929806935582,2516.6046619415283,0.32747459411621094
3819,23030.354631746566,-0.25512134298682215,90.0,2.5,87.02466005992164,1.7934351010323832,2584.599256515503,0.1073760986328125
3820,25029.343115136213,-0.21378920629620551,94.0,2.4999999999999996,90.72809352934368,1.975590840442467,2455.824851989746,0.3602123260498047
3821,23998.87395699354,-0.25207805514335635,100.0,2.5,92.43755781683626,1.3084739791480882,2502.8367042541504,0.20232391357421875
3822,25873.432804327702,-0.23484813809394836,100.0,2.5,92.4294562973159,1.715774293026888,2326.833963394165,0.20078659057617188
3823,23538.308668653455,-0.2324611161649227,89.0,2.4999999999999996,81.87680676006227,1.5945343793700077,2411.0000133514404,0.5544376373291016
3824,26907.71916351689,-0.19918449118733406,99.0,2.5,93.3394791426596,1.9325437163775085,2656.529426574707,0.8248138427734375
3825,22971.88226344988,-0.2502444699406624,94.0,2.5,81.43637605281128,1.502447840409956,2415.444850921631,0.05664825439453125
3826,23559.509596547337,-0.2391704088449478,95.0,2.5,87.29470802919708,1.410883621327118,2541.619062423706,0.6420307159423828
3827,24735.89246280157,-0.16037878021597862,100.0,2.5,93.46457594139865,1.8285930847441567,2534.32035446167,0.3242683410644531
3828,21758.644661694307,-0.26520137131214144,91.0,2.5,82.35632183908046,1.0548907536235184,2404.196262359619,0.3855438232421875
3829,21054.221552535695,-0.23061014339327812,92.0,2.5,84.3505831729136,2.0302857142857142,2387.159824371338,0.4372692108154297
3830,24581.978977265007,-0.20961856558918954,100.0,2.5,92.29982964224872,1.514740589854412,2360.1670265197754,0.20466232299804688
3831,26470.17893036103,-0.16949199110269547,100.0,2.4999999999999996,94.12569864263716,1.1791783205166155,2398.243188858032,1.4608020782470703
3832,26050.255270567468,-0.300910604596138,98.0,2.5,91.28621350467816,1.6613392392784305,2464.2090797424316,0.38102149963378906
3833,27151.360479065694,-0.21918822780251504,100.0,2.4999999999999996,94.97762863534676,1.801399783925971,2514.0159130096436,0.2711143493652344
3834,26827.674238852414,-0.2422684359550476,99.0,2.5,92.52873563218391,1.3161029737119776,2526.148796081543,0.9113388061523438
3835,22999.806872161847,-0.2345859146118164,92.0,2.5,80.04034517538943,1.430709505760111,2403.6240577697754,0.7054023742675781
3836,20866.064423134732,-0.20949831694364549,81.0,2.4999999999999996,72.70294380017842,2.0208058640802733,2643.244743347168,0.5889625549316406
3837,19481.857109208056,-0.18493302166461945,76.0,2.4999999999999996,72.23744292237443,1.5939519914902394,2239.58158493042,0.5875911712646484
3838,20567.088343005962,-0.2432554095983505,76.0,2.5,73.32656055988261,0.7571853552270971,2517.477512359619,0.9955558776855469
3839,27646.626365513115,-0.2497181162238121,100.0,2.5,95.6110351117191,1.5651087512067692,2476.672649383545,0.3331146240234375
3840,23792.597523060835,-0.24145356208086013,93.0,2.5,85.9774011299435,1.2602496263682998,2643.289089202881,0.1809711456298828
3841,23022.65511340197,-0.2372470663487911,92.0,2.5,86.4355093742941,2.2011368747324442,2472.5823402404785,0.06282424926757812
3842,26536.009015434003,-0.17647991135716437,100.0,2.4999999999999996,92.86286171794579,1.2791221344698427,2705.528974533081,1.2697486877441406
3843,26618.73464415423,-0.23999729812145232,100.0,2.5,92.7826875141627,2.1211458561119616,2508.460760116577,0.9014263153076172
3844,21024.343115191343,-0.2768642121553421,92.0,2.4999999999999996,83.38724584103512,1.7908190447819339,2530.2910804748535,1.4402542114257812
3845,26619.307883996415,-0.20895138442516326,96.0,2.5,91.11715386358486,1.7184421173265039,2652.3678302764893,0.9315872192382812
3846,23186.740371191947,-0.15910605028271674,95.0,2.4999999999999996,85.17507958162801,0.9633222704450686,2450.360059738159,0.023622512817382812
3847,24894.635686349604,-0.1411604806780815,100.0,2.4999999999999996,89.56951781499382,0.7264388548552072,2581.2020301818848,0.4585857391357422
3848,28175.27216964468,-0.20267401084303857,100.0,2.4999999999999996,94.69340974212035,0.8245047580677194,2441.643238067627,0.7171306610107422
3849,29196.86187311062,-0.21166390493512155,100.0,2.4999999999999996,98.3271165366791,1.5427217481476332,2417.8009033203125,0.6436023712158203
3850,25123.74493407452,-0.21169443309307098,100.0,2.5,90.87525377847957,1.5256311729712806,2557.8396320343018,0.7340908050537109
3851,24744.851275701436,-0.19281321078538893,98.0,2.4999999999999996,87.74941478096088,1.857679176740739,2584.806203842163,0.7532806396484375
3852,24881.563626123552,-0.14829607903957367,96.0,2.5,86.60544293873895,1.0285321576461406,2302.222728729248,0.22608184814453125
3853,26956.442856950405,-0.23060324430465698,100.0,2.5,98.68848653667595,1.071683597079216,2519.834041595459,1.3888626098632812
3854,27142.99678409802,-0.16660290360450744,100.0,2.5,97.1943661971831,1.1228831233836656,2524.878978729248,0.7399749755859375
3855,25130.40510803373,-0.2426500542461872,93.0,2.4999999999999996,91.02431155663095,1.4801375095492741,2364.227056503296,0.7480068206787109
3856,27019.94630855839,-0.20738617852330207,99.0,2.4999999999999996,97.05849582172702,0.9948364312888869,2372.1225261688232,1.138296127319336
3857,22469.848641000728,-0.2202536278963089,95.0,2.4999999999999996,87.63471355643789,2.0898659996007,2598.585844039917,0.5351657867431641
3858,22690.894383194307,-0.27537102937698366,86.0,2.5,81.52880775812892,1.3211860804429993,2458.2362174987793,0.5216178894042969
3859,24244.323439997952,-0.1947593003511429,98.0,2.5,90.40053703289327,0.8508754944538187,2389.576196670532,0.3017406463623047
3860,25479.07913379765,-0.22167580723762512,100.0,2.4999999999999996,88.96321070234113,1.39459968353533,2596.5919494628906,0.026941299438476562
3861,19996.208607872955,-0.2548461273312569,83.0,2.5,77.83234353586113,1.0532841293884403,2412.640333175659,0.0042724609375
3862,27235.743365336453,-0.2637154240906239,100.0,2.4999999999999996,91.0439247005134,1.6492596693690635,2481.154441833496,0.4099750518798828
3863,19044.169149951344,-0.15231654435396194,82.0,2.5,75.09090909090908,1.591243724610172,2521.40474319458,0.3906707763671875
3864,26378.331282666553,-0.19708135798573495,100.0,2.5,96.22140050843541,2.1532626497715714,2456.9969177246094,0.6871261596679688
3865,25579.558846406617,-0.17111922204494476,100.0,2.5,91.80546302465024,1.3217520623750585,2442.23690032959,1.2490386962890625
3866,16564.40356981645,-0.26148769333958627,72.0,2.5,67.26954492415402,1.6927023154781162,2445.3344345092773,0.5758934020996094
3867,23066.597855983444,-0.26982379630208014,93.0,2.5,84.53456845910529,1.6024670911738672,2445.9056854248047,0.18446731567382812
3868,25361.253645927613,-0.16708988606929778,96.0,2.5,92.57671480144406,1.8621261399145463,2479.9463748931885,0.24770736694335938
3869,22054.954483184716,-0.21996749371290206,91.0,2.5,82.9549383427452,1.0677953167284018,2527.987241744995,0.12896156311035156
3870,27213.234180147854,-0.21289113119244576,100.0,2.5,93.42015855039637,1.3451078686873719,2431.844472885132,0.058990478515625
3871,20694.037506260123,-0.1924222305417061,90.0,2.5,79.30842784078274,0.8237135359668631,2359.2865467071533,0.15370559692382812
3872,25853.837104815415,-0.20001850068569182,97.0,2.5,94.65953085857436,1.8070099524015577,2312.9138946533203,1.1698684692382812
3873,24484.80331319714,-0.19116995483636856,100.0,2.5,90.51103235394993,1.9253072239445101,2309.4024658203125,0.29053306579589844
3874,23634.757551283703,-0.22490051612257958,95.0,2.4999999999999996,88.02374700308255,2.029319581081637,2456.636905670166,0.16475868225097656
3875,26030.983289802003,-0.2040138977766037,100.0,2.4999999999999996,93.28671328671328,1.5200776416353268,2617.1514987945557,0.7686195373535156
3876,23901.886806780527,-0.16166289493441582,100.0,2.5,92.54034533348381,1.9784654495294662,2266.9525146484375,0.31421470642089844
3877,26689.57244950433,-0.252570818066597,98.0,2.5,90.8252703471827,1.4988565602336419,2422.1866130828857,0.39029502868652344
3878,21986.767649133006,-0.2562948049604893,91.0,2.5,82.22778473091364,0.9841391171412192,2526.264190673828,0.6917800903320312
3879,23463.919069052798,-0.280265594124794,99.0,2.5,93.28650391524643,1.5107995024313017,2581.712484359741,0.3589668273925781
3880,24024.083480140678,-0.28493293687701227,95.0,2.5,88.78558310376492,1.3390329206684062,2419.132709503174,0.0996551513671875
3881,26041.501579368567,-0.17430065661668778,99.0,2.5,97.45378444366935,2.5130598910294455,2406.109094619751,0.4827232360839844
3882,25942.766075637344,-0.24351877734065056,100.0,2.5,90.86369311088413,1.1036119292639008,2386.2197399139404,1.4062633514404297
3883,23854.0534487717,-0.17213729590177537,100.0,2.5,89.77828311540648,1.911249404311384,2392.2553062438965,0.07638740539550781
3884,20238.87958343037,-0.25132842391729354,75.0,2.5,69.96900470669269,0.6907111453870965,2640.5210494995117,0.7590904235839844
3885,26821.974855247794,-0.2341805750131607,97.0,2.5,95.90013742556116,1.30217179609122,2456.407308578491,0.5950088500976562
3886,23682.276427786277,-0.18644562512636184,100.0,2.5,89.33697881066303,1.0789564081338445,2489.041566848755,1.2458667755126953
3887,26935.988422181028,-0.18645391300320624,99.0,2.4999999999999996,95.16273849607182,1.9391835810759828,2582.505226135254,0.42125892639160156
3888,25354.185089489227,-0.2319050747156143,100.0,2.5,91.1366245694604,1.7255729107285371,2400.918483734131,0.4055767059326172
3889,18106.213334802702,-0.22993322283029557,75.0,2.5,70.72420860851743,1.3249185715032192,2601.1433601379395,0.41057777404785156
3890,21009.61683877764,-0.2264249613881111,89.0,2.5,79.46086171892624,1.100559300628188,2481.4248085021973,0.7883987426757812
3891,26644.68425407383,-0.2229823999106884,98.0,2.4999999999999996,91.93057590442916,1.2435655959892913,2387.864589691162,0.36491966247558594
3892,18480.428235600546,-0.20831728488206863,82.0,2.4999999999999996,70.53960964408725,1.4833432447291945,2436.553478240967,0.4155387878417969
3893,29343.54948797215,-0.26621625661849974,100.0,2.5,95.81909318751424,1.588700067207717,2521.2206840515137,0.5719413757324219
3894,22014.362408274166,-0.24008759662508963,86.0,2.4999999999999996,80.45332136445242,1.6863284359846564,2467.449426651001,0.24123191833496094
3895,26240.180650049897,-0.2114218944311142,100.0,2.5,94.39640651319483,1.3113194347278578,2358.004093170166,0.33202362060546875
3896,28022.71981078942,-0.11888013869524001,100.0,2.4999999999999996,97.75581395348837,1.3819645857710885,2374.8598098754883,0.0757904052734375
3897,24093.36785980632,-0.2657107898592949,96.0,2.5,83.20239017373022,2.0570955730244105,2531.4650535583496,0.5587844848632812
3898,23178.838528737244,-0.1922358478605747,87.0,2.4999999999999996,79.88629903354179,1.6810804407060775,2387.357473373413,0.1786975860595703
3899,25020.04822695177,-0.19905669033527373,100.0,2.5,92.61078117862037,1.040509086486098,2489.79115486145,0.4543304443359375
3900,23720.080649244668,-0.2439683260023594,94.0,2.5,86.48403894045732,1.1527094165890674,2483.283758163452,0.5596389770507812
3901,22412.816203384587,-0.20298717379570008,94.0,2.5,90.27761910202217,1.5871917195553094,2468.1246280670166,1.9309501647949219
3902,21203.63897964854,-0.26528297290205954,77.0,2.5,73.61814831874712,0.8105763766338647,2347.738265991211,0.9194602966308594
3903,24086.55464947592,-0.2301391151547432,95.0,2.5,89.64166378615049,1.621612462297934,2453.615427017212,0.0045948028564453125
3904,22099.360299166117,-0.26453085884451866,97.0,2.5,82.23367697594502,1.1193113304452682,2346.468925476074,0.3179779052734375
3905,21164.641684510752,-0.21583456724882125,78.0,2.5,76.8240823634736,1.0680237192997784,2421.983003616333,0.27417945861816406
3906,27354.666574161776,-0.2599984358251095,100.0,2.4999999999999996,92.70653301071552,0.9295592000089434,2639.72806930542,0.15164756774902344
3907,26824.817236667608,-0.20285262778401375,100.0,2.5,92.00045131445334,1.853353344719122,2510.1943016052246,0.3956794738769531
3908,21389.829029670782,-0.20123609513044358,90.0,2.5,76.35456812514168,1.4691007703621084,2356.264352798462,0.1713695526123047
3909,20415.309706759646,-0.15522895634174347,78.0,2.5,71.40625,1.1818564279704176,2343.9993858337402,0.06214714050292969
3910,23806.57074734066,-0.16901375636458396,100.0,2.4999999999999996,84.79963673515722,1.3128029317886276,2370.4888820648193,0.6115474700927734
3911,25953.249389123735,-0.18663298815488816,100.0,2.4999999999999996,91.49629296787238,1.300715012931085,2517.8136825561523,0.46982574462890625
3912,26635.4089108216,-0.23789163812994957,100.0,2.4999999999999996,92.27803605851004,1.3938569533309824,2456.9220542907715,0.4449920654296875
3913,15728.2109062825,-0.20302741676568986,66.0,2.4999999999999996,60.47657234505671,0.7532873237252274,2490.5781745910645,0.9187908172607422
3914,28186.581096529633,-0.20929445147514344,98.0,2.5,98.63631110597481,1.1259633241773517,2526.503801345825,0.03899383544921875
3915,20724.983863195943,-0.2641413934528828,99.0,2.5,84.95308310991958,0.8951554926833792,2516.183853149414,0.3413238525390625
3916,26516.42711574618,-0.20108010172843932,100.0,2.5,90.2251448952296,1.7656555357294588,2383.7409019470215,0.6736583709716797
3917,27050.04426318594,-0.16699326694011687,98.0,2.5,94.97732426303855,2.0653058417668566,2412.243366241455,0.5343532562255859
3918,23004.207115911573,-0.2873329299688339,77.0,2.5,78.37868739995426,1.7085862966175196,2492.048501968384,0.11331939697265625
3919,25099.1185331307,-0.21027887374162674,100.0,2.5,93.29501915708812,1.420854603062841,2490.596294403076,0.9332695007324219
3920,25875.245451538034,-0.22260203137993811,100.0,2.5,91.13156974711572,1.8470669965508415,2713.2349014282227,0.28973388671875
3921,24106.650999610272,-0.21280332177877426,100.0,2.5,91.22146118721462,1.516986423608898,2570.2009201049805,0.8328762054443359
3922,27643.424525828934,-0.18444548711180686,96.0,2.4999999999999996,91.31952263003828,1.7346814330431553,2501.258373260498,0.1087799072265625
3923,25273.39813460843,-0.27520081341266633,100.0,2.4999999999999996,93.07561114269471,2.2691161291070827,2495.262861251831,0.041858673095703125
3924,26450.976292599145,-0.25479732021689416,100.0,2.4999999999999996,90.90288056472731,1.5568738478501818,2521.695852279663,0.1474761962890625
3925,24494.847708708065,-0.1902018155157566,100.0,2.5,94.56683027051707,0.8953211691027776,2442.52610206604,0.7826957702636719
3926,26120.438501694167,-0.2610242256522179,97.0,2.4999999999999996,92.45456636760984,0.7965824575697354,2586.2441062927246,0.21116065979003906
3927,27860.59676075628,-0.22221687391400338,100.0,2.4999999999999996,89.63665447897623,2.2322889876081367,2489.9258613586426,0.9777698516845703
3928,18749.1753468137,-0.243987804800272,78.0,2.5,71.1218525179856,0.9900133770007843,2474.510908126831,1.0023841857910156
3929,17960.55035857684,-0.24104424566030502,80.0,2.5,73.50302758466024,1.0815934944492667,2553.6718368530273,0.02455902099609375
3930,25582.49722228149,-0.2153197656571865,98.0,2.5,91.38920780711825,1.792075250942664,2449.6166706085205,0.4735546112060547
3931,19619.822757186525,-0.2085096499323845,80.0,2.5,73.22906041029128,0.8894843060929962,2394.301652908325,0.5736675262451172
3932,23284.628587432024,-0.235512867718935,100.0,2.5,90.97300975277841,1.4023701871528822,2494.304895401001,0.4263343811035156
3933,25435.4471183383,-0.22158316984772683,100.0,2.4999999999999996,88.24462061155153,1.5320036060401172,2412.8830432891846,0.40588951110839844
3934,27042.386567843943,-0.20427813723683358,100.0,2.4999999999999996,96.7469466955827,1.034138550608904,2362.9438877105713,0.8792018890380859
3935,25567.811804240046,-0.177604354172945,99.0,2.5,92.09201190203707,1.6615287861687134,2471.6029167175293,0.7065544128417969
3936,24071.704681729727,-0.26913640797138216,100.0,2.4999999999999996,91.08272926015418,1.2247972190034764,2458.402633666992,0.11002731323242188
3937,23998.79208680233,-0.22253846973180771,93.0,2.5,81.94662480376766,1.9677724675446078,2399.92618560791,0.7951927185058594
3938,23850.343358801867,-0.281935787498951,98.0,2.4999999999999996,89.78152025489304,1.312716802321627,2361.656427383423,0.44728660583496094
3939,21812.007101251533,-0.1776008675992489,98.0,2.5,90.23192048440535,1.2734650247057668,2480.22198677063,0.9125328063964844
3940,14314.143694451686,-0.19160076692700387,63.0,2.5,58.2099596231494,1.0941656322042916,2592.900037765503,0.42989158630371094
3941,22109.404366403618,-0.16380982905626296,95.0,2.5,83.29566003616637,1.5351528938793817,2363.57045173645,1.1214447021484375
3942,25196.292097816153,-0.1665784600377083,100.0,2.5,95.85717555504692,1.9633415002810228,2451.648712158203,0.6442050933837891
3943,25211.299194437695,-0.2833993914723396,99.0,2.5,92.05516926934914,1.68815341483542,2554.187059402466,0.5264358520507812
3944,25647.57973397422,-0.24262226432561873,100.0,2.5,89.83258928571428,1.4994521123481954,2548.168420791626,0.11007118225097656
3945,20912.14338193442,-0.16804640606045723,94.0,2.5,82.75047790396941,1.1322997194680602,2372.5411891937256,0.5120067596435547
3946,24316.619959365267,-0.23685942322015763,100.0,2.5,89.88358556461002,1.3334946199396327,2433.779716491699,0.3412933349609375
3947,26275.32246643905,-0.2477347284555435,99.0,2.5,91.85354691075514,1.5850932544764478,2548.084259033203,0.14689064025878906
3948,25243.014817371026,-0.21149738535284995,100.0,2.5,88.52569882777277,1.4449049925484352,2491.7187690734863,0.21685409545898438
3949,26909.346754014234,-0.23298412054777146,100.0,2.4999999999999996,93.40164395901363,1.4100975550164918,2451.2104988098145,0.11831092834472656
3950,20837.932543848736,-0.28579342395067214,85.0,2.5,76.18325950104919,1.4687727880844517,2418.778419494629,0.23812484741210938
3951,23992.408013456334,-0.18587481170892717,100.0,2.5,88.43124015304974,1.8324151602450707,2414.2465591430664,0.9998493194580078
3952,27046.263293120202,-0.23883621335029603,100.0,2.4999999999999996,94.00156093209945,1.1041984711939898,2577.1028995513916,0.4049491882324219
3953,26992.834740029783,-0.17227440282702447,100.0,2.5,95.12390087929657,1.9023133179827962,2264.2695903778076,0.046092987060546875
3954,27337.90830275297,-0.23953786700963975,98.0,2.5,95.67660550458716,1.1717984483613266,2508.4311962127686,0.6198539733886719
3955,28072.965930589868,-0.2238149258494377,100.0,2.4999999999999996,94.90416618845403,1.8495554515676182,2626.976490020752,0.426483154296875
3956,26631.355532552552,-0.29949843510985374,98.0,2.5,90.32368752144573,1.7477362398600857,2446.0487365722656,1.7218894958496094
3957,25045.560273317726,-0.22652649760246277,100.0,2.4999999999999996,94.69920544835414,1.9871211715809565,2622.7774620056152,0.17516136169433594
3958,23856.791747518655,-0.2170662309229374,100.0,2.5,88.4576781532285,1.2506653997836377,2430.9327602386475,0.29240989685058594
3959,24224.732492671577,-0.29401987344026564,100.0,2.5,87.2125948578548,1.380780383012116,2521.5799808502197,0.45662498474121094
3960,27101.043796255857,-0.15852145165205,100.0,2.5,95.67641369894187,1.7740222718161014,2463.1824493408203,0.32067108154296875
3961,24107.882467305277,-0.21793805539608002,98.0,2.5,86.51545926427443,0.7540855723192936,2441.9708251953125,0.13894271850585938
3962,25366.982412074427,-0.22827728554606438,97.0,2.4999999999999996,93.77045348293595,1.8022487760847865,2433.847188949585,0.20676803588867188
3963,21919.936431178783,-0.19260341361165045,91.0,2.5,80.10233086981239,1.006935062595695,2492.094039916992,0.5875244140625
3964,25379.921641001998,-0.13889391988515853,99.0,2.4999999999999996,94.25473004153207,1.8689198954916892,2474.454164505005,0.4142742156982422
3965,24058.43754837127,-0.25288239657878875,96.0,2.4999999999999996,86.01247872943846,2.1947824632460557,2462.4924659729004,0.0958099365234375
3966,23053.31338849635,-0.2332741543650627,98.0,2.5,89.56916099773242,1.1119868412034817,2597.3739624023438,0.11163520812988281
3967,24630.590880890108,-0.2119656939804554,100.0,2.5,89.78542691104158,1.0175034825268003,2409.3422889709473,0.8207550048828125
3968,25540.705751883255,-0.2817732821404934,100.0,2.5,93.52305065452475,1.4449604092500772,2391.139268875122,0.6968803405761719
3969,25160.64319547177,-0.21799437060952187,99.0,2.5,90.68565521993797,0.8355143950070466,2469.7494506835938,0.39591407775878906
3970,25358.124178325026,-0.26837861388921735,100.0,2.4999999999999996,85.05528873003463,1.337274146776712,2484.0197563171387,0.6019172668457031
3971,20192.374463834556,-0.23343542695045472,87.0,2.4999999999999996,79.95937711577523,1.1758753641898847,2446.337938308716,0.2846031188964844
3972,24843.168093680804,-0.2533494570851326,100.0,2.5,90.38995667148095,2.0598318481253184,2562.8416538238525,0.3639488220214844
3973,26921.30011228895,-0.27633153676986694,99.0,2.4999999999999996,91.49910634495086,1.4837526505816954,2451.4801502227783,0.05730247497558594
3974,21850.76371672109,-0.24198760718107223,99.0,2.5,82.40328654570352,1.1042078018332049,2510.877847671509,0.7501564025878906
3975,23448.6119480695,-0.19333669126033784,99.0,2.5,94.15164123901988,2.1636914023820975,2516.730785369873,0.31082725524902344
3976,27211.99073979095,-0.18784306779503823,98.0,2.5,97.2405929304447,2.1702704402875392,2542.752265930176,0.48865509033203125
3977,26808.440284308774,-0.21596433386206626,100.0,2.4999999999999996,95.86569209684788,1.1450631777823888,2485.0451946258545,0.24446678161621094
3978,22669.668924871552,-0.16443317219614983,93.0,2.5,87.37896494156928,0.9956293655957941,2477.4835109710693,0.3107891082763672
3979,28752.691432677653,-0.20158100947737695,97.0,2.4999999999999996,91.70925610448609,1.289335536726793,2516.7386531829834,0.6035671234130859
3980,24859.853110831664,-0.17792104452848434,100.0,2.5,90.40710751237067,2.2065376678529773,2645.4620361328125,0.09474754333496094
3981,22309.926308811122,-0.2246904256939888,84.0,2.5,78.41816936772426,1.797670417689032,2583.2395553588867,0.3011493682861328
3982,24785.501433500507,-0.16247877433896066,97.0,2.5,89.62199312714777,1.6137723701749909,2353.6009788513184,0.3654308319091797
3983,27424.949794802265,-0.1670316192507744,100.0,2.4999999999999996,97.28057889822595,0.8927136197671482,2374.5276927948,0.30609893798828125
3984,26338.115060703953,-0.19603646263480187,100.0,2.5,91.64964828681643,1.1246392967665895,2515.2103900909424,0.9963493347167969
3985,23399.111863183818,-0.2330624856054783,100.0,2.4999999999999996,88.0078485687904,1.2973776528951682,2401.6261100769043,0.0050811767578125
3986,26509.163737375908,-0.22162120148539544,100.0,2.4999999999999996,93.25919981657687,1.5177405890559084,2387.446403503418,0.4886894226074219
3987,24399.50640321679,-0.27022172838449476,98.0,2.5,95.11553420269962,2.052428148819935,2358.0408096313477,0.13427734375
3988,25929.297407980703,-0.24679173097014429,99.0,2.5,95.34618455572031,2.3143628975505663,2458.866834640503,0.5807399749755859
3989,25836.746390981356,-0.2644536150991917,98.0,2.5,93.60906515580737,1.8771524379191589,2556.4937591552734,0.7884807586669922
3990,25811.747650115496,-0.18632417991757394,100.0,2.4999999999999996,92.72912885662433,1.4951140800252758,2697.948694229126,0.11713790893554688
3991,24514.7825740774,-0.27249921441078184,100.0,2.5,89.00949796472185,2.1053410436207995,2507.126569747925,0.1687602996826172
3992,21363.603234461913,-0.20069786474108697,82.0,2.5,74.16213768115942,1.088155037032912,2268.2318687438965,0.7790565490722656
3993,19468.974358342908,-0.18722833693027496,80.0,2.5,67.0858151334657,1.3774393882467346,2446.1870193481445,1.1565265655517578
3994,25417.844273125036,-0.23817052140831949,100.0,2.5,90.95994629671067,1.8313370549021732,2571.378469467163,0.3854961395263672
3995,26163.892821022164,-0.14771548435091972,100.0,2.5,93.21782742505414,1.1663074266755442,2474.8966693878174,0.3934669494628906
3996,23184.80764932385,-0.2820777951180935,100.0,2.5,92.14398913289563,0.9096797491645505,2399.59454536438,1.2091197967529297
3997,27235.75508981696,-0.21605469897389412,100.0,2.5,93.79472271914132,1.6112347927769908,2534.3093872070312,0.4000244140625
3998,17840.18269418045,-0.24025197133421897,71.0,2.5,67.97635605006954,1.0915178571428572,2460.742950439453,0.04874992370605469
3999,25095.987537092267,-0.15745053559541702,100.0,2.5,87.11601215258243,1.259238040676024,2574.4845867156982,0.028934478759765625
4000,27968.413129654782,-0.24236899569630624,97.0,2.5,91.50964558097802,0.7482722477874122,2414.4716262817383,0.3684654235839844
4001,24284.93085501338,-0.2535264231264591,98.0,2.5,92.03771013175829,1.4393546734344933,2325.800657272339,0.6372013092041016
4002,23611.075294518996,-0.24229034155607224,100.0,2.5,92.3112128146453,1.7731842484843885,2521.8396186828613,0.9100074768066406
4003,25427.73215619552,-0.12472406566143036,100.0,2.4999999999999996,91.91470457574411,1.1762027621793898,2458.568334579468,0.4568443298339844
4004,28519.61601382481,-0.17345295280218123,98.0,2.4999999999999996,95.20601773885707,1.357875849733689,2571.072578430176,0.4173603057861328
4005,23654.735185390287,-0.17620071217417718,95.0,2.5,82.89108471189076,1.8732447549146862,2436.5408420562744,0.018444061279296875
4006,23571.43752041559,-0.21936192423105239,95.0,2.5,84.21406933692359,1.8900323224641125,2508.2216262817383,0.6813316345214844
4007,23449.564486095696,-0.27785175397992135,97.0,2.5,88.5201182086838,1.6813258135266997,2396.268367767334,0.024045944213867188
4008,21952.613121508282,-0.25901503801345827,93.0,2.5,85.0653742110009,1.4512717359354017,2558.0501556396484,0.8725814819335938
4009,26076.00055428344,-0.2411065301299095,100.0,2.5,94.4565591644669,1.4840872863189138,2547.438621520996,0.08022499084472656
4010,11447.972787834175,-0.17907911658287048,59.0,2.4999999999999996,50.456412596987676,0.9032250516253957,2446.500301361084,1.2807559967041016
4011,26424.900403192467,-0.23574752032756804,100.0,2.5,95.75798930967815,2.2809219534459153,2465.794801712036,0.4528045654296875
4012,24937.174012594387,-0.23678825214505195,94.0,2.5,90.0626159554731,1.259785369899943,2468.418598175049,1.5658988952636719
4013,24683.479951246434,-0.19149113923311234,94.0,2.5,87.97956867196368,0.9869846325254764,2593.449115753174,0.7476158142089844
4014,22513.355300766067,-0.261242913454771,100.0,2.5,85.97011520474507,1.4656182599392016,2410.7024669647217,0.060214996337890625
4015,19063.434379635022,-0.1720433335006237,82.0,2.5,70.2021913475658,1.1552480385494532,2479.0265560150146,0.1829547882080078
4016,27672.989657298203,-0.21939733147621154,98.0,2.5,97.67785998861696,1.5870383968543476,2484.8060607910156,0.4284076690673828
4017,23313.857107878743,-0.24121808379888535,100.0,2.5,89.40687485958212,1.7928091163115611,2554.6319484710693,0.34233856201171875
4018,20687.840547512194,-0.21765277430415153,86.0,2.5,78.43631778058008,1.0871134884097067,2391.9754028320312,0.9729995727539062
4019,11589.817024168944,-0.21558696016669274,50.0,2.5,45.74396026191014,1.1049813666617847,2457.7646255493164,0.10318565368652344
4020,24356.313359667827,-0.2130703091621399,100.0,2.5,89.87514188422247,1.282444007210434,2484.7617149353027,0.4924049377441406
4021,23268.44666277139,-0.29923311948776243,98.0,2.5,85.20283750831301,1.6155662370887125,2499.415636062622,1.7731437683105469
4022,19664.95350435624,-0.22395454734563827,89.0,2.5,78.88976644477039,1.6776596486896975,2523.486375808716,0.03308677673339844
4023,26504.406729988244,-0.18688315838575364,99.0,2.5,91.52658662092624,1.513581567395325,2577.8348445892334,0.08391571044921875
4024,26556.083728132664,-0.18562418580055237,99.0,2.4999999999999996,93.51787773933103,2.3010265934892833,2357.921361923218,0.7295131683349609
4025,22374.897936267025,-0.18216886341571809,90.0,2.5,82.82885113086532,1.3643838834723363,2479.2163372039795,0.1607189178466797
4026,23457.09797038473,-0.25743736803531647,100.0,2.5,89.11106032906764,0.8189513670684238,2466.688632965088,0.5739574432373047
4027,25295.571537547356,-0.19209740579128265,97.0,2.5,89.78127136021872,1.9564471459032866,2723.6902713775635,0.27988624572753906
4028,23124.35404212104,-0.20274776056408883,99.0,2.5,86.42601776035059,1.961258127419962,2433.4616661071777,0.06584548950195312
4029,23506.616712656494,-0.27013195961713793,100.0,2.5,89.59674686546933,1.4781038477263435,2312.291145324707,0.9988594055175781
4030,26148.930685431034,-0.21599788546562196,100.0,2.4999999999999996,90.74502545118001,2.5937873082927725,2411.825180053711,1.1536273956298828
4031,23408.46959950672,-0.2832697910070419,92.0,2.5,88.29568788501027,1.1678576669940508,2405.240774154663,0.29876136779785156
4032,25570.0947097573,-0.25116904139518736,97.0,2.4999999999999996,88.66351138156412,1.28313684621898,2400.10929107666,0.22637939453125
4033,26892.291034282684,-0.2291426581144333,96.0,2.5,89.72402961633385,1.7873141781036894,2609.73858833313,0.28285980224609375
4034,24724.777043780192,-0.24047771215438843,100.0,2.4999999999999996,90.23320249365042,1.6320807305285296,2436.6602897644043,0.33937835693359375
4035,26928.479153003645,-0.25137028023600577,95.0,2.5,98.68939921131988,2.134549523583466,2434.9753856658936,0.35247802734375
4036,19580.70593544683,-0.2351923844218254,79.0,2.4999999999999996,73.20201557489693,0.8579276293841602,2629.333972930908,0.0213623046875
4037,28016.999960858226,-0.2806662245094776,100.0,2.4999999999999996,95.05690309230947,1.6353851177139511,2337.277889251709,0.6354389190673828
4038,24649.15250512106,-0.23676940619945527,100.0,2.5,90.07832898172323,0.4789781798829164,2520.476818084717,0.22162437438964844
4039,26597.847265001426,-0.23963442653417588,97.0,2.5,92.80616290925569,1.2475333623198102,2526.32212638855,0.45357704162597656
4040,27009.88705875952,-0.22446117728948592,97.0,2.4999999999999996,98.4242149416166,1.743899095146696,2569.2713260650635,0.4278755187988281
4041,25352.702833244144,-0.2686096623539925,92.0,2.4999999999999996,90.15049415992812,1.2463878925531555,2441.77508354187,0.026620864868164062
4042,24397.949948342455,-0.2798283851146698,100.0,2.5,89.29796478390121,1.0893440520922764,2562.3581409454346,0.5885429382324219
4043,23657.314635058454,-0.20711101949214936,98.0,2.5,90.19147186655702,1.4089193313369819,2540.926933288574,0.3670082092285156
4044,24155.918403773692,-0.23679130136966706,94.0,2.5,81.51213510792977,1.23195132916455,2695.64151763916,0.08620262145996094
4045,24604.38046518198,-0.2608917135000229,100.0,2.4999999999999996,94.64121435142594,2.0758218765146053,2387.9306316375732,0.3743114471435547
4046,23483.091974334802,-0.2544319525361061,100.0,2.5,90.44117647058823,1.4612185945744471,2531.9528579711914,0.4004039764404297
4047,24872.590266168478,-0.1977185356616974,99.0,2.4999999999999996,90.83427282976325,2.1338263954824845,2430.751085281372,0.21634674072265625
4048,26831.923588734615,-0.21835204020142554,100.0,2.5,93.50605272089602,1.630809582490136,2424.0829944610596,0.3200855255126953
4049,24020.960832276298,-0.18730975046753884,98.0,2.4999999999999996,92.33606085052438,2.2524407252440724,2427.10018157959,0.1604785919189453
4050,19876.330253335876,-0.1964976006746292,85.0,2.5,76.78530945363863,1.6806160026782726,2680.2310943603516,0.9540786743164062
4051,23578.769564434406,-0.1373639787733555,98.0,2.5,96.79575841401568,1.0557901136103782,2429.9631118774414,0.3153343200683594
4052,20815.263806066676,-0.2255423504114151,85.0,2.5,78.1738730450782,1.008916533541801,2477.5633811950684,0.11130142211914062
4053,27595.903342624148,-0.22431519284844398,100.0,2.4999999999999996,92.83402681460935,2.4111908706055587,2275.392532348633,0.9222202301025391
4054,24328.51469715636,-0.16230004891753197,95.0,2.5,92.54060324825986,1.6709608314274962,2659.3539714813232,0.10671615600585938
4055,27341.659732070224,-0.22447758615016938,98.0,2.5,93.15968289920725,2.5026555696926542,2534.886121749878,1.6280670166015625
4056,20325.004662975192,-0.1588794231414795,89.0,2.5,79.92965736328568,0.7729540038334879,2387.4008655548096,1.1413745880126953
4057,26775.765425749792,-0.2602410152554512,100.0,2.4999999999999996,90.80804712682004,2.2640561102099563,2656.879425048828,0.6387271881103516
4058,24374.716024992256,-0.21505742758512497,100.0,2.5,94.53387376954257,1.1373783373515494,2579.298496246338,0.023845672607421875
4059,24228.776719848116,-0.1915947249531746,100.0,2.5,90.83465999545143,2.318600126523353,2424.9985218048096,0.5569343566894531
4060,26012.704135161082,-0.22182274252176284,94.0,2.5,89.1267414203194,1.084314282896378,2666.4493083953857,0.18053627014160156
4061,14693.996986863729,-0.19423773378133774,64.0,2.4999999999999996,56.30097645031591,1.0108595194085028,2277.8890132904053,0.16841697692871094
4062,24275.77081635443,-0.1979878433048725,100.0,2.5,93.39990817263545,0.8474777871611575,2492.145538330078,0.7677326202392578
4063,25321.34679018946,-0.2541116887331009,99.0,2.5,96.04140598339211,1.3311805424346004,2515.080451965332,0.06778907775878906
4064,25830.052315743247,-0.2536711962521076,100.0,2.4999999999999996,93.25378614043139,1.3103675162680735,2492.0568466186523,0.6798763275146484
4065,25656.18061801502,-0.1480552586913109,100.0,2.4999999999999996,98.52385856505322,1.3894194313471724,2423.828125,0.26318359375
4066,24553.810520317485,-0.24272927463054658,95.0,2.4999999999999996,88.22007200720073,1.7340529551819954,2318.0394172668457,0.2382984161376953
4067,10145.921788691227,-0.25720714658498767,46.0,2.5,40.78668007598614,0.5991784918266051,2570.110321044922,0.3641643524169922
4068,27305.209286092053,-0.277776263654232,97.0,2.5,93.7947494033413,1.3991887105067702,2378.0879974365234,0.4139595031738281
4069,26250.362058735813,-0.2500207296013832,100.0,2.5,96.5723487462618,1.439246497993705,2571.18558883667,0.8134021759033203
4070,24902.970848991667,-0.20064471319317817,100.0,2.5,90.85019322573312,1.992989823390961,2319.852590560913,0.5081615447998047
4071,23722.237868008808,-0.18660240948200227,95.0,2.4999999999999996,87.91024782317481,1.2694652235762465,2470.3378677368164,0.6991157531738281
4072,27225.87337586102,-0.2347527624666691,100.0,2.4999999999999996,93.52034310884433,1.3898890146189808,2563.1370544433594,0.20786476135253906
4073,18486.87749127724,-0.21302532017230988,79.0,2.5,68.88712960868581,1.3991396875707494,2514.577627182007,0.192535400390625
4074,27532.31585372841,-0.14556324511766433,100.0,2.4999999999999996,95.38601065638817,1.845327100126612,2597.4714756011963,0.8215808868408203
4075,20570.44183897817,-0.2546828371286392,89.0,2.5,80.63031976075455,1.6414944799794602,2638.701915740967,0.173675537109375
4076,24786.4137550828,-0.20940695703029633,98.0,2.5,89.54037553277271,2.264815155211693,2429.931402206421,0.2590312957763672
4077,28411.458970828506,-0.19894131183624267,98.0,2.5,94.20125071063103,2.000137073928539,2472.5613594055176,0.25230979919433594
4078,21232.71029853312,-0.21248288691043854,89.0,2.5,79.3463458919655,1.350337584396099,2452.979326248169,0.298675537109375
4079,25139.852035702497,-0.25692826494574544,100.0,2.5,89.66670510898396,1.4692220348897223,2463.4416103363037,0.39638328552246094
4080,27146.061406218905,-0.1911534234881401,100.0,2.5,94.37536316095293,1.9640959356599166,2499.526023864746,0.5003013610839844
4081,24147.483120750425,-0.24348285734653474,95.0,2.5,82.98136645962732,0.8984945560773496,2506.169319152832,1.4154911041259766
4082,28123.66537688643,-0.2528098827600479,100.0,2.4999999999999996,95.18747142203932,1.581899097644988,2493.823289871216,0.6900749206542969
4083,25015.36974870613,-0.16292440593242646,100.0,2.5,91.38479001135073,0.9215332175851998,2461.6501331329346,0.04386329650878906
4084,24970.13839668758,-0.26157238334417343,100.0,2.5,94.01335482385448,1.4487529395609111,2552.7713298797607,0.5610942840576172
4085,26546.60209043581,-0.30166875928640363,99.0,2.5,92.55735870173474,2.2511748148685053,2591.5465354919434,0.4100055694580078
4086,27907.515854740966,-0.26324203416705133,100.0,2.5,92.4850365772556,1.575262543757293,2482.8505516052246,0.10583305358886719
4087,17785.242739804376,-0.2905188047885895,71.0,2.5,66.20020313734342,1.0177802136925915,2763.7338638305664,0.36532020568847656
4088,25944.990371123655,-0.2051778842508793,100.0,2.4999999999999996,90.88819947144663,2.3675046250952225,2424.9532222747803,0.24800872802734375
4089,27992.334241552206,-0.21203752845525742,99.0,2.5,93.0037419208527,1.0759196510897788,2475.553274154663,0.4145011901855469
4090,17811.030334953488,-0.2671981909871101,71.0,2.5,64.15985258551193,0.9297526331099513,2370.2521324157715,0.3316078186035156
4091,26344.10279876217,-0.21477416217327117,97.0,2.4999999999999996,89.90461049284578,1.4788028628699172,2453.174591064453,0.797454833984375
4092,26679.774017107262,-0.22609188228845598,98.0,2.4999999999999996,92.70644283121598,1.2900951321218264,2590.804100036621,0.07653045654296875
4093,25732.60008633347,-0.19773388788104057,99.0,2.4999999999999996,94.46378439079169,1.910431231397522,2578.2811641693115,0.5581760406494141
4094,26759.178332486237,-0.23348530605435372,100.0,2.4999999999999996,95.24398470879244,1.5255503419940706,2474.1051197052,0.31192970275878906
4095,19145.889904845055,-0.25956962391734123,81.0,2.5,74.93418793636259,1.5267131775829623,2456.122398376465,0.2872962951660156
4096,28542.34527060484,-0.21614036068320275,100.0,2.5,94.84687535314725,1.380214125553799,2466.782808303833,0.7447223663330078
4097,25088.34058502712,-0.31647538736462594,100.0,2.4999999999999996,87.08016121809226,1.2285706216284915,2525.524616241455,0.5315532684326172
4098,24106.86573242213,-0.20605742514133454,93.0,2.4999999999999996,90.28993746446845,1.874113007724195,2428.6835193634033,0.5599555969238281
4099,24381.79204555483,-0.20724961817264556,100.0,2.5,91.39723523363418,1.0011368645739078,2526.867628097534,1.6025238037109375
4100,21151.037377809873,-0.1725717741250992,89.0,2.4999999999999996,80.06148941015714,0.9890690813594585,2586.8706703186035,1.986185073852539
4101,26260.4986123055,-0.21450929045677186,98.0,2.5,97.1434947556349,2.499657971543232,2386.151075363159,0.9053611755371094
4102,25283.71243406212,-0.22318857938051223,92.0,2.4999999999999996,85.40319836679143,1.3326517511115339,2388.8702392578125,0.6390304565429688
4103,30057.573313054247,-0.24692918002605438,100.0,2.4999999999999996,97.66827475304389,1.3084250502473935,2506.8106651306152,0.7897605895996094
4104,20287.464727129176,-0.2509716799855232,87.0,2.5,76.25469820915322,1.2140011827585053,2446.7170238494873,0.2996349334716797
4105,19389.21295164061,-0.2321948865056038,79.0,2.4999999999999996,72.7942870306381,0.8168213075938325,2500.8041858673096,0.9073524475097656
4106,17855.963142189186,-0.21092900648713112,75.0,2.5,67.28961627778392,0.6817798409568187,2533.118486404419,0.6013355255126953
4107,12911.043711383274,-0.2586844830214977,53.0,2.5,51.77670793214122,0.523386320949196,2496.866226196289,0.3092155456542969
4108,24269.836832446792,-0.15190907388925554,100.0,2.4999999999999996,91.74560216508796,1.1578538868326702,2473.9553928375244,0.15958595275878906
4109,22953.340186754434,-0.26035389721393587,97.0,2.5,91.00269100269101,1.0965141408531254,2674.5166778564453,0.9937362670898438
4110,20357.193762031762,-0.17403074026107787,81.0,2.5,74.80096919349256,0.76599252259413,2291.2306785583496,0.7015285491943359
4111,19527.99045962449,-0.204032212048769,78.0,2.5,75.22798106891378,0.9851620415739535,2516.8051719665527,0.2390003204345703
4112,25004.84724389274,-0.27774497598409653,100.0,2.4999999999999996,93.79748270779001,1.6853932584269662,2471.0800647735596,0.23290443420410156
4113,19543.48983188067,-0.22625980883836747,81.0,2.5,73.11374515614315,1.4585764294049008,2453.2997608184814,0.6304340362548828
4114,27170.65689355677,-0.1585714054107666,99.0,2.5,95.75125973431058,2.407458216823019,2511.605739593506,0.39074134826660156
4115,22011.12511751123,-0.24091248616576194,90.0,2.4999999999999996,78.91952729319077,1.4081673707503521,2516.9005393981934,0.16394424438476562
4116,23023.971145361804,-0.19783590570092202,90.0,2.4999999999999996,77.08055184690699,1.3013562294561634,2394.3355083465576,0.44499778747558594
4117,20624.218340752144,-0.22040742188692092,91.0,2.5,80.40362343767916,0.8241993951223698,2445.634365081787,0.14887428283691406
4118,25216.786726530307,-0.2181780730187893,99.0,2.5,90.9992114453081,2.092172205527952,2515.6939029693604,0.7440147399902344
4119,19039.63586929222,-0.18034133017063142,78.0,2.5,77.16294364440412,1.7495778155579942,2494.943618774414,0.4328193664550781
4120,25824.91345280652,-0.2096905840933323,99.0,2.4999999999999996,94.35779816513762,0.7039667695555887,2458.3725929260254,0.30886077880859375
4121,23333.87625584377,-0.22227087140083313,91.0,2.5,79.08678982223772,1.5537956926423204,2490.5622005462646,0.682281494140625
4122,23721.366590804977,-0.25618345111608504,100.0,2.5,90.73114565342544,1.6942534094882853,2339.1988277435303,0.6792964935302734
4123,27175.609040869735,-0.2265936890244484,100.0,2.5,94.09966024915062,1.4527524624873425,2486.426591873169,0.3464698791503906
4124,23289.02831165445,-0.27804446026682855,100.0,2.4999999999999996,87.20200752823087,1.456271761040865,2523.137331008911,1.156930923461914
4125,22508.2572286265,-0.16483921810984611,92.0,2.5,79.40846963925611,2.1172705264453655,2429.217576980591,0.6043910980224609
4126,24840.12903694874,-0.23108918979763984,96.0,2.4999999999999996,88.56855514582634,1.7393626788188357,2400.500774383545,0.1291961669921875
4127,26477.76632174811,-0.22620037317276,100.0,2.4999999999999996,96.00963192294462,1.4688288126358595,2426.8558025360107,0.2732887268066406
4128,23670.994684815254,-0.2775143711268902,100.0,2.5,92.8196945520857,1.7074571986671263,2442.3575401306152,0.07147979736328125
4129,27687.6923617814,-0.2497168418765068,98.0,2.5,93.73350166417997,1.523187656486909,2408.1215858459473,0.1957569122314453
4130,27111.025619314023,-0.2089243958890438,99.0,2.5,92.19209039548024,1.8652002675187636,2526.942014694214,0.19573593139648438
4131,26794.861973649116,-0.2544839844107628,97.0,2.5,92.7309326772534,1.6619202030170592,2460.1402282714844,0.21354103088378906
4132,24868.59765064525,-0.2085546851158142,100.0,2.5,88.30814680149983,1.472338649171598,2448.8861560821533,0.3646697998046875
4133,24696.055804426494,-0.2002300015091896,97.0,2.5,93.03848363009764,1.6688613132169798,2604.205846786499,0.4726581573486328
4134,22231.599464761286,-0.20359342753887177,93.0,2.4999999999999996,81.5786484951732,0.6776374051363683,2625.5133152008057,0.42173004150390625
4135,23513.438347493626,-0.1975291207432747,92.0,2.5,85.56203724478348,1.3743379819144754,2425.217390060425,0.051639556884765625
4136,24773.419061896653,-0.1759832537174225,100.0,2.4999999999999996,94.63888563736393,1.1837199846523,2428.774833679199,0.1354827880859375
4137,27827.83471476931,-0.23940155670046806,100.0,2.5,90.81507839430668,2.06248281751765,2536.78297996521,0.5449562072753906
4138,25275.315127290112,-0.2608816449344158,94.0,2.5,87.54903059509134,2.0022784547933856,2514.353036880493,0.5509700775146484
4139,23233.554258293498,-0.2862810415029526,97.0,2.5,89.69095677956437,2.250080907526955,2689.1212463378906,0.3652381896972656
4140,23915.6296008861,-0.20006383776664735,93.0,2.5,88.28229027962716,1.6858592070593943,2354.4178009033203,0.23184585571289062
4141,23294.054103477993,-0.21459359049797058,97.0,2.5,84.8736664795059,1.4293814293814293,2364.537477493286,0.6778640747070312
4142,24571.12172728367,-0.2483597218990326,100.0,2.5,90.15994436717664,1.5817632007443592,2601.05299949646,0.2535533905029297
4143,28453.401520828247,-0.22549867764115333,100.0,2.5,97.55316716213126,1.7080208386478688,2572.5512504577637,0.07831954956054688
4144,23797.7249337246,-0.20853438273072242,91.0,2.5,85.9375,1.969531740524107,2542.2098636627197,0.7952671051025391
4145,21046.08760656611,-0.16816440373659133,84.0,2.5,76.1605741197578,0.9071490300734307,2450.5019187927246,0.2948780059814453
4146,25299.975926779694,-0.20785959973931312,100.0,2.4999999999999996,91.00236779794791,1.845022524511969,2514.838695526123,0.2207508087158203
4147,27652.036434389433,-0.23181857496500016,99.0,2.5,98.38293093767547,1.2772901841835147,2268.6753273010254,0.11495399475097656
4148,27774.613631664917,-0.21962671339511872,100.0,2.4999999999999996,97.35767747788614,2.340949885434282,2462.44215965271,0.6085643768310547
4149,24863.978201066726,-0.26654414385557174,100.0,2.4999999999999996,91.0151824155903,1.4165645744893016,2491.3289546966553,0.24739456176757812
4150,26404.50147055957,-0.24363071158528327,100.0,2.5,92.3050732039496,1.1040134134677828,2393.6758041381836,0.6251373291015625
4151,25681.60437059464,-0.23394330501556396,99.0,2.5,97.91884664573887,1.689604113818712,2562.731981277466,0.35401153564453125
4152,26912.546135544322,-0.23681915283203125,98.0,2.4999999999999996,88.6565486228218,1.4087104236748287,2462.156295776367,0.280181884765625
4153,26685.156504853752,-0.24413008794188498,99.0,2.5,92.34364567104384,1.5077388099376954,2446.9003677368164,0.10275077819824219
4154,24488.284042058327,-0.21143522918224333,98.0,2.5,87.96013138520784,1.1538297099125676,2516.343832015991,0.4241466522216797
4155,23805.331482717844,-0.2578329236805439,87.0,2.5,83.99816070812737,0.9048827340228203,2467.653512954712,0.06336593627929688
4156,20971.64510364356,-0.2315586483478546,86.0,2.4999999999999996,81.99839578320156,1.8440696068074434,2474.4763374328613,0.04654884338378906
4157,27231.52504356864,-0.12765465661883355,100.0,2.5,91.89127455459113,1.4868950167218324,2523.524761199951,0.88427734375
4158,29037.127208595088,-0.23474492594599725,100.0,2.5,96.71734623358674,1.4455278625780288,2469.726800918579,0.0067501068115234375
4159,23593.36732247749,-0.25289072006940844,100.0,2.4999999999999996,87.38242716219317,1.2521809379014748,2559.5545768737793,0.08972740173339844
4160,18753.407552845227,-0.21816107571125032,80.0,2.4999999999999996,71.43175735950045,1.727633841228434,2447.504997253418,0.6982402801513672
4161,27869.66819714289,-0.20348249316215516,100.0,2.5,91.61545215100966,1.6960392495173036,2575.4499435424805,0.2568378448486328
4162,25920.526990097544,-0.29401180997490883,98.0,2.4999999999999996,95.64327152769879,0.9971493793369751,2585.7319831848145,0.5717754364013672
4163,20679.184783284538,-0.2532617875933647,82.0,2.4999999999999996,72.12591240875912,1.6199805106656227,2410.580635070801,0.7198028564453125
4164,23492.16447642936,-0.15745269551873206,90.0,2.5,81.357476369434,1.0661017532981985,2398.181676864624,0.056201934814453125
4165,23254.64895677441,-0.22336419731378554,100.0,2.4999999999999996,89.24425221944003,1.0318256797130037,2501.2192726135254,0.31533050537109375
4166,24769.72144360499,-0.17776645109057426,96.0,2.4999999999999996,89.6887159533074,2.2628786203847002,2491.2962913513184,0.2663002014160156
4167,26299.56884405861,-0.277551648914814,100.0,2.4999999999999996,93.33486291155214,1.2078175005409837,2465.655565261841,0.23160934448242188
4168,23061.211527363404,-0.21104437232017517,99.0,2.4999999999999996,86.801400022581,1.1104299048284794,2425.6575107574463,0.016931533813476562
4169,14125.645531412743,-0.19435134783387184,66.0,2.4999999999999996,56.643980809996656,1.1872419499686526,2526.83687210083,0.42233848571777344
4170,25510.089248171906,-0.24217238739132882,96.0,2.5,89.48723690103002,1.4657113386053837,2470.0260162353516,0.10946083068847656
4171,17998.669869513473,-0.21897910729050638,68.0,2.5,69.9224098585121,1.2626163121246066,2455.632209777832,0.5296878814697266
4172,24549.471088596903,-0.20037780687212944,100.0,2.4999999999999996,89.70621726258256,1.0967648338894531,2516.6304111480713,0.8252887725830078
4173,23836.119842670378,-0.19570644348859786,99.0,2.5,88.55641845591595,1.2416236162361622,2382.9946517944336,0.04102897644042969
4174,25946.87932588885,-0.21273792743682862,99.0,2.4999999999999996,89.67440801457195,1.7398117247401348,2379.9827098846436,1.3135852813720703
4175,25511.197199721108,-0.2537682744860649,92.0,2.5,93.0744411154644,3.074866310160428,2542.844533920288,0.9139881134033203
4176,24335.92429141826,-0.1590520453453064,95.0,2.4999999999999996,89.75141242937853,1.2181406149455838,2560.657262802124,0.46251487731933594
4177,27010.650092742624,-0.16771165549755096,99.0,2.5,87.73767505408175,1.705316304976272,2260.8823776245117,0.45516395568847656
4178,24059.5354612996,-0.27659686461091043,96.0,2.5,88.56400993452247,1.8768760265050688,2563.847541809082,0.5591163635253906
4179,25995.903230561693,-0.18383457750082016,97.0,2.5,92.7007299270073,2.502325581395349,2400.423526763916,1.0248165130615234
4180,24067.336981934008,-0.1766800767183304,96.0,2.5,89.82604715037766,1.1865355932955195,2524.2462158203125,0.6753654479980469
4181,25702.611493311553,-0.24027836680412293,95.0,2.4999999999999996,92.69866425175458,0.8115597783056215,2510.812997817993,1.1176528930664062
4182,24169.146866004397,-0.2669236259162426,100.0,2.5,89.98871331828443,0.9193394546018686,2523.9977836608887,0.49532508850097656
4183,26312.364129826918,-0.26937802717089654,97.0,2.5,87.41527338454587,0.8713191684750821,2425.5709648132324,0.1969757080078125
4184,16454.82991201779,-0.20935430631041527,74.0,2.5,63.91454322910871,1.328568918048152,2405.7061672210693,0.3319892883300781
4185,19174.47434873027,-0.21416680574417113,70.0,2.5,72.186272244049,1.1168215618614443,2492.2585487365723,0.9315624237060547
4186,26403.509791618933,-0.1290537440776825,100.0,2.5,94.6179775280899,2.0914020139426803,2464.2937183380127,0.01308441162109375
4187,23624.14858444329,-0.24361959218978882,98.0,2.5,86.68695750197271,1.6756819347261511,2479.9962043762207,0.8021450042724609
4188,21901.56157749206,-0.253681795746088,93.0,2.4999999999999996,87.4206835133029,1.8772865640796492,2517.9452896118164,1.3781414031982422
4189,22134.714019478328,-0.1775294615328312,94.0,2.5,83.94721744119335,1.341799166386634,2466.4344787597656,0.8294925689697266
4190,21770.77105688146,-0.21223112419247628,91.0,2.5,83.062536528346,0.9903476143483617,2621.6442584991455,0.8323154449462891
4191,27405.78348788512,-0.26285588696599005,100.0,2.4999999999999996,88.8663511381564,1.6882793581822708,2431.9353103637695,0.33749961853027344
4192,26757.05752823964,-0.20303613811731339,100.0,2.5,91.73129562043796,1.4134236568883682,2472.6669788360596,0.00963592529296875
4193,27454.12278350106,-0.30147440150380134,98.0,2.5,87.71377137713772,0.909668956114774,2719.8009490966797,0.3483695983886719
4194,16057.14816815791,-0.24385408192873,74.0,2.5,65.82943258362826,1.0981893794349409,2386.0721588134766,0.098785400390625
4195,24764.574534374897,-0.23705183297395707,98.0,2.5,88.6794595208357,1.1266679453105735,2431.516170501709,0.3852558135986328
4196,24856.875706861676,-0.202138509452343,100.0,2.4999999999999996,93.11449159327462,1.6084153767275198,2396.0659503936768,0.4303703308105469
4197,25512.716508156493,-0.247934949696064,99.0,2.4999999999999996,92.23105339751483,0.9539605241489637,2444.8585510253906,0.3410930633544922
4198,21020.783282706743,-0.2137934710085392,86.0,2.5,74.27762039660057,1.0027405905417488,2475.4538536071777,0.04039573669433594
4199,26505.65416505242,-0.24019837960600854,100.0,2.5,92.67782426778243,1.2097357682400949,2413.5591983795166,0.3306999206542969
4200,25042.52613128643,-0.25848083809018135,100.0,2.5,85.71914700544465,0.2669267491401879,2368.128538131714,0.6306190490722656
4201,26287.394518619265,-0.24182024583220482,100.0,2.5,94.97400346620451,0.9244148225922417,2383.662700653076,0.2502765655517578
4202,23787.99050923709,-0.23728842467069625,96.0,2.4999999999999996,88.08266360505166,1.7373398229447217,2483.586072921753,0.40428733825683594
4203,27567.95770739669,-0.23454488068819046,100.0,2.5,94.91234101065659,2.2516637978885043,2500.6158351898193,0.10273361206054688
4204,23149.008544817312,-0.2005945985019207,95.0,2.5,88.23529411764706,1.8596512873430429,2557.8866004943848,0.1793842315673828
4205,23217.89355373876,-0.25832556918263433,98.0,2.5,90.98853705595279,1.831711830349541,2506.8490505218506,0.8076019287109375
4206,27193.38430937643,-0.2165613967180252,100.0,2.4999999999999996,92.65459514861632,1.35410838518619,2627.2993087768555,0.22883033752441406
4207,21659.384185268984,-0.19443404033780098,87.0,2.4999999999999996,79.80261647922883,1.9312633378398008,2363.4259700775146,0.16983985900878906
4208,26314.84141353996,-0.2173922225832939,99.0,2.5,92.9555024467964,0.8245153544650949,2410.1126194000244,0.1718578338623047
4209,24594.46548686147,-0.20346472442150115,94.0,2.5,86.95404913557779,1.1359968287227116,2425.51589012146,0.4607086181640625
4210,25580.32377220225,-0.24675594463944436,93.0,2.5,90.11114930674917,1.2147460803583672,2374.880313873291,0.7040672302246094
4211,20582.161082204664,-0.23081103324890137,81.0,2.5,75.21367521367522,1.4054809779828819,2439.6188259124756,0.48609352111816406
4212,24728.19147861399,-0.19068425625562668,100.0,2.5,90.88520845231297,1.1813994948744613,2622.2140789031982,0.8296298980712891
4213,21899.213724709385,-0.20271644726395607,84.0,2.5,73.67057232987833,1.6878869947295674,2535.911798477173,0.08121871948242188
4214,22377.166319012365,-0.23440188944339752,94.0,2.5,79.98460354118552,1.6336097032197578,2390.695810317993,0.3755455017089844
4215,27253.031491220267,-0.2113276694715023,100.0,2.5,96.2122076440388,2.3696306863211283,2548.922061920166,0.5075416564941406
4216,24070.19984392193,-0.24688635230064393,92.0,2.5,85.9921304103429,1.307861285385949,2363.583564758301,0.3049182891845703
4217,26791.02191277055,-0.22020110070705415,100.0,2.4999999999999996,95.52003601981089,1.0715686823964579,2534.80863571167,0.4742584228515625
4218,26482.454741835714,-0.21854630053043367,100.0,2.4999999999999996,98.7201660325147,1.799927083041198,2590.6267166137695,0.06738090515136719
4219,24124.428226169708,-0.2007097189128399,100.0,2.5,85.96881959910914,1.0121071805915602,2733.6809635162354,0.3424243927001953
4220,26407.46944108623,-0.20906539320945738,99.0,2.4999999999999996,98.47206385404789,1.036551803066057,2306.5872192382812,1.4194469451904297
4221,21230.840655050903,-0.23108872145414353,79.0,2.5,75.21836506159015,1.186273874277363,2582.68666267395,1.2903480529785156
4222,22097.40213983625,-0.2909897315502167,84.0,2.5,76.935951796474,1.0748193706335463,2457.4360847473145,1.005239486694336
4223,25752.830975775447,-0.20140378087759017,100.0,2.4999999999999996,92.2263109475621,1.36142067483242,2367.216110229492,0.28470611572265625
4224,17633.97028523089,-0.25832893550395963,69.0,2.5,63.19743674732074,1.2710492687775097,2465.528726577759,0.2892951965332031
4225,28132.578183680573,-0.24669987082481384,99.0,2.4999999999999996,98.730639338535,1.2132399957742328,2432.5923919677734,0.2692298889160156
4226,25131.589224477935,-0.19488410577178,97.0,2.4999999999999996,88.31765232974911,1.703836623088097,2452.4922370910645,0.058994293212890625
4227,27462.769393022234,-0.19717369884252547,100.0,2.5,94.5674503538005,1.2898117191624143,2658.494472503662,0.9466476440429688
4228,26033.79259039788,-0.19205743402242662,100.0,2.5,90.12177079776943,1.1246398900762653,2447.3273754119873,0.2945556640625
4229,24492.621894543914,-0.24936050131917,91.0,2.5,87.11802794501874,1.5119560374275955,2491.715669631958,0.31000328063964844
4230,24222.150502009525,-0.15867275819182397,99.0,2.5,90.80472965216393,1.3060383304276975,2506.4451694488525,0.7067279815673828
4231,22872.150964583954,-0.23158557951450348,91.0,2.4999999999999996,78.62621249718023,1.2552581029494005,2353.581190109253,0.41809844970703125
4232,27002.993378881823,-0.2709540693461895,100.0,2.5,95.00287852619459,2.0264141760502623,2463.9837741851807,0.6516017913818359
4233,25934.443372243168,-0.09342124968767167,98.0,2.5,92.70282693633648,1.99985215764544,2584.99813079834,0.29465484619140625
4234,21769.043082246135,-0.20882642328739165,88.0,2.5,83.49224583572659,1.5221611219574958,2536.0429286956787,0.36617088317871094
4235,22908.430493791726,-0.22750879362225532,100.0,2.5,90.16186430949375,1.3310762651461154,2450.9782791137695,0.13079833984375
4236,23595.22779523229,-0.19557614222168923,89.0,2.5,80.92912312585189,2.3181539490552368,2444.0202713012695,0.010438919067382812
4237,26175.42112708016,-0.15962539210915566,100.0,2.5,92.52030685920577,1.3115259076718935,2576.9288539886475,0.07110214233398438
4238,28436.374336742505,-0.2544055464863777,99.0,2.5,91.67612991142403,1.9953912824157933,2276.287317276001,0.5052604675292969
4239,17213.984679021934,-0.2585101515054703,84.0,2.5,75.29707495429616,1.751361826058056,2474.864959716797,0.01686859130859375
4240,18120.915277343764,-0.2751748365163803,81.0,2.4999999999999996,74.46059504883034,0.8505053308355883,2478.929281234741,0.13710594177246094
4241,23441.023988678782,-0.1888337741792202,100.0,2.4999999999999996,87.51685393258427,1.8583854601648742,2425.1880645751953,0.23102188110351562
4242,25389.533553277022,-0.16716892421245574,97.0,2.5,90.91012514220705,2.1792534136946466,2395.6756591796875,0.12392425537109375
4243,24698.56699386932,-0.2730572585761547,100.0,2.5,92.6338772695932,1.4300335968265168,2401.5281200408936,0.30634498596191406
4244,24848.916131793867,-0.23256577610969542,100.0,2.5,94.43166129774505,1.1799862514842148,2277.606248855591,0.5963497161865234
4245,24348.86270279868,-0.234770647585392,98.0,2.4999999999999996,89.06466512702079,2.9031556288357607,2406.947374343872,0.786529541015625
4246,25095.759810593692,-0.27995265811681747,100.0,2.4999999999999996,91.47473358542454,1.8380553591821198,2374.9451637268066,0.18123435974121094
4247,26217.28324623341,-0.2155158333480358,100.0,2.4999999999999996,92.68572740842806,2.2036469747083407,2514.529228210449,0.20623779296875
4248,22357.606108741642,-0.17601536870002746,100.0,2.5,85.82703799751945,1.6905608441335016,2533.704996109009,0.10778045654296875
4249,26620.08173193614,-0.1614572960138321,97.0,2.5,90.79865016872891,1.5049190553145644,2612.522602081299,0.7459850311279297
4250,24027.021794623077,-0.2049067422747612,99.0,2.5,91.9889502762431,1.6173590711987689,2327.7428150177,0.06274795532226562
4251,25563.839471937586,-0.22777753338217735,100.0,2.4999999999999996,93.68025506718287,2.1310021839648186,2375.3767013549805,0.39359474182128906
4252,25008.57241936285,-0.1971745663881302,99.0,2.5,89.50526434959811,1.6689556857495524,2615.9751415252686,0.7473316192626953
4253,21731.527216139213,-0.2506519354879856,90.0,2.4999999999999996,76.87120701281187,1.613040204276906,2359.7986698150635,1.4454917907714844
4254,22257.40753441926,-0.1834707309305668,97.0,2.5,82.2809205305521,1.9684860335830654,2599.4772911071777,0.4396991729736328
4255,25431.60994482152,-0.2709756051003933,98.0,2.5,91.09888876417106,1.0455657318391263,2445.2812671661377,0.302032470703125
4256,23032.291320599295,-0.19068219602108002,95.0,2.5,84.85323773246695,1.6264663546990368,2465.162754058838,0.6896724700927734
4257,26691.057948316873,-0.18873428761959077,100.0,2.5,93.83934649421374,1.4609927395245101,2641.4716243743896,0.95477294921875
4258,25169.652701973104,-0.25592596545815466,100.0,2.5,90.37890892490299,1.528156893697723,2580.5370807647705,0.8092403411865234
4259,25970.940324498326,-0.24978579849004745,99.0,2.4999999999999996,90.8423667570009,1.257700934048775,2560.352087020874,0.09162712097167969
4260,25820.702336966504,-0.28414354383945467,100.0,2.5,90.86138049058756,1.1133056968639115,2464.4854068756104,0.016241073608398438
4261,23354.256761247103,-0.28038785502314567,100.0,2.5,87.43557439010424,0.7674180043804929,2540.045738220215,0.029676437377929688
4262,29100.79302707539,-0.22960059136152267,100.0,2.4999999999999996,95.02257336343115,1.483467381590706,2547.729253768921,0.6778964996337891
4263,25499.134313960905,-0.24964648753404617,99.0,2.4999999999999996,92.58378623188406,2.0774646019342278,2483.123540878296,0.7611579895019531
4264,24299.878829304223,-0.2111149761080742,100.0,2.5,88.87862339762097,1.8539341714931485,2572.301149368286,0.4451923370361328
4265,22250.238617322226,-0.26391429305076597,95.0,2.5,88.11610700056916,1.5633245382585752,2544.018268585205,0.19885635375976562
4266,24460.420358201394,-0.26363947078585626,100.0,2.5,90.13363028953229,2.536065093533094,2262.799024581909,0.0020885467529296875
4267,25978.36085281443,-0.16827993273735045,100.0,2.5,94.41063781834573,1.441384112957449,2523.1544971466064,0.7085189819335938
4268,24348.501232394585,-0.2520435753464699,99.0,2.4999999999999996,97.65139304628137,1.5428564467400838,2456.502914428711,0.138153076171875
4269,19909.439906997188,-0.18781778678297997,77.0,2.5,74.15356364053713,0.6541766445978306,2412.6741886138916,0.4254722595214844
4270,26598.859245642056,-0.21464596480131148,100.0,2.5,88.53429267726587,1.1091466222477415,2609.1041564941406,0.2671356201171875
4271,25997.827261315575,-0.23284620106220244,100.0,2.4999999999999996,98.2609697109294,1.934434597828732,2413.297176361084,0.2606639862060547
4272,24739.93353309125,-0.22155944555997847,100.0,2.5,92.07898059924233,1.5723049133795468,2427.0098209381104,0.09090995788574219
4273,27709.715465779263,-0.22446604639291765,99.0,2.5,97.72727272727273,2.114503106312679,2401.442766189575,0.5156822204589844
4274,24275.323789040318,-0.22571454733610152,100.0,2.5,88.7145578841197,1.853304569523436,2308.0527782440186,0.06675529479980469
4275,24285.149598370157,-0.31545156598091123,92.0,2.5,88.75946418171229,2.278490977693056,2422.7044582366943,0.5774059295654297
4276,24060.951716866777,-0.16497339352965354,100.0,2.4999999999999996,91.09284001370332,1.463139495272719,2479.8803329467773,0.1898021697998047
4277,21600.985905966692,-0.23981691226363183,91.0,2.4999999999999996,79.79594124901895,0.786251243795402,2545.717477798462,0.08046722412109375
4278,18957.42946700093,-0.20435984641313554,76.0,2.5,69.21608265947889,0.2404418554677291,2374.0134239196777,0.2761383056640625
4279,24194.965840347548,-0.24625818103551864,97.0,2.5,88.12225052095393,1.1854613016119702,2460.685968399048,0.13108062744140625
4280,25883.248369564037,-0.1786452841758728,99.0,2.4999999999999996,96.23421354764639,2.125514100225468,2430.349349975586,0.03751182556152344
4281,26705.480667184645,-0.21000096023082734,100.0,2.5,94.51212569736992,1.4689989415631441,2443.9566135406494,0.019556045532226562
4282,26619.688507307084,-0.27848302632570265,94.0,2.4999999999999996,96.0358927760109,1.7229931426212037,2407.071828842163,1.1637001037597656
4283,26331.669475867013,-0.19785093098878861,100.0,2.4999999999999996,90.53354344889689,2.879245391539413,2312.174081802368,0.8018550872802734
4284,24700.4106838154,-0.26764680102467536,100.0,2.4999999999999996,93.12592931488048,1.8334633661961843,2416.1951541900635,0.33059120178222656
4285,25269.45966655991,-0.18562416970729828,100.0,2.5,88.81631717657842,1.8821948761794254,2526.3149738311768,0.13840675354003906
4286,16420.955129242673,-0.26214265555143357,76.0,2.4999999999999996,64.36729616645934,1.530498989403339,2470.0794219970703,1.1708106994628906
4287,18058.939067928717,-0.15487677812576295,75.0,2.5,68.65756541524459,0.9000240397300515,2507.4145793914795,0.4820709228515625
4288,24398.95238997507,-0.23169820353388787,95.0,2.5,88.78071395456652,1.0003899134624898,2505.178689956665,0.2845783233642578
4289,26951.043705787473,-0.24200170814990998,98.0,2.5,99.0113806184619,2.1467219052793625,2558.4661960601807,0.2741413116455078
4290,24899.078428965586,-0.25309382572770117,100.0,2.5,88.83683729433272,1.6281826971775863,2456.3472270965576,0.5141181945800781
4291,16965.172520415552,-0.24135646402835845,67.0,2.4999999999999996,59.97474747474747,0.9990466240787362,2498.4843730926514,0.1913166046142578
4292,24510.817820243057,-0.14742986232042313,97.0,2.4999999999999996,89.44626882572754,1.2780450519311182,2410.259962081909,0.017644882202148438
4293,25783.867204457183,-0.20048845395445825,99.0,2.5,90.17758046614873,1.4229297860268633,2430.3317070007324,0.20794677734375
4294,23367.220295086918,-0.1499793854355812,97.0,2.5,93.94217530977512,2.587297393025204,2761.1024379730225,0.12823867797851562
4295,24973.278161009614,-0.2697289949655533,100.0,2.4999999999999996,89.63297571993223,1.546205368672984,2568.0580139160156,0.13283920288085938
4296,25952.324021716217,-0.188318482786417,97.0,2.5,89.40866979297724,1.496925071012934,2442.415952682495,1.0154571533203125
4297,29999.81669356676,-0.2294535991549492,100.0,2.5,97.62521102982555,1.4968829018578693,2621.152400970459,0.25264930725097656
4298,26991.380087797912,-0.24853230640292168,99.0,2.4999999999999996,93.3303136677613,0.9942802779808105,2446.97904586792,0.22376060485839844
4299,25436.025934440673,-0.20628135189414024,100.0,2.4999999999999996,92.20055710306406,1.1856866009771543,2367.9592609405518,0.3256683349609375
4300,26440.300683465473,-0.2663760429620743,100.0,2.5,88.6846311943366,1.8436839881706801,2600.9397506713867,0.8767318725585938
4301,22936.252621462292,-0.1787052893638611,92.0,2.4999999999999996,83.00408719346049,1.1011691995480017,2455.6546211242676,0.9811954498291016
4302,24867.1929555524,-0.18119440734386444,96.0,2.5,89.53475145034695,1.2056911293195582,2630.735158920288,0.03326988220214844
4303,26009.485729364667,-0.2531354632973671,99.0,2.5,90.92245082523175,1.1999038670082123,2479.20823097229,0.43592071533203125
4304,22838.225035971107,-0.19931847721338272,94.0,2.5,86.13369467028004,1.3194000463939983,2427.359104156494,0.3476448059082031
4305,18623.430165429698,-0.25509637653827666,78.0,2.4999999999999996,76.82801235839341,1.9424547075994885,2465.9950733184814,0.5649509429931641
4306,23365.928393636572,-0.22188990354537963,98.0,2.5,86.30733944954129,1.4948881534804908,2543.4157848358154,0.0031337738037109375
4307,24210.12255250809,-0.2474434694647789,99.0,2.5,90.9400544959128,2.0397483777858567,2437.540292739868,0.3983306884765625
4308,25931.06140881833,-0.16727615252137185,100.0,2.4999999999999996,89.45872185581078,1.6863705183133075,2371.4730739593506,0.9179916381835938
4309,22512.495713597724,-0.18644063785672188,93.0,2.5,80.60223299875945,0.9510025729748912,2538.816213607788,0.10626220703125
4310,22687.736127559903,-0.2052086405456066,98.0,2.4999999999999996,83.5320840431573,1.501719440846769,2428.436040878296,0.04766654968261719
4311,17055.786953680385,-0.23670957267284393,73.0,2.5,68.39277549154093,1.2564523697794463,2514.8677825927734,1.4915618896484375
4312,25147.922890589765,-0.2390611456334591,97.0,2.5,95.71622846781504,1.4095880553068298,2570.0247287750244,0.40448951721191406
4313,21606.482399004133,-0.20106636509299278,90.0,2.5,78.7300524495034,0.9834901680080542,2393.383502960205,0.16876792907714844
4314,28788.550440879237,-0.299005027115345,99.0,2.4999999999999996,96.06149012567326,1.4533384539419543,2394.860029220581,0.3786602020263672
4315,26148.880142402508,-0.23746402099728584,100.0,2.5,93.04041780199819,1.190744793664403,2417.084217071533,0.7987346649169922
4316,26674.378335523645,-0.178840524405241,100.0,2.4999999999999996,94.35124957206436,1.1663271203161576,2461.4503383636475,0.22283935546875
4317,22101.289124497136,-0.13672720342874528,88.0,2.4999999999999996,83.55629877369007,2.010782793807992,2442.265748977661,0.8562240600585938
4318,19431.50477633188,-0.26712977930903437,78.0,2.5,71.09668602664844,2.002691504054963,2512.565851211548,0.07971763610839844
4319,25645.947991701196,-0.2162961807847023,100.0,2.5,95.92964257526215,1.5222963151996627,2442.5904750823975,0.11872100830078125
4320,24851.689447930225,-0.19485599249601365,100.0,2.5,92.28581181021733,0.9112758424657921,2525.540828704834,0.7045364379882812
4321,12226.75767958481,-0.20536578223109245,51.0,2.5,46.83904772753161,0.872736304927065,2634.1981887817383,0.267913818359375
4322,24004.44641133952,-0.2907834005355835,93.0,2.5,87.08281125412917,0.9569160482322056,2309.852123260498,0.2891693115234375
4323,26472.125839206405,-0.15379861429333685,100.0,2.5,92.45367269479794,1.3675300433662103,2569.521427154541,0.32047462463378906
4324,23324.168321983143,-0.2616002480685711,94.0,2.5,86.25708254638373,2.0117888996454165,2351.827621459961,0.9968967437744141
4325,24469.04573960573,-0.2394313707947731,100.0,2.5,92.79703803433188,0.9613020053206948,2346.3082313537598,0.6146507263183594
4326,27230.568974680038,-0.29936633348464964,98.0,2.4999999999999996,97.13090951330004,2.0724400260317317,2635.0345611572266,0.035308837890625
4327,17627.054781164486,-0.19309229880571366,79.0,2.4999999999999996,71.03924007689699,1.103307011469505,2594.064474105835,0.4636573791503906
4328,26672.926485804415,-0.21581686213612555,100.0,2.4999999999999996,91.90481612205397,1.27136006094218,2514.888286590576,0.11513710021972656
4329,24452.350614299932,-0.25419597312808034,96.0,2.4999999999999996,87.57139593328765,1.4310401843337637,2491.3032054901123,0.23410415649414062
4330,23111.501594555783,-0.12042167201638222,92.0,2.5,81.93128638283301,1.312048253106238,2609.3358993530273,0.2344951629638672
4331,11455.37509572548,-0.213361653983593,59.0,2.5,52.785326086956516,1.1924868212293362,2425.884008407593,0.4594612121582031
4332,26920.232870382235,-0.17988612949848176,99.0,2.4999999999999996,92.78978840846366,0.8058979120940964,2414.8008823394775,0.14955520629882812
4333,26314.472129223905,-0.212290503680706,100.0,2.5,90.9917165209388,1.2096366028950298,2588.069200515747,1.3417606353759766
4334,24376.816115445887,-0.17464352786540985,97.0,2.5,87.60911461285569,1.4522953675887498,2490.5741214752197,0.009857177734375
4335,28360.275981844057,-0.154269572943449,100.0,2.4999999999999996,97.14548802946594,1.6242257398485889,2444.3013668060303,0.5266876220703125
4336,25668.484810961585,-0.25867722630500795,100.0,2.5,94.39990967596252,1.5810145304874332,2550.7099628448486,0.5986766815185547
4337,20156.84826409445,-0.2307211412489414,87.0,2.4999999999999996,78.24501424501425,1.0743953396502512,2365.931272506714,0.10552406311035156
4338,22056.91700965059,-0.2613490475714207,90.0,2.5,81.37166138524219,1.145823188023856,2453.505516052246,0.11681938171386719
4339,25733.447626532074,-0.2667357495427132,100.0,2.5,93.26637753937457,1.9951461946276445,2524.79887008667,1.5544490814208984
4340,25344.44162740622,-0.2324226027727127,100.0,2.5,92.38590149118842,2.4190270785804473,2514.7182941436768,0.214996337890625
4341,26713.799573177104,-0.14346253186464308,100.0,2.4999999999999996,98.59154929577466,2.3098924151845335,2356.1859130859375,0.40601348876953125
4342,24821.22589959402,-0.2392215272784233,100.0,2.4999999999999996,94.38162544169612,1.006932605977952,2347.5072383880615,0.8580265045166016
4343,26745.31360129033,-0.22607993304729462,100.0,2.5,94.12778671569754,1.7502246794762408,2285.03680229187,0.42975425720214844
4344,25416.918822497475,-0.17375425338745118,97.0,2.4999999999999996,91.45019200361418,1.0489471326164874,2347.5728034973145,0.8288555145263672
4345,27516.482074496336,-0.20186536729335786,100.0,2.4999999999999996,98.0246913580247,1.0622005698203274,2632.941246032715,0.28202056884765625
4346,22308.200370228908,-0.2683537155389786,99.0,2.4999999999999996,91.71937895342151,1.1695665965670783,2444.4589614868164,0.49687767028808594
4347,20934.69356263596,-0.21618184983730315,90.0,2.4999999999999996,81.36912146159919,1.0183275659174853,2344.84601020813,0.7928695678710938
4348,25104.89418589553,-0.2071079643070698,94.0,2.4999999999999996,85.31295651196764,0.4946274202018035,2445.7855224609375,0.32179832458496094
4349,23550.07869468367,-0.22752770721912385,93.0,2.5,84.81326864492836,1.3210586119783336,2553.1182289123535,0.6345806121826172
4350,26014.114486972096,-0.27741092681884766,100.0,2.4999999999999996,89.89774131924936,1.6805584555566218,2440.546989440918,0.4847602844238281
4351,24988.971416067943,-0.25836519330739977,97.0,2.5,85.80022701475596,1.766558904012435,2503.622055053711,0.32404136657714844
4352,24467.72980303653,-0.2397112436592579,95.0,2.5,88.27759388197694,1.8580322369730222,2467.388868331909,0.32382965087890625
4353,23387.661939603997,-0.24805939361453055,86.0,2.4999999999999996,80.99954975236379,1.1548614810088795,2331.07590675354,1.5204620361328125
4354,23454.959012415045,-0.22976546749472618,100.0,2.5,84.15102871354284,1.2453695114872023,2519.818067550659,0.12348556518554688
4355,21538.180889332543,-0.18573563650250435,95.0,2.5,84.92331980153361,1.5866992386689753,2480.379581451416,0.40439796447753906
4356,25897.02868582786,-0.16732409194111825,99.0,2.4999999999999996,95.05324630711097,2.020564808110065,2484.518527984619,0.1933155059814453
4357,21573.91561619386,-0.23717250943183898,90.0,2.5,81.01236295777935,1.7088476894130604,2473.522186279297,0.025373458862304688
4358,26767.599801864457,-0.2709550672769547,99.0,2.5,96.40573318632856,0.9557971660279833,2690.096378326416,0.44091033935546875
4359,25453.080437678604,-0.269763198196888,96.0,2.5,90.39917412250517,2.6488329399423027,2585.376501083374,0.13573646545410156
4360,25079.071527034946,-0.20000751957297325,100.0,2.5,90.07832898172323,1.6087731683677744,2404.4713973999023,0.4772205352783203
4361,22514.97650760039,-0.2026355804502964,85.0,2.5,78.49256421811627,1.6216427363686585,2428.934097290039,0.42760658264160156
4362,26892.144293059522,-0.23306783497333527,100.0,2.5,91.0265125764786,1.0816769234396737,2449.8038291931152,1.2771167755126953
4363,26991.23653463514,-0.20568497344851494,100.0,2.5,93.38387319090282,1.5094625636959387,2494.9347972869873,0.229339599609375
4364,21798.664986820928,-0.14376778706908225,94.0,2.5,79.43914623069936,1.554947689010462,2594.78497505188,0.9433574676513672
4365,24225.521334674137,-0.23743830114603043,100.0,2.5,88.20075975595718,1.8149012948418597,2606.1739921569824,0.7120647430419922
4366,26494.19370903407,-0.21169709980487825,100.0,2.5,93.83737836930992,1.5379156006570627,2243.388891220093,0.9791202545166016
4367,26022.11048344627,-0.09155591815710068,100.0,2.5,96.87750200160127,1.587772417421283,2481.8780422210693,0.341339111328125
4368,28557.195933096515,-0.26152360677719116,98.0,2.4999999999999996,94.54835766423358,2.4903706510071353,2457.7369689941406,0.14908218383789062
4369,25509.5318395977,-0.18973702669143677,95.0,2.5,90.14194702134793,2.06655962295972,2529.8495292663574,0.2995109558105469
4370,20996.82456475092,-0.2059631685912609,83.0,2.5,74.63189839271665,1.4624750176755166,2544.6979999542236,0.5146465301513672
4371,21598.754195873862,-0.2773394979536533,90.0,2.5,78.77353173261187,1.5342224827788364,2495.3465461730957,0.2254810333251953
4372,24897.20988668426,-0.19896345779299737,96.0,2.4999999999999996,91.93288899103655,1.8890096976486224,2531.1272144317627,0.2947845458984375
4373,25840.595260583974,-0.2309026974439621,100.0,2.4999999999999996,92.27415026833631,1.447986862223229,2481.1041355133057,0.45169639587402344
4374,26406.425544452217,-0.2047440928220749,94.0,2.5,89.5811818703385,1.838434759019803,2600.778579711914,0.28823280334472656
4375,26167.180622928514,-0.23979163616895677,100.0,2.4999999999999996,92.62516914749662,1.8426253695435553,2460.7744216918945,0.16565704345703125
4376,22655.161690477024,-0.19976220428943633,88.0,2.5,79.80725623582767,1.2853654243850927,2441.420316696167,0.27783775329589844
4377,22480.86581742349,-0.23199790596961975,92.0,2.5,85.04017200407378,2.214164345647871,2282.98020362854,0.1759357452392578
4378,26198.95273417035,-0.17524678468704225,100.0,2.5,90.9470594875268,1.6384568190840523,2600.315809249878,0.6688270568847656
4379,21049.520145494338,-0.22338666021823883,88.0,2.5,78.29474621549421,1.2742959428581295,2515.9354209899902,0.11981964111328125
4380,17715.59975901738,-0.24826467424631118,82.0,2.5,70.26540710751237,0.6077919635089699,2523.0870246887207,0.44879722595214844
4381,25268.580087683094,-0.17380272701382637,100.0,2.5,94.11427260211106,2.145898668701297,2400.5696773529053,0.3861980438232422
4382,27832.487666798803,-0.1721504633128643,99.0,2.4999999999999996,96.733987305251,1.5987429686267867,2284.566879272461,0.5356388092041016
4383,24432.86716255621,-0.2066075487434864,95.0,2.5,86.36829518278101,1.4375083189138826,2517.8937911987305,1.3086681365966797
4384,24256.002377545195,-0.19071766451001168,100.0,2.5,83.19165816615663,1.5852025349792396,2398.4243869781494,2.0690250396728516
4385,23856.063812022665,-0.26100722298026086,99.0,2.5,95.53124636331899,1.770952808267616,2468.5654640197754,0.7883510589599609
4386,21123.86409713685,-0.2662185253202915,92.0,2.5,81.81194234728895,1.8309961490954005,2546.22220993042,0.1274566650390625
4387,23306.91242785855,-0.289672092795372,100.0,2.5,87.99514509544301,1.778803257540023,2388.792037963867,0.7222251892089844
4388,27039.664430390352,-0.21858996883034706,100.0,2.5,94.16734174285384,1.1353127413967556,2227.6337146759033,1.3300819396972656
4389,27094.95939988168,-0.23411350056529046,100.0,2.5,92.7059364933272,1.2979810428664262,2529.592752456665,0.7857666015625
4390,21900.845990337624,-0.26324364840984343,85.0,2.5,80.17201834862385,1.331105415871654,2424.5734214782715,0.09584617614746094
4391,25038.60399874261,-0.24201730713248254,93.0,2.5,89.17311791764838,1.6072791914035347,2377.8467178344727,0.4694957733154297
4392,28193.851080667184,-0.22597324669361116,100.0,2.4999999999999996,95.92320722755505,1.6373767184048333,2532.2065353393555,0.6227207183837891
4393,22825.710878139198,-0.2535396853089333,92.0,2.5,83.11776718856365,1.320669016311441,2458.4665298461914,0.5796298980712891
4394,24610.4809074684,-0.2355557309091091,100.0,2.4999999999999996,89.65439603737477,1.4012745931469783,2497.7242946624756,0.2909126281738281
4395,22540.168976303834,-0.19902836233377458,95.0,2.5,88.24611845888441,1.8356519688752653,2485.86106300354,0.35655975341796875
4396,21631.636763719252,-0.25492696672677995,89.0,2.5,81.95704605489836,0.9922822491730982,2506.415605545044,0.9782791137695312
4397,23119.530150230727,-0.23596249237656594,90.0,2.5,86.79856531297003,1.2230911269456295,2426.6552925109863,0.10359954833984375
4398,26475.7433830044,-0.2976234158873558,98.0,2.5,93.23325635103926,1.7036785895914563,2519.026279449463,0.5211009979248047
4399,22479.976186812823,-0.2538298399746418,94.0,2.5,86.28052243043726,1.7295579894168058,2432.786464691162,0.08974456787109375
4400,24469.352767685737,-0.2349798008799553,91.0,2.5,88.10597519729426,2.7012227509432103,2457.037925720215,0.6164226531982422
4401,25063.95858462686,-0.17321716040372848,98.0,2.5,91.27431794635662,1.119159620212981,2478.465795516968,0.39279747009277344
4402,27989.415563510433,-0.17614486038684846,97.0,2.5,96.81728423742595,1.5153778485949974,2379.0836334228516,0.2009429931640625
4403,25522.01492253826,-0.23225926518440246,98.0,2.5,92.5115078028517,1.043626723096253,2340.5280113220215,0.5441093444824219
4404,20902.452449965083,-0.2442757661640644,90.0,2.5,80.76062639821029,1.4129819173347191,2456.195116043091,0.43502235412597656
4405,21977.527493078287,-0.2387222120165825,87.0,2.5,79.56829602558246,1.7868145409735057,2441.462516784668,1.1568546295166016
4406,24397.480196364366,-0.2680370220541954,96.0,2.5,87.44175474485736,2.0102089445972404,2475.865364074707,0.5008983612060547
4407,20328.994836019632,-0.21264674976468087,90.0,2.5,82.48324434851754,1.632643635691853,2499.7849464416504,0.0763702392578125
4408,25696.175382153153,-0.22799447029829026,100.0,2.4999999999999996,94.94722658881652,1.7286868575825867,2445.082664489746,0.9718246459960938
4409,20314.80379532232,-0.22228424564003946,86.0,2.4999999999999996,73.71261524623341,1.6920690075945544,2409.013032913208,0.8048305511474609
4410,27667.776933700636,-0.22410265550017358,100.0,2.4999999999999996,97.52783964365256,2.6370942549626557,2538.0537509918213,0.26546287536621094
4411,24014.597865482836,-0.1709208807349205,98.0,2.5,89.22031555913854,1.7905622331617306,2513.458490371704,1.448202133178711
4412,24420.1619002449,-0.30837900131940843,88.0,2.5,84.41980286738351,1.709294143894193,2491.786479949951,0.07914161682128906
4413,19764.363599236727,-0.22796663135290146,82.0,2.5,72.56022408963585,0.8779445637539084,2602.8218269348145,0.3275299072265625
4414,25921.61838677355,-0.2777139721810818,100.0,2.4999999999999996,96.431030525591,1.4890041894208608,2414.0849113464355,0.3644676208496094
4415,19480.903749425343,-0.23960923090577124,88.0,2.5,77.08687280552724,1.7254795618802836,2470.5512523651123,0.1658611297607422
4416,26837.612223150227,-0.2936629669368267,100.0,2.5,98.42555105713001,1.614673235862321,2475.7542610168457,0.5742568969726562
4417,24241.41900125232,-0.24411336347460746,100.0,2.5,95.5436927004758,1.2596366046019039,2462.876081466675,0.9354457855224609
4418,26091.81535828523,-0.2906126381456852,100.0,2.5,97.37450844321073,1.8563181813106444,2481.4794063568115,0.5670452117919922
4419,21984.708075902472,-0.25227770939469335,90.0,2.5,84.28603452140776,1.4299427911906202,2373.59356880188,0.22274017333984375
4420,23841.960810813514,-0.18485097765922545,100.0,2.5,91.17848187827673,2.2233863971789414,2278.6030769348145,0.21006011962890625
4421,23561.90038651046,-0.2468831333518028,99.0,2.5,91.85118579296392,1.7891875227712228,2568.7668323516846,0.2510795593261719
4422,13003.478120791073,-0.2621162089705467,57.99999999999999,2.5,51.26345609065156,0.6695762353934956,2472.196102142334,0.2951507568359375
4423,17745.22389093503,-0.21110991448163985,81.0,2.5,73.01533603969328,0.9279579355442423,2518.7816619873047,0.0467529296875
4424,25025.963917646037,-0.2662168714404106,97.0,2.4999999999999996,89.40322214658498,2.310970596069439,2531.420946121216,0.2310314178466797
4425,27455.1568511283,-0.2286030474305153,100.0,2.4999999999999996,86.14457831325302,1.3205268874712601,2520.751953125,0.2094573974609375
4426,28487.07654914454,-0.2239969938993454,100.0,2.4999999999999996,97.79130042821727,1.518451469154714,2467.9903984069824,0.4080219268798828
4427,21904.08102595693,-0.12108282640576362,91.0,2.5,82.18742909008395,1.3356929642303106,2493.0553436279297,0.9196014404296875
4428,24905.90231053209,-0.2916638545691967,100.0,2.4999999999999996,90.32803517078119,1.7297091807641132,2422.954559326172,0.13556671142578125
4429,20595.414194779416,-0.1412767404317856,79.0,2.4999999999999996,76.40603566529492,1.469338917140293,2361.2875938415527,0.17279815673828125
4430,26445.86711014255,-0.15958164066076277,100.0,2.4999999999999996,90.76062639821029,1.7033294740904468,2449.753999710083,1.0225696563720703
4431,26238.528511318113,-0.24393208399415017,100.0,2.5,93.90174398723356,1.4942989743883572,2520.401954650879,0.7828025817871094
4432,25928.800693184083,-0.22061582714319228,100.0,2.5,90.14911884319928,1.5215774443176464,2540.060520172119,1.0843143463134766
4433,26206.584453694282,-0.15810281559824943,98.0,2.4999999999999996,97.8160009052846,1.9958983587592243,2485.375165939331,0.34423255920410156
4434,24313.899304585717,-0.20753991410136222,95.0,2.5,91.65999313579682,1.9202454331189154,2590.062379837036,0.1911334991455078
4435,26363.60805650749,-0.25655070930719376,100.0,2.5,93.88995161471813,0.9647198339756894,2529.383659362793,0.309234619140625
4436,24369.91882397523,-0.21264025181531906,97.0,2.5,87.56506651243492,1.9554918409174906,2469.6569442749023,0.3997306823730469
4437,21991.51698112749,-0.21757215678691863,90.0,2.4999999999999996,85.14773620941467,1.6347782522604195,2424.5989322662354,0.43221282958984375
4438,21817.58399702001,-0.18169777929782868,92.0,2.5,86.07782722811822,1.117735148585322,2504.2998790740967,0.4198493957519531
4439,26420.883213411464,-0.23489308327436448,100.0,2.4999999999999996,90.03436426116839,2.558820459576899,2438.147783279419,0.44062042236328125
4440,27134.445759849616,-0.24669211849570274,100.0,2.4999999999999996,89.96311612831116,1.6490245822762664,2349.503993988037,0.3688335418701172
4441,21413.02418483171,-0.23225145891308785,91.0,2.5,82.9074198610177,1.7749975800987319,2427.668571472168,0.00696563720703125
4442,27675.942804590148,-0.2225011792778969,99.0,2.5,91.36296127042158,1.6185179914394245,2470.902681350708,0.5185661315917969
4443,24804.643476263787,-0.26095788553357124,97.0,2.4999999999999996,88.98933704218823,1.536281179138322,2525.6242752075195,0.3112926483154297
4444,23450.482103402588,-0.22883201897144317,100.0,2.5,91.391858085058,1.2025080882984511,2425.1549243927,0.5114021301269531
4445,24697.88039329245,-0.20974977001547812,100.0,2.4999999999999996,94.15569930849877,1.2402180365912892,2409.386157989502,0.32110023498535156
4446,26410.584893969604,-0.21216090619564057,97.0,2.4999999999999996,94.7269744551207,2.3141404580671856,2618.041753768921,1.2523155212402344
4447,18648.57004679399,-0.24930890902876854,79.0,2.5,71.51898734177216,1.5972601260773858,2507.3561668395996,1.1785697937011719
4448,20728.349036145966,-0.23702780559659004,80.0,2.4999999999999996,75.73254893087453,0.9046061567549359,2561.1722469329834,0.15264892578125
4449,25610.4242506875,-0.21385808557271957,100.0,2.5,91.63373602800046,1.1615891886871315,2612.910032272339,0.4673900604248047
4450,23025.309195528152,-0.1900720304250717,97.0,2.5,85.59312576721348,1.9137437869267562,2642.9948806762695,0.637298583984375
4451,24040.847836676505,-0.24539796829223634,95.0,2.4999999999999996,86.80947012401353,1.1973118717897948,2476.306438446045,0.3427562713623047
4452,23357.97074252366,-0.18292979210615157,98.0,2.4999999999999996,90.52772509204507,1.9253087838709135,2586.8375301361084,0.4860725402832031
4453,23209.07598354273,-0.19435281842947005,94.0,2.5,84.57598178713717,1.8397045680656965,2481.7962646484375,0.2547473907470703
4454,24219.914902286786,-0.26406706392765045,100.0,2.5,90.78841972765763,1.3030070666894682,2324.9447345733643,0.3070259094238281
4455,22785.070615334844,-0.21548322558403016,95.0,2.5,86.809229037704,2.128267900859527,2557.6510429382324,0.5869903564453125
4456,20901.79699497569,-0.21761362612247467,86.0,2.5,81.30240036752039,1.1673894189071987,2408.561944961548,0.12910079956054688
4457,20524.062957387978,-0.2556607358157635,86.0,2.5,79.0940366972477,2.4640856239801914,2383.9480876922607,0.3708953857421875
4458,16921.62009728862,-0.24600449621677398,73.0,2.4999999999999996,64.93135011441647,0.9282305945775307,2401.4227390289307,0.06463050842285156
4459,22620.200286349525,-0.26979032903909683,98.0,2.5,84.29389956184698,1.1656813266041817,2424.6954917907715,0.131378173828125
4460,20259.705616452717,-0.2538874849677086,89.0,2.5,82.88609927444432,1.3103245903119498,2483.3648204803467,0.796539306640625
4461,25719.271045190257,-0.2586164554953575,100.0,2.5,90.54703593499657,1.5141216453767725,2447.7005004882812,0.09179115295410156
4462,27308.843457176506,-0.2385404124855995,100.0,2.5,92.80179674340259,0.8633400142834105,2413.438081741333,0.21842002868652344
4463,26077.589678507826,-0.23674472495913507,100.0,2.4999999999999996,95.96671674563734,2.1043481410384106,2359.6677780151367,0.561798095703125
4464,24206.595087968377,-0.14199885055422784,97.0,2.5,89.40480254922043,1.1760287448779967,2362.5755310058594,0.03936576843261719
4465,24916.601678160278,-0.10712262719869614,99.0,2.5,88.99691181516643,1.6868914713188476,2446.4163780212402,0.18011474609375
4466,22386.994512493173,-0.22095314040780067,100.0,2.5,87.86187652598535,1.464291496167609,2460.343360900879,0.5812244415283203
4467,27157.323065576977,-0.21865359038114549,100.0,2.4999999999999996,93.9134406760306,1.5486837593384788,2548.4163761138916,0.3519268035888672
4468,25486.79844904654,-0.26045869424939155,98.0,2.4999999999999996,92.0778477389811,2.0516975658401706,2513.1609439849854,0.47297096252441406
4469,26334.057325046866,-0.18617921605706214,100.0,2.4999999999999996,92.33306791036287,1.3455807633901555,2508.0785751342773,0.017946243286132812
4470,24608.902963692446,-0.2715981675684452,100.0,2.4999999999999996,90.29482620167488,1.3236777717221146,2412.7838611602783,0.13401031494140625
4471,27592.81731248914,-0.1880077128112316,99.0,2.5,93.38729905369969,1.8147471966734434,2391.76344871521,0.4813251495361328
4472,22995.476796675783,-0.241188907623291,89.0,2.5,84.89625594065144,1.6524485186078641,2483.102798461914,0.45007896423339844
4473,20624.784507657452,-0.2995628723502159,77.0,2.4999999999999996,71.67928423950447,1.160312977663123,2510.944366455078,0.18989181518554688
4474,20269.713078770597,-0.2508628410100937,79.0,2.5,73.72362151123212,1.5646405232568308,2565.613269805908,0.5207252502441406
4475,24808.675436390324,-0.2545107935369015,98.0,2.4999999999999996,95.11778764083306,2.051090807383927,2510.759115219116,0.3359527587890625
4476,26367.50812160972,-0.12801658645272254,100.0,2.5,92.00319415925165,1.390907086275818,2559.356451034546,0.3058013916015625
4477,24844.391196455337,-0.14333692878484727,87.0,2.4999999999999996,88.09794988610479,1.9213169311226006,2452.7194499969482,0.45592689514160156
4478,20777.475976449325,-0.25938505947589874,94.0,2.4999999999999996,81.93272454051555,1.7153422124833086,2440.0782585144043,0.03285408020019531
4479,26392.23523866159,-0.2605906489491463,99.0,2.4999999999999996,94.73319473319474,1.7031020787863609,2449.6238231658936,0.03478050231933594
4480,26502.042866246342,-0.18346323817968369,100.0,2.5,90.10146561443067,1.5711884489267314,2345.5142974853516,1.2032489776611328
4481,24448.03181502777,-0.22456137210130692,94.0,2.5,85.24441419984122,1.7234213358081063,2434.0224266052246,0.5748348236083984
4482,17227.37647044,-0.25840516448020934,65.0,2.5,64.59812228074193,0.39638515231359495,2518.883228302002,0.058589935302734375
4483,25768.960598738442,-0.2462318655848503,100.0,2.4999999999999996,87.6466606498195,1.317073705681731,2612.229108810425,0.11045646667480469
4484,26894.46684014543,-0.22182908833026885,100.0,2.4999999999999996,93.4906520747834,0.8725498539131422,2541.222095489502,0.2565040588378906
4485,25032.003100336005,-0.2697790601849556,96.0,2.5,88.63715580341582,1.8596372266485843,2315.263271331787,0.1580982208251953
4486,15752.898477740378,-0.25073719397187233,68.0,2.5,58.60554178869115,0.9196528477506917,2484.314441680908,0.43383026123046875
4487,25019.397825270382,-0.2139195127785206,100.0,2.4999999999999996,94.75967576207329,2.3814678501840225,2390.6383514404297,0.2960376739501953
4488,24819.595235634777,-0.24142977207899094,97.0,2.5,86.87818696883852,1.9159751983222395,2397.266387939453,0.23737716674804688
4489,24604.193878303133,-0.24508862674236298,92.0,2.4999999999999996,83.83441776980033,1.8038217703014032,2473.0424880981445,0.09685707092285156
4490,23025.357460811887,-0.20847731828689575,81.0,2.5,79.82784007248839,1.133334479852787,2513.97705078125,0.30570220947265625
4491,23096.595824248434,-0.28654179722070694,99.0,2.5,87.80208452640018,1.8786749758794155,2495.9917068481445,0.8825855255126953
4492,27992.53371318369,-0.2320806059241295,99.0,2.4999999999999996,95.949833160741,1.9318028398851839,2442.229986190796,0.7984790802001953
4493,24489.495754215495,-0.2244216325879097,99.0,2.5,89.65751871172601,0.7795075753414122,2557.9235553741455,0.6171493530273438
4494,22401.144132488775,-0.14951953887939454,92.0,2.5,79.6590909090909,1.4306614929999364,2463.8614654541016,0.44327354431152344
4495,22348.61684658982,-0.27112030252814295,86.0,2.5,80.12108980827448,2.0013774185763142,2463.5777473449707,0.2744731903076172
4496,24375.302909257247,-0.21047898530960082,97.0,2.5,86.88986585503325,1.1853234556378698,2532.9530239105225,1.0072174072265625
4497,24898.607807354027,-0.25211305409669876,96.0,2.5,86.8574033967856,1.2278737843699714,2565.816640853882,0.36508750915527344
4498,26941.66065159381,-0.2443866562843323,98.0,2.5,94.02815622161671,2.0113858499948556,2565.9375190734863,0.697357177734375
4499,22840.39405322307,-0.24315544456243515,85.0,2.5,83.47388147107051,1.8097884496516854,2364.147424697876,0.5025730133056641
4500,25999.493545894227,-0.23590890407562257,99.0,2.5,90.1846670397314,1.9477268758367774,2470.8471298217773,0.5188961029052734
4501,26246.66165793728,-0.26508461773395536,100.0,2.5,92.50366362304136,1.7073376678206533,2511.500120162964,0.8835372924804688
4502,26169.278560249924,-0.1845053380727768,100.0,2.4999999999999996,88.70912612509969,1.636310341458368,2452.174425125122,0.5933570861816406
4503,26923.29374999621,-0.27470454573631287,99.0,2.5,89.94048981460288,1.7314268315533072,2287.1599197387695,1.3358631134033203
4504,27172.480223390965,-0.15273774966597556,100.0,2.5,92.54933091403946,1.8919705363816348,2416.1252975463867,0.44849395751953125
4505,26817.859156033748,-0.20284542590379714,100.0,2.4999999999999996,94.56939750611816,1.989485504857786,2499.7732639312744,0.13477706909179688
4506,24653.66218876519,-0.25711725383996964,100.0,2.4999999999999996,92.60066536652518,1.9410964887994733,2531.996488571167,0.000316619873046875
4507,26294.3084282789,-0.20085482344031333,100.0,2.5,88.53058890794739,0.8556368196183679,2504.1732788085938,0.028017044067382812
4508,28653.898825766548,-0.18790645867586137,100.0,2.4999999999999996,98.60619216268708,1.179321202614991,2437.9310607910156,0.3744316101074219
4509,24348.29377283364,-0.21428414523601533,98.0,2.5,88.82720333102012,1.6087020532043805,2437.387228012085,0.36275482177734375
4510,24834.557699924426,-0.2465122528374195,100.0,2.5,92.97632468996618,1.8025727529553746,2506.5808296203613,1.1951656341552734
4511,14047.970800060479,-0.23904385164380074,62.0,2.5,54.56431535269709,1.1335800131945042,2294.390916824341,0.4134864807128906
4512,25826.10723888102,-0.1923019114136696,100.0,2.5,92.29910714285714,1.3519382913567215,2440.69242477417,0.1801624298095703
4513,20151.41342709305,-0.23137060463428497,73.0,2.5,73.73925168487102,1.1976284362007592,2541.4202213287354,0.548553466796875
4514,26519.886500734334,-0.1895646858215332,100.0,2.4999999999999996,94.22043010752688,2.0191649555099245,2455.7385444641113,0.0059566497802734375
4515,26881.182638238373,-0.24933304995298386,98.0,2.5,97.64867024312292,1.3201490991923794,2542.5846576690674,1.2600040435791016
4516,22521.923911662565,-0.19455257102847098,94.0,2.5,89.17226460207218,1.6223648029330888,2591.7580127716064,0.2541332244873047
4517,17366.629603479985,-0.2470633339881897,66.0,2.4999999999999996,60.29830354093134,0.9620814085431109,2500.4329681396484,0.6211490631103516
4518,24205.45339639099,-0.18767944499850273,100.0,2.5,88.9041095890411,1.0230867202028235,2529.0157794952393,0.9315757751464844
4519,25241.0899647669,-0.2398538675904274,98.0,2.4999999999999996,90.57239057239057,2.3465213038672754,2277.6525020599365,0.3331165313720703
4520,25571.0831552284,-0.310500168800354,97.0,2.4999999999999996,90.86391869000565,2.0602209495486914,2317.227840423584,0.9969940185546875
4521,25104.336215948886,-0.21592344507575034,99.0,2.5,93.41639044462224,1.5042818183397315,2429.368019104004,0.025617599487304688
4522,27475.66158707722,-0.1597375200688839,100.0,2.5,92.69164265129683,2.027484841640751,2337.7439975738525,0.36879730224609375
4523,18775.295956371385,-0.22534241169691085,80.0,2.5,74.21804170444243,1.4838677090407053,2239.114761352539,0.2931480407714844
4524,25964.926746600962,-0.14552449375391008,100.0,2.5,92.71222940043069,2.3754194281911207,2533.3664417266846,0.2158069610595703
4525,23606.223774005433,-0.236082806289196,100.0,2.5,89.94406898158938,1.486444048989846,2481.60457611084,0.6499671936035156
4526,26595.64183782943,-0.16182427123188972,100.0,2.5,94.20535411724839,1.3345624886106615,2501.0433197021484,0.6905403137207031
4527,22934.5315921024,-0.2412807573378086,96.0,2.5,89.90130823961441,1.7418440712897258,2393.2313919067383,0.6095714569091797
4528,25367.198775442448,-0.2810791742801666,100.0,2.5,90.81311769991015,0.9983672078154121,2492.1932220458984,0.44600868225097656
4529,24693.31835168177,-0.22738000348210335,93.0,2.4999999999999996,85.26220614828209,1.881349342739141,2566.850185394287,0.8438663482666016
4530,24776.97148306632,-0.18851128995418548,92.0,2.5,83.49449066786597,1.4968211132964369,2502.734422683716,0.32826995849609375
4531,27675.716345571625,-0.23497943788766862,100.0,2.5,93.42782032232255,1.5220735903789917,2245.45955657959,0.4512004852294922
4532,25672.611977874647,-0.2585550959408283,98.0,2.5,87.77815816501197,1.4409271952575027,2458.3213329315186,1.2402153015136719
4533,24147.07150047112,-0.2908612062036991,92.0,2.5,88.72466689060575,2.218758118991946,2596.210479736328,0.5722694396972656
4534,23869.529029242225,-0.2079671034216881,100.0,2.5,90.62393453801569,1.5721991978204015,2543.048858642578,0.5229377746582031
4535,25769.966413937793,-0.3003420329093933,100.0,2.4999999999999996,93.76368876080691,2.097647020393942,2519.6611881256104,0.4323234558105469
4536,25202.4578188074,-0.23315505877137185,100.0,2.5,93.32641770401106,1.7390226552564076,2517.9595947265625,0.2648792266845703
4537,26722.562314070343,-0.24303529798984527,95.0,2.4999999999999996,90.17887660931981,1.2138940076818898,2525.7208347320557,0.7950038909912109
4538,26980.84624597424,-0.2954946458339691,100.0,2.4999999999999996,94.58566054941298,2.014556166408598,2417.418956756592,0.6201419830322266
4539,26536.589755271187,-0.2644588765501976,100.0,2.5,98.52406902815622,1.5452777762732428,2420.4277992248535,0.44834327697753906
4540,25693.34909315624,-0.2717947764694691,99.0,2.4999999999999996,94.55445544554455,1.0729021866243023,2424.0167140960693,0.3571491241455078
4541,25323.962599504834,-0.2366316071152687,98.0,2.5,92.26705631111611,1.3072415498201122,2483.52313041687,0.3266429901123047
4542,19108.93565464119,-0.2616094499826431,79.0,2.5,70.43812104787715,1.3081999368340562,2505.573034286499,0.5204238891601562
4543,25053.955758351683,-0.24138062819838524,100.0,2.5,89.82220196033735,1.12755499162997,2436.986207962036,0.6556072235107422
4544,23149.983168656076,-0.20477008044719697,100.0,2.5,91.46217347054167,1.5759360256967911,2517.9994106292725,0.20454025268554688
4545,23862.012654874572,-0.207473486661911,99.0,2.4999999999999996,90.47456857402362,1.2108477031201137,2453.1474113464355,0.5385074615478516
4546,22926.238219635427,-0.24352486193180084,97.0,2.4999999999999996,87.81366171003717,1.3092654846362277,2434.8342418670654,0.15711593627929688
4547,28126.17217718782,-0.23581671088933945,99.0,2.5,98.58641130870953,1.337459618790063,2553.8370609283447,0.04097747802734375
4548,19958.68713661035,-0.19951120808720588,82.0,2.5,70.40897247082815,1.0238134359224236,2660.865306854248,0.0633544921875
4549,26640.420267552887,-0.21080950647592545,100.0,2.4999999999999996,92.76194852941177,2.337263696807004,2397.993803024292,0.5129108428955078
4550,25227.91017702465,-0.2089625972509384,94.0,2.5,85.25241066364153,1.664986238657111,2493.4802055358887,0.26184844970703125
4551,26605.58464988842,-0.25896947652101515,100.0,2.4999999999999996,93.00114547537228,1.3007498171177763,2488.3530139923096,0.12282180786132812
4552,25989.151023396447,-0.13003225281834602,95.0,2.5,89.03099435418828,1.6836127243559287,2534.48486328125,0.5412330627441406
4553,23992.755652800883,-0.23918897897005081,98.0,2.5,91.67614282465317,1.4281833577047343,2428.316116333008,0.323760986328125
4554,27549.676523823782,-0.20236334770917894,98.0,2.5,96.2270642201835,1.9949570294446297,2443.6252117156982,0.05450439453125
4555,16463.99386915812,-0.23962893277406694,74.0,2.4999999999999996,62.51728907330567,0.9100531603503024,2339.2646312713623,0.047313690185546875
4556,20214.315183303457,-0.22354371652007102,84.0,2.5,74.55470737913485,1.312821190012435,2530.233383178711,1.011831283569336
4557,20860.183222767282,-0.1621327829360962,88.0,2.5,79.73633367428117,1.0458306739673262,2470.8306789398193,0.11371994018554688
4558,25527.64502441047,-0.19098668232560156,93.0,2.5,88.63738233975795,1.1016892568605194,2518.085241317749,0.28891944885253906
4559,27149.462711386474,-0.26146366849541663,100.0,2.4999999999999996,97.0581449007845,1.2812732191776937,2570.946216583252,0.3519878387451172
4560,27484.726690123298,-0.12367770552635193,99.0,2.5,92.12633953750705,1.5738341968911915,2562.8514289855957,0.23446083068847656
4561,20974.8957758892,-0.24867532134056092,93.0,2.5,82.31529306085785,1.4819124542249906,2576.8065452575684,0.1556873321533203
4562,28268.188865615197,-0.17762816607952117,100.0,2.5,96.18067467124071,1.4948942581329168,2479.8712730407715,0.7825603485107422
4563,25101.083336413878,-0.23517754480242728,93.0,2.4999999999999996,87.78745255637419,0.8064957676766571,2570.5642700195312,0.8541412353515625
4564,25192.314382690314,-0.2228323844075203,100.0,2.5,89.38440799820265,1.4381074944808896,2438.127040863037,0.037868499755859375
4565,26981.970205956706,-0.25519172370433807,93.0,2.4999999999999996,86.8260081558677,1.374375544250424,2370.1517581939697,0.17157554626464844
4566,19572.87047779199,-0.19310707926750184,78.0,2.5,69.70042146030299,1.398866809445062,2491.363048553467,0.2541637420654297
4567,23982.474497053103,-0.20229669764637948,100.0,2.5,92.63304671159656,1.5148193869192519,2462.179183959961,0.455902099609375
4568,26117.061913695634,-0.15980875939130784,98.0,2.5,91.39057663647827,1.2428992183891499,2472.2647666931152,0.04118156433105469
4569,22722.393782161093,-0.2819055303931236,99.0,2.5,85.93193950177937,1.952975240187916,2415.907621383667,0.687591552734375
4570,11038.69115933204,-0.24558331862092017,54.0,2.5,47.78257903115761,1.0819165378670788,2558.2196712493896,1.030191421508789
4571,25489.262991239077,-0.24776410177350044,100.0,2.4999999999999996,90.0169779286927,1.9534338849026212,2531.959295272827,0.2579154968261719
4572,25770.818088727785,-0.16658058166503906,100.0,2.4999999999999996,94.66405439668088,1.2986869201302007,2582.7431678771973,0.09034347534179688
4573,18254.611019451153,-0.2610207460820675,81.0,2.5,69.54225352112677,0.8650647796689739,2360.1291179656982,0.15685081481933594
4574,26819.50781578415,-0.2124854065477848,99.0,2.5,97.34513274336283,1.0080645161290323,2387.1536254882812,0.23140525817871094
4575,25993.226406609992,-0.283937095105648,99.0,2.5,93.35772264776494,1.8054777874408796,2667.5703525543213,0.15058135986328125
4576,24689.315577661462,-0.19302530825138092,93.0,2.5,87.80764432346602,0.8908997360297078,2381.277322769165,0.7515277862548828
4577,27796.736729139924,-0.1771599280834198,97.0,2.5,95.33348508991577,1.7156045085889602,2504.091739654541,0.33321571350097656
4578,22884.12063473841,-0.2409816800057888,96.0,2.5,86.59701157173352,1.0863370038529057,2504.498243331909,0.2418079376220703
4579,22797.644538605993,-0.2189488261938095,100.0,2.4999999999999996,88.93729221598075,1.4633451957295374,2504.7402381896973,0.40035057067871094
4580,24497.54621705824,-0.3214677941799164,99.0,2.5,86.90665455371338,1.8488654319177702,2570.5840587615967,0.7387046813964844
4581,24614.84807817746,-0.20147998720407487,100.0,2.5,93.80925185608224,1.8690931263338102,2508.715867996216,0.3437080383300781
4582,26147.40274013522,-0.18986091017723083,99.0,2.5,89.58569164591351,1.481730365392692,2521.164655685425,1.0610885620117188
4583,24429.3459712108,-0.21686046868562697,100.0,2.5,90.52295044530715,1.4119917141965324,2430.0601482391357,0.1567058563232422
4584,25005.477258808216,-0.14659389674663545,100.0,2.4999999999999996,93.48296684516349,1.394586194682176,2471.9879627227783,0.8577594757080078
4585,24890.566278799775,-0.21166525021195412,99.0,2.4999999999999996,92.56274464655768,2.17068865365419,2535.289525985718,0.4560699462890625
4586,23271.613979254274,-0.263040716946125,88.0,2.5,83.94035966310038,1.2263408502856366,2532.733201980591,0.8660087585449219
4587,23997.090466433237,-0.2202388833463192,89.0,2.5,85.86524258606977,1.3933635433416167,2448.3680725097656,0.9335346221923828
4588,23167.89013304874,-0.25704111337661745,88.0,2.5,82.99645997487724,1.0136076407850305,2556.2567710876465,0.2929058074951172
4589,28154.964026758716,-0.23659511476755143,99.0,2.5,92.37767668922667,1.7016416179581468,2542.5827503204346,0.4443683624267578
4590,23161.98970910319,-0.20424326479434968,99.0,2.5,87.98719853697565,0.9762839294598927,2515.6147480010986,0.21637535095214844
4591,22964.66044517434,-0.1880045613646507,90.0,2.5,83.41452362070919,1.6306818517272121,2497.1461296081543,0.04265594482421875
4592,28037.917297635966,-0.19815317511558533,100.0,2.5,94.36764537872729,2.094308395747426,2267.423629760742,0.11033439636230469
4593,27493.237297069398,-0.24006086558103562,98.0,2.5,88.36240855374227,1.3324694833527317,2487.999439239502,0.6064987182617188
4594,26522.78897978153,-0.2595131239295006,100.0,2.5,93.30812421221496,1.095789978287229,2458.622932434082,0.7821006774902344
4595,26373.362362156102,-0.143227808624506,100.0,2.5,95.73198198198199,2.1024455953735743,2518.6469554901123,0.553680419921875
4596,24505.44731953201,-0.21908797815442085,96.0,2.5,84.07352437492864,1.9839777887034733,2302.9022216796875,0.6282234191894531
4597,25887.465040605974,-0.2077999660372734,99.0,2.5,88.29942677306958,1.6094304509651172,2537.733316421509,0.2682018280029297
4598,24770.33335264342,-0.2731343974173069,99.0,2.4999999999999996,89.01210818150956,1.0198369660287583,2393.256187438965,0.5848731994628906
4599,25322.211633531737,-0.2594188247621059,100.0,2.5,93.04208965438576,1.3585180216794466,2286.903142929077,0.49036216735839844
4600,25072.578766033388,-0.21458309561014174,100.0,2.5,86.78147810218978,1.325561359695519,2382.6208114624023,0.8780746459960938
4601,21221.93805719876,-0.23083787441253661,91.0,2.4999999999999996,81.02569908298426,1.0926549307433364,2548.8381385803223,0.44209861755371094
4602,26929.824920583127,-0.2073813919723034,99.0,2.5,95.03684937816675,1.9894704039625395,2333.988666534424,0.7371826171875
4603,23929.286787167937,-0.2690575714409351,97.0,2.5,87.94301598332174,1.7222777674218932,2545.525074005127,0.6105880737304688
4604,27661.776308882254,-0.236075818836689,100.0,2.5,94.36877646789516,2.0965360590573536,2535.215377807617,0.5298080444335938
4605,21767.728729590443,-0.15291244089603423,99.0,2.5,88.47334318517677,1.0646043328425583,2464.6573066711426,0.13697052001953125
4606,25271.687062114204,-0.16921956732869148,99.0,2.5,92.60087180060356,1.2303443958120217,2293.851375579834,0.40765953063964844
4607,23056.230920703947,-0.28305399119853974,100.0,2.5,84.86455331412104,0.9042669922853139,2450.3414630889893,0.4093284606933594
4608,23823.735951277467,-0.23143355622887612,100.0,2.5,90.6378132118451,1.7425402439782351,2279.738187789917,0.3351612091064453
4609,30133.49619960837,-0.23403265774250032,100.0,2.5,92.81157439052176,1.5222633313085574,2450.181484222412,0.29118919372558594
4610,24666.09137536138,-0.2675436483323574,100.0,2.5,82.56335501233461,1.542119603861272,2540.7984256744385,0.000751495361328125
4611,24078.00068254568,-0.23033287718892098,100.0,2.5,89.67098475295197,1.6626178046553297,2548.642635345459,0.6644725799560547
4612,21318.51103319882,-0.2521624794602394,91.0,2.4999999999999996,78.21129122414757,0.6468176461149443,2575.3138065338135,0.088836669921875
4613,21912.404341306934,-0.25973509341478346,96.0,2.5,88.21989528795811,2.2214212977265184,2477.0050048828125,0.39602088928222656
4614,24558.367099757033,-0.22733700186014175,97.0,2.5,94.32134506179712,1.1033968326830388,2610.9001636505127,0.11694908142089844
4615,25448.920352848498,-0.20886114969849587,89.0,2.5,85.38497003227293,1.4016381470287518,2707.6869010925293,0.3339405059814453
4616,27995.52340266041,-0.26683592319488525,99.0,2.5,98.3224175571642,1.689408333955213,2561.26070022583,0.20813560485839844
4617,16779.855759636328,-0.2675394946336746,70.0,2.4999999999999996,67.44844776795831,1.2514770041810581,2494.7376251220703,0.1779346466064453
4618,25406.02146714014,-0.21050722450017928,100.0,2.4999999999999996,93.47306071306527,1.6293694870957203,2597.0261096954346,1.2676658630371094
4619,24617.743595835615,-0.1590978330373764,100.0,2.4999999999999996,85.24867486184729,0.8865442666097185,2505.8469772338867,0.1573619842529297
4620,25335.18888580667,-0.26643575355410576,95.0,2.4999999999999996,91.12398609501739,1.2328942468814001,2529.4039249420166,0.16428375244140625
4621,24357.484881762237,-0.2956294757127762,100.0,2.5,88.50107308257088,1.1305152996403884,2479.42852973938,0.3715057373046875
4622,26577.266700969307,-0.23831010356545448,100.0,2.5,93.2759791713833,1.6223668427080336,2461.228609085083,0.08409309387207031
4623,26339.78713190072,-0.265142066180706,100.0,2.5,93.06195884403463,1.1254615610312395,2322.7148056030273,0.9806308746337891
4624,22966.03601734115,-0.26614573746919634,99.0,2.4999999999999996,88.85346692474097,2.1863476831489628,2587.768316268921,0.5402584075927734
4625,25580.12013540717,-0.24179369390010833,100.0,2.4999999999999996,93.94427814874511,1.482070196844444,2601.076602935791,0.13500022888183594
4626,11663.86398144826,-0.23723218098282814,61.0,2.5,50.642615558060875,0.7287403686037651,2415.2562618255615,0.6823577880859375
4627,24212.866092300606,-0.2452692273259163,100.0,2.5,94.79420289855072,1.5967600934862893,2440.9255981445312,0.19611167907714844
4628,19339.618401797692,-0.23385105296969413,85.0,2.5,80.5030743432085,1.266646902557127,2481.0705184936523,0.3616962432861328
4629,23170.736636553334,-0.2794148150086403,90.0,2.5,81.90101237345331,1.4894314827590107,2268.3162689208984,0.3992881774902344
4630,27061.903771887224,-0.19529512509703637,100.0,2.4999999999999996,91.55300859598854,1.7537959965345857,2407.733201980591,0.24782752990722656
4631,24676.6944094138,-0.26197172433137894,94.0,2.5,90.32548710440365,2.0689655172413794,2273.7061977386475,0.2839031219482422
4632,25407.362530956398,-0.2060436438024044,100.0,2.5,95.1141185915816,1.5541976620616367,2484.020233154297,0.3747711181640625
4633,24243.254854763283,-0.26459219604730605,89.0,2.4999999999999996,83.16012962342161,1.3456123079740836,2464.8616313934326,0.5826263427734375
4634,28023.36325616336,-0.26146108090877535,100.0,2.5,95.81618655692729,1.8365483659518682,2533.534049987793,1.6025352478027344
4635,26592.536576386912,-0.22552722036838532,98.0,2.4999999999999996,95.3876013243521,1.304700631774184,2490.771532058716,0.3856163024902344
4636,14811.745470598597,-0.22095199674367905,64.0,2.4999999999999996,57.7564825253664,1.2710021046195812,2476.5782356262207,0.6311302185058594
4637,25689.832255378104,-0.17343584582209587,100.0,2.5,88.0501735916676,1.205922485816197,2321.0816383361816,0.7038841247558594
4638,16089.25624210313,-0.17489560723304748,71.0,2.5,66.7528380352928,1.0137573101947268,2566.2238597869873,0.23410606384277344
4639,26331.437012100392,-0.20758950114250183,99.0,2.4999999999999996,97.18213058419244,1.5096004557284395,2658.5476398468018,0.31062889099121094
4640,26825.52321754692,-0.26954287484288214,100.0,2.4999999999999996,90.93086926762491,2.491216319765693,2411.7116928100586,0.199951171875
4641,25594.619796872335,-0.17886072635650635,100.0,2.4999999999999996,93.60254083484574,1.3148472077106397,2397.390365600586,0.8733863830566406
4642,22524.4313118506,-0.1627489885687828,94.0,2.5,86.93683232698561,0.9503822686802724,2609.835147857666,1.1984672546386719
4643,21137.44539192991,-0.29195878610014914,82.0,2.5,73.73805508712759,1.6748211172083205,2413.161039352417,0.3186187744140625
4644,25609.945743233056,-0.2642487160861492,100.0,2.5,98.89997731911998,2.3344343055477803,2425.33278465271,0.06169319152832031
4645,26715.347773722257,-0.23541326805949211,100.0,2.4999999999999996,95.0382988453184,1.5592919971472412,2645.906686782837,0.29689788818359375
4646,24677.218994143168,-0.1963344056904316,97.0,2.5,89.96974111845792,1.3961944838311302,2526.951789855957,0.00258636474609375
4647,27346.58937037078,-0.22094758972525597,100.0,2.4999999999999996,97.07209813678972,1.0751934998073758,2251.784563064575,0.8012733459472656
4648,21167.157769845526,-0.23005676969885827,88.0,2.5,80.80877313228238,1.4175012055488891,2574.706792831421,0.2881793975830078
4649,23468.64196926296,-0.21282307267189027,98.0,2.5,89.73776819162221,2.2024173013330874,2505.885601043701,0.20316314697265625
4650,20546.718307194547,-0.20764799550175667,84.0,2.5,78.39491916859123,1.2533319211283518,2577.0161151885986,0.01332855224609375
4651,23982.068476599638,-0.20610973984003067,94.0,2.5,89.31140801644398,1.670533895443206,2638.9684677124023,0.6795845031738281
4652,24424.952298661778,-0.09579195290803909,100.0,2.5,93.83086876155268,0.7033591268953796,2444.9515342712402,0.15717697143554688
4653,22863.407367392127,-0.26848840206861496,100.0,2.5,91.05960264900662,1.9384375053449563,2542.8504943847656,0.2482318878173828
4654,26998.267448899445,-0.12228108495473862,100.0,2.5,94.04165274529458,1.423591753529415,2633.5227489471436,0.9936428070068359
4655,26727.986607542094,-0.21219863206148148,100.0,2.4999999999999996,89.95731296337902,1.0996085849233976,2429.697275161743,1.180196762084961
4656,24948.70565716973,-0.16855177402496338,98.0,2.5,90.2510413148711,2.23182564735757,2408.513307571411,0.47487449645996094
4657,24200.789947998972,-0.2406176334619522,95.0,2.5,88.10767832803272,1.3920960612258362,2512.14337348938,0.18037986755371094
4658,24420.83500175643,-0.23262594684958457,100.0,2.5,92.40392201059394,1.6274768513064581,2501.4140605926514,0.7777576446533203
4659,27421.72950196266,-0.25991105899214745,100.0,2.5,96.11540208995912,2.236523512170256,2440.533399581909,0.2082347869873047
4660,27667.213897045487,-0.16841390132904052,98.0,2.4999999999999996,91.32441162898016,1.4676700967593304,2733.5193157196045,0.9179859161376953
4661,23749.507074876827,-0.22832133248448372,99.0,2.5,89.32294650017184,1.3141896412303002,2508.5856914520264,0.681121826171875
4662,26326.609075150245,-0.24200704380869864,97.0,2.5,94.11899575834002,1.8071437857881738,2546.983003616333,0.4351520538330078
4663,24773.77327585687,-0.2095732593536377,100.0,2.4999999999999996,89.78825136612022,1.3424742086235781,2440.162420272827,0.2453784942626953
4664,25503.394632409763,-0.2245890636742115,100.0,2.5,94.29522497704316,0.7776589764222176,2529.0188789367676,0.03501701354980469
4665,23648.411138578787,-0.16020283088088036,99.0,2.4999999999999996,86.26981411791539,2.003083456962504,2560.514450073242,0.4247894287109375
4666,26635.830081900483,-0.2608667746186256,100.0,2.5,93.93142857142858,1.1815650381794287,2705.643892288208,0.5344963073730469
4667,23998.165987383523,-0.25881961822509764,98.0,2.5,86.46841862609497,1.337117628508357,2331.263780593872,0.4257793426513672
4668,22771.58878627272,-0.19787535458803177,95.0,2.5,85.68373663477772,1.0255079982706443,2531.9533348083496,1.2849788665771484
4669,24265.91444197932,-0.20490574792027474,94.0,2.5,86.04363472784526,2.1785868688875127,2577.613115310669,0.20928573608398438
4670,22502.27299151327,-0.263163580596447,99.0,2.5,92.18390804597702,2.1371836476832775,2311.8772506713867,0.3718147277832031
4671,25665.44948946007,-0.24102903574705123,100.0,2.5,87.27107268797634,0.9089177818943578,2320.0595378875732,0.3438282012939453
4672,25811.066412369124,-0.25433503195643425,94.0,2.4999999999999996,86.05641911341392,1.1002248634757468,2529.25705909729,0.42018890380859375
4673,25821.124673051752,-0.24050179570913316,99.0,2.5,86.78414096916299,1.1602326149858169,2393.827199935913,0.8963069915771484
4674,22547.739930244403,-0.23143666476011276,94.0,2.5,87.21829801547258,1.730213406184424,2453.2673358917236,0.15119361877441406
4675,20616.03792972572,-0.268343652933836,91.0,2.5,78.18343722172752,1.2071837703384223,2480.14235496521,0.38982200622558594
4676,26316.496748128706,-0.29041787296533583,95.0,2.5,88.00587836310197,1.8999482893793058,2391.7150497436523,0.30706024169921875
4677,26893.39275494917,-0.2445351630449295,100.0,2.5,95.21387283236994,1.820743721623361,2488.469123840332,0.33510398864746094
4678,23751.10385334761,-0.1963222210109234,100.0,2.5,88.67012089810017,1.4089153570067516,2608.4353923797607,1.0914497375488281
4679,25485.10570713343,-0.24986062794923783,99.0,2.5,91.22414756847401,1.52675274095327,2281.914472579956,0.33222007751464844
4680,21370.748283552857,-0.2570823605358601,87.0,2.5,80.17409231474058,0.5786757691733039,2595.4606533050537,1.3175506591796875
4681,24718.984453865793,-0.20040327236056327,100.0,2.4999999999999996,92.18623948369252,1.794757007226702,2601.398468017578,0.5453586578369141
4682,23703.10026804171,-0.18752819761633874,93.0,2.5,86.5103294249023,2.5705477827839696,2376.685380935669,0.4821491241455078
4683,27286.20601449346,-0.2085617633163929,100.0,2.5,91.92324854975458,0.9065202438551214,2419.3904399871826,0.263153076171875
4684,22002.849179422305,-0.19216639295220375,85.0,2.5,83.36913510457886,1.833729754219051,2714.7860527038574,0.4398231506347656
4685,22489.71176145264,-0.2103812128305435,95.0,2.5,92.2610188895249,1.6041727035641842,2440.7591819763184,0.04642486572265625
4686,27689.23214882678,-0.21066168919205666,100.0,2.5,93.40634526363328,1.7552413456850318,2515.8984661102295,0.27997398376464844
4687,23447.621797192587,-0.2355878931283951,91.0,2.5,84.96257654797006,1.6186864427529095,2471.2393283843994,0.6007614135742188
4688,24554.8944367249,-0.26019021809101106,98.0,2.5,91.0147261849977,1.1674360795454546,2483.0636978149414,0.37127113342285156
4689,24752.01392789441,-0.07366084069013595,99.0,2.5,89.97115597958731,1.7886097040043833,2567.239761352539,0.4911632537841797
4690,19430.748226939482,-0.23226251527667047,78.0,2.5,66.75927983996444,0.9582660159785029,2147.876024246216,0.7592678070068359
4691,25669.68533924103,-0.19516075521707535,100.0,2.5,91.94745859508852,1.1286129020974944,2459.8591327667236,0.4967670440673828
4692,25512.480327734913,-0.24183377623558044,100.0,2.4999999999999996,94.02967771852538,1.1488970588235294,2564.2354488372803,0.009305953979492188
4693,25269.680132718546,-0.25499787703156473,100.0,2.4999999999999996,92.80880834958137,1.503070244494928,2460.32977104187,0.5648841857910156
4694,14932.025269522455,-0.2565811070799828,60.0,2.5,55.48466532348332,0.8829276530046077,2571.3839530944824,0.3102092742919922
4695,24890.98391347965,-0.2175868333876133,96.0,2.5,88.2380073800738,1.4770431667439239,2309.5147609710693,0.8992137908935547
4696,24083.63839631089,-0.27282813876867296,96.0,2.5,88.88637136059816,1.2241103248799132,2705.4696083068848,0.6449565887451172
4697,25498.736270363614,-0.18930615544319151,98.0,2.5,89.44902966763328,1.339745171560809,2366.0900592803955,0.07483673095703125
4698,25748.310786745435,-0.2120451195538044,99.0,2.4999999999999996,91.50045330915685,1.2656576973922116,2306.7269325256348,0.4023151397705078
4699,22876.563505277736,-0.22623665556311606,93.0,2.5,83.19052987598647,1.293505651753636,2495.973825454712,0.40148162841796875
4700,18979.086206824508,-0.2744007144868374,80.0,2.5,75.19248188405797,1.60898810131464,2432.1630001068115,0.21492385864257812
4701,19711.349690036815,-0.3080634689331055,89.0,2.5,76.44744238336145,1.1437722291862844,2450.458765029907,0.3736610412597656
4702,23895.02664445957,-0.23703969210386278,100.0,2.4999999999999996,89.74888200894394,2.5270674020535697,2594.8681831359863,0.768829345703125
4703,22884.96378624043,-0.2277156728506088,89.0,2.5,83.22988505747126,1.8485771167584024,2299.5691299438477,0.19181442260742188
4704,24308.843317314277,-0.2265030002593994,97.0,2.5,90.54607508532423,1.8690759345379675,2383.1658363342285,1.0585823059082031
4705,25474.176625736807,-0.2814811514317989,95.0,2.5,91.37223615226806,1.453086874453294,2337.3520374298096,0.05193519592285156
4706,20610.0349055696,-0.31986129507422445,89.0,2.5,77.40650586412923,1.350667548947102,2523.019790649414,1.0208797454833984
4707,26482.2039385195,-0.20730041414499284,97.0,2.4999999999999996,94.15827012340088,1.3959376582456535,2571.9528198242188,0.18326950073242188
4708,25591.01229114284,-0.16669276043772696,98.0,2.5,91.71496760995568,1.698131540892905,2496.6931343078613,0.33962249755859375
4709,20912.518521107897,-0.26409988954663277,92.0,2.4999999999999996,79.38295237022858,1.8430380311204246,2431.1585426330566,0.9207706451416016
4710,15549.596783589197,-0.2779335081577301,68.0,2.5,63.28205128205128,1.2780473188664676,2622.117757797241,0.19539260864257812
4711,24174.17676819519,-0.17298255011439323,98.0,2.5,93.02352398523985,1.4612091829811382,2635.4446411132812,0.5842304229736328
4712,24182.585178992464,-0.30762274608016016,94.0,2.5,85.85415259959487,1.307578191091549,2516.9284343719482,0.2890586853027344
4713,21654.06260453046,-0.24190692096948624,86.0,2.5,79.00482647667204,0.7885151782156546,2486.410617828369,0.4917106628417969
4714,27934.4420760232,-0.16793089047074317,99.0,2.4999999999999996,90.4090909090909,1.806989448817109,2273.927688598633,1.0705299377441406
4715,22969.62404553703,-0.18961802423000335,94.0,2.4999999999999996,84.72442730777954,1.1484765330330495,2586.8453979492188,0.3713703155517578
4716,27887.355622288866,-0.19837132185697556,100.0,2.4999999999999996,97.07766662920085,1.3181856623347334,2490.3063774108887,0.09377670288085938
4717,22524.8493922983,-0.20559550434350968,99.0,2.5,89.72618499769904,1.0044122193182137,2668.1673526763916,0.6465950012207031
4718,23188.113933005374,-0.16854506909847258,84.0,2.5,80.2210193955796,0.5028876980590503,2433.912515640259,0.3055706024169922
4719,24368.84828889502,-0.22351533889770508,99.0,2.5,92.10496677553779,1.6653436343511365,2520.345687866211,0.20857810974121094
4720,26040.23998560454,-0.20969856679439544,100.0,2.4999999999999996,93.733303650935,1.6370350416414123,2306.5733909606934,1.0266609191894531
4721,26806.895658064175,-0.22226888656616212,98.0,2.5,97.03250651262884,1.6393243407461418,2454.9269676208496,0.3133430480957031
4722,29145.835434395263,-0.21516268134117125,100.0,2.4999999999999996,97.60189146588606,1.3454523379855743,2500.544786453247,0.10034942626953125
4723,21106.835692486024,-0.24831237509846688,84.0,2.5,75.31357531357531,1.5840820215458535,2532.6271057128906,1.1433296203613281
4724,19260.96338562146,-0.1802397157251835,82.0,2.4999999999999996,77.4383894481083,1.0228454210807318,2606.4774990081787,0.8347244262695312
4725,24073.661387296415,-0.28561233028769495,100.0,2.5,93.43394526410633,1.6394310209985947,2624.6516704559326,0.023593902587890625
4726,25984.487075831832,-0.22176148384809494,100.0,2.4999999999999996,91.92372406057207,1.7517109936758208,2563.4872913360596,1.0133953094482422
4727,22148.071807943095,-0.19939132362604142,97.0,2.5,86.87350835322196,1.1218825736846219,2353.471040725708,0.17823410034179688
4728,27093.39212829624,-0.1698092117905617,100.0,2.5,93.55684798722773,1.563356945334465,2384.3765258789062,0.14548301696777344
4729,25430.513788466298,-0.25011080235242844,95.0,2.4999999999999996,85.46847246891652,1.831423923477981,2496.953010559082,0.08869552612304688
4730,24573.891972923066,-0.2507725390791893,93.0,2.5,84.50056116722784,1.895499268678386,2530.2844047546387,0.9742107391357422
4731,23057.374387590087,-0.23539186298847198,87.0,2.5,82.75432839198822,0.9415566326814864,2607.330560684204,0.05048561096191406
4732,26010.450003575457,-0.21578424394130707,99.0,2.4999999999999996,90.73672187321532,1.3831990794016111,2455.5823802948,0.05560493469238281
4733,25378.9705423464,-0.24552142083644868,100.0,2.5,88.64360491579426,1.1204291198167395,2429.4097423553467,0.13689804077148438
4734,27487.335158517017,-0.2486819441616535,98.0,2.5,94.91621376811594,2.073536943060664,2281.4629077911377,0.6382083892822266
4735,25782.4080804175,-0.22034085661172867,100.0,2.5,95.93707559981893,1.430927905662639,2391.3252353668213,0.42452430725097656
4736,28040.552438709426,-0.24209250301122665,98.0,2.5,95.03764544832308,1.9280384103661712,2493.2422637939453,0.5687789916992188
4737,25751.04558887572,-0.23131694421172141,98.0,2.5,91.03719103719104,2.3335240578308136,2421.5965270996094,0.5113410949707031
4738,26163.87033173376,-0.2797564415633678,100.0,2.5,94.54340473506201,1.4843145289805582,2300.0733852386475,0.4147930145263672
4739,24650.248640137335,-0.3128272619843483,97.0,2.4999999999999996,92.49127546999888,1.796575502221797,2503.37290763855,0.3298511505126953
4740,22811.274916336137,-0.25606970697641374,97.0,2.5,91.76780398442867,1.122190922235856,2569.786310195923,0.26434898376464844
4741,18041.663762522887,-0.19883591189980507,74.0,2.5,72.99167350768148,0.930541133033345,2607.325315475464,0.08755874633789062
4742,25839.867916576666,-0.19114441871643068,100.0,2.5,93.26933935629587,1.2134957949804648,2578.094720840454,0.43036651611328125
4743,20530.800713559558,-0.21395966053009033,89.0,2.4999999999999996,79.41621118734736,2.0835734870317,2333.3182334899902,0.13483810424804688
4744,24284.050115937305,-0.2130228278040886,98.0,2.5,94.06885581183957,1.7233208137344345,2564.9971961975098,0.28871917724609375
4745,25515.54925038889,-0.20517676413059235,100.0,2.5,90.83239595050618,1.9106276111619345,2559.3690872192383,0.11210441589355469
4746,27106.592372310704,-0.27144933700561524,99.0,2.5,93.4274421230943,1.788634800649572,2524.2950916290283,0.9337368011474609
4747,27471.33068358845,-0.24686457574367524,100.0,2.4999999999999996,95.10844485463775,1.5926595036607396,2399.9276161193848,0.6294689178466797
4748,26023.618410157782,-0.17740566313266753,100.0,2.5,92.38063364569389,1.4129004446864506,2573.7998485565186,0.4240550994873047
4749,25482.58115724742,-0.2569501201808453,100.0,2.4999999999999996,95.53213426509338,1.5218388981115827,2513.9734745025635,0.5415859222412109
4750,24791.98591363037,-0.2761063711345196,95.0,2.4999999999999996,87.74354327140915,1.2736269976474406,2479.2370796203613,0.08217620849609375
4751,24824.24871062242,-0.19652277022600173,97.0,2.5,91.32174708438143,2.242056737997842,2626.0857582092285,0.5317859649658203
4752,25688.07759881534,-0.24088867336511613,98.0,2.4999999999999996,91.94431766316751,1.5559693306406701,2462.3234272003174,0.21013259887695312
4753,25320.378129565357,-0.25829331278800965,100.0,2.4999999999999996,91.32009345794393,1.5430714195336852,2723.7446308135986,0.7698516845703125
4754,25813.192283307886,-0.2393321956694126,100.0,2.4999999999999996,92.57155838255339,1.423994304022784,2623.159885406494,0.2904376983642578
4755,24605.17597572826,-0.2035031533241272,99.0,2.5,93.57535501603297,1.940469342126332,2613.469362258911,0.1676464080810547
4756,25125.97259554706,-0.18078211590647697,100.0,2.4999999999999996,91.48407499435284,1.4965819169358991,2525.545120239258,0.8469505310058594
4757,26646.43826948601,-0.19367928117513655,96.0,2.5,88.86007441650693,2.108415016524957,2600.6386280059814,0.10251045227050781
4758,26411.25192311413,-0.2500457675755024,100.0,2.5,91.52464829006061,1.482948885829724,2389.559745788574,1.1314239501953125
4759,23463.794468824795,-0.2397584304213524,88.0,2.5,82.2841417268662,1.9522788904870463,2579.7171592712402,0.38001251220703125
4760,23649.612246242115,-0.2541269537806511,94.0,2.4999999999999996,88.17610062893083,2.6472680464753906,2649.691581726074,0.2511768341064453
4761,25853.802080724636,-0.2716157624125481,98.0,2.5,95.43332194510876,1.415901484347357,2374.175548553467,0.2468585968017578
4762,24209.723393989,-0.18709751576185227,100.0,2.4999999999999996,91.3838720809847,1.3832510564573002,2433.1343173980713,0.2905158996582031
4763,26963.492053417136,-0.2365098199248314,100.0,2.4999999999999996,97.10995710092571,1.9514186568687488,2421.520471572876,0.38234519958496094
4764,26387.827424231593,-0.22042660176753998,100.0,2.4999999999999996,94.94659469392442,1.5546363134627679,2477.4091243743896,0.11206436157226562
4765,26237.58661929101,-0.21816506266593932,96.0,2.4999999999999996,89.05433052966583,2.035316038085253,2337.8636837005615,0.5932445526123047
4766,27120.719598527354,-0.2873088026046753,100.0,2.4999999999999996,96.0605034428265,1.0622879162592742,2584.6095085144043,0.97454833984375
4767,27432.22831509877,-0.16500045225024224,100.0,2.5,89.16799272561946,1.8243312493594344,2483.66117477417,0.2994251251220703
4768,28188.546821939985,-0.2604603153467178,100.0,2.5,97.35712672238537,0.8363933088535292,2591.3519859313965,0.08494186401367188
4769,24261.579171860405,-0.2651770129799843,100.0,2.4999999999999996,89.4905186200594,1.4627285513361463,2731.1863899230957,0.4475135803222656
4770,26033.146941947205,-0.23094602346420287,100.0,2.5,96.6051152655121,1.689479600608345,2570.586919784546,0.2168102264404297
4771,24357.1204784181,-0.20387105017900467,91.0,2.5,82.95008412787436,0.7114841851878868,2332.1685791015625,1.0645580291748047
4772,24574.126152801913,-0.1969175300002098,97.0,2.5,90.56154282473057,1.547666668544675,2397.935152053833,0.3590049743652344
4773,27094.531817437473,-0.13807574152946472,100.0,2.5,92.10910315411381,1.4326054325134145,2587.982177734375,0.8573493957519531
4774,27435.83328335118,-0.2174322046339512,96.0,2.4999999999999996,88.82306027116327,1.6301391596029193,2389.2788887023926,0.572021484375
4775,23797.741097790913,-0.2320093160867691,97.0,2.5,91.14625418446266,1.4349050045018863,2648.571252822876,0.2566947937011719
4776,23547.711147535396,-0.197422404140234,96.0,2.5,86.83051240435891,1.3534763872719147,2530.677556991577,0.3546104431152344
4777,27803.978918649387,-0.2504753226041794,100.0,2.4999999999999996,98.45366685616827,1.2571213064918887,2450.634241104126,0.5884056091308594
4778,23497.70304758976,-0.19570036485791206,97.0,2.4999999999999996,88.65730078304928,2.484099998238227,2658.2672595977783,0.2132434844970703
4779,25706.355688067622,-0.23422024860978127,97.0,2.5,89.72260118235562,1.238738082897028,2494.297981262207,1.6741199493408203
4780,23711.180367172463,-0.18079515114426614,99.0,2.5,89.46719012899608,1.2897142857142856,2166.6064262390137,0.44707298278808594
4781,22152.962848998362,-0.25869232207536696,84.0,2.5,79.8195523069895,1.2857206743884442,2494.7056770324707,0.5891036987304688
4782,22718.512076188297,-0.29826251983642577,84.0,2.5,79.03443619176232,1.1234073997102003,2340.7227993011475,0.2030200958251953
4783,21076.78062853415,-0.22899116367101668,92.0,2.5,85.89728925997942,1.8728592880885024,2483.0799102783203,0.8664169311523438
4784,27940.87769924947,-0.229666381329298,100.0,2.5,97.99303944315545,1.6103707650536507,2282.5348377227783,1.1642494201660156
4785,23980.569644709543,-0.20126637771725656,96.0,2.5,89.10936252708404,1.3289360481789505,2142.0202255249023,0.07764816284179688
4786,23885.682224816555,-0.20685059294104577,92.0,2.5,88.28250401284109,1.1840213079070911,2301.499843597412,0.10166549682617188
4787,20045.04298966584,-0.14382841169834137,85.0,2.5,78.36024562201501,0.8818930934139,2439.9468898773193,0.7932147979736328
4788,27311.966098474077,-0.18730764716863632,99.0,2.5,98.30820577741972,1.2259961939911195,2260.2572441101074,0.16250038146972656
4789,27239.13386776696,-0.22944260001182556,99.0,2.5,95.56780342174763,1.6441683140355834,2605.8061122894287,0.3999214172363281
4790,25231.354207444216,-0.2235856068134308,90.0,2.4999999999999996,89.5425580336823,1.7711406237445333,2477.236747741699,0.7267475128173828
4791,15059.9067995745,-0.22886003226041793,66.0,2.5,59.93455940426492,1.4428992836072483,2389.375686645508,1.0447425842285156
4792,27632.968142163016,-0.2054438768327236,100.0,2.5,90.70831009481316,0.9513103587127949,2498.638391494751,0.2449169158935547
4793,24819.25016422223,-0.1316486392915249,99.0,2.5,88.73303683430265,1.747977364162872,2330.2788734436035,0.8589649200439453
4794,23885.281550294927,-0.2220987856388092,96.0,2.5,84.65825088138293,1.5834026358834834,2443.9353942871094,0.04628944396972656
4795,25840.40915931886,-0.2696837814152241,100.0,2.5,91.77150629037743,2.201458078800498,2526.4346599578857,0.0020198822021484375
4796,23956.06230697694,-0.22467621237039567,95.0,2.4999999999999996,87.63994626063591,2.2081007245516093,2506.809949874878,0.6900501251220703
4797,25016.201517213678,-0.24898146152496337,100.0,2.4999999999999996,91.41562853907135,1.3674071790304256,2579.9715518951416,0.8198413848876953
4798,25666.016589865863,-0.24083567082881926,100.0,2.4999999999999996,95.23424878836833,1.0858575761556872,2366.5552139282227,0.27617645263671875
4799,24846.51377539456,-0.17408880099654198,98.0,2.5,89.93849367529303,1.3921073862368472,2415.6458377838135,0.7524814605712891
4800,27104.505283748593,-0.2569147831201553,100.0,2.5,93.52093498241234,2.0325368877506476,2325.0749111175537,0.06459236145019531
4801,24727.44728418451,-0.29280612215399743,100.0,2.5,89.09317898081943,1.1957112797597937,2394.768238067627,0.45769309997558594
4802,26184.263681030956,-0.21804631397128105,100.0,2.5,90.93255526876894,1.9630478670729905,2579.620122909546,0.17186355590820312
4803,26083.42481495488,-0.1906710921227932,96.0,2.4999999999999996,87.38437534826701,1.2209221917959783,2598.125457763672,0.9826564788818359
4804,24709.661604756475,-0.21077840462327002,96.0,2.5,86.01335294783297,2.0399416166624196,2574.2626190185547,0.2449359893798828
4805,27038.918273510375,-0.30186192408204077,100.0,2.5,95.77241301144736,0.9792182656191054,2508.793592453003,0.4009971618652344
4806,25414.523489853695,-0.24192105993628502,100.0,2.5,92.15400157144461,1.013246172372269,2445.408582687378,1.3573989868164062
4807,22638.830588022294,-0.23304176241159438,94.0,2.4999999999999996,81.62726646775305,1.428009805281902,2357.2545051574707,0.11586761474609375
4808,9465.378779936938,-0.2624853402376175,50.0,2.5,42.45892351274787,1.0425457102672293,2337.7747535705566,0.4762077331542969
4809,23751.881233096014,-0.2519333720207214,100.0,2.5,92.30238177424923,1.861858170215857,2599.701166152954,0.454193115234375
4810,25575.619761691083,-0.20374338939785958,100.0,2.4999999999999996,89.32434003953948,1.77168386997381,2375.256299972534,0.5888710021972656
4811,26182.734860041586,-0.24452822595834733,99.0,2.5,91.2722732947452,1.422253056976845,2497.483253479004,0.1258983612060547
4812,23602.37368272064,-0.2557465650141239,92.0,2.5,84.83564311075477,1.221843083453524,2580.9643268585205,0.22607803344726562
4813,13981.06925002483,-0.24074952885508538,65.0,2.5,56.432491767288695,1.1584241510913444,2347.0799922943115,0.2604808807373047
4814,26097.649584520237,-0.22855432510375975,96.0,2.4999999999999996,87.63994119642655,1.6899509262124763,2383.3534717559814,0.8280181884765625
4815,22701.82380384209,-0.21872593954205513,98.0,2.5,92.86545623836126,1.9590488628881668,2691.24436378479,0.0353851318359375
4816,24155.37033835883,-0.23051412537693977,100.0,2.5,88.72706422018348,1.2494954635593072,2536.5259647369385,0.2513618469238281
4817,26884.757740975034,-0.24348193705081939,100.0,2.4999999999999996,95.12811674135355,2.6415900340012355,2630.175828933716,0.03599357604980469
4818,24979.63462744615,-0.2211818067729473,95.0,2.4999999999999996,85.37873679478535,0.8571721872433615,2627.243757247925,0.17866134643554688
4819,24453.73660828107,-0.26079409927129743,99.0,2.5,90.237497145467,0.8828074545622291,2537.9555225372314,0.041858673095703125
4820,25049.29971045909,-0.15124461978673934,99.0,2.5,88.89786497403347,2.1539154422113382,2280.602216720581,0.09711265563964844
4821,22080.567555464124,-0.28523665621876715,85.0,2.4999999999999996,80.00685087919616,0.6487839606825436,2519.284963607788,0.6201801300048828
4822,15973.95816078431,-0.1929158729314804,64.0,2.5,62.63936291240045,0.8551211807383665,2442.9683685302734,0.6408882141113281
4823,23807.065765496493,-0.2910890609025955,93.0,2.4999999999999996,84.69651071468641,1.5799907408506546,2537.9137992858887,0.16731643676757812
4824,19556.08000949898,-0.24534764140844345,79.0,2.5,72.68850987432674,1.4890917421492262,2574.14174079895,0.5978794097900391
4825,24940.631823786505,-0.3003085258603096,99.0,2.5,94.83168990139407,1.2274089648385076,2468.3895111083984,0.12972450256347656
4826,26764.17581935569,-0.19904920607805252,98.0,2.4999999999999996,92.45217391304348,1.085249677216736,2352.41436958313,0.2614898681640625
4827,24700.22797598794,-0.26932586506009104,95.0,2.4999999999999996,86.77950594693505,1.015623199760352,2339.5702838897705,0.3714561462402344
4828,26875.4907947177,-0.2879414263367653,100.0,2.5,91.79423683025664,1.428234713118434,2567.260265350342,0.10090827941894531
4829,24342.05814578261,-0.23311208739876746,100.0,2.5,92.6693404634581,1.3521891883912491,2649.0254402160645,1.0015869140625
4830,24782.03404728941,-0.22032693445682525,100.0,2.4999999999999996,95.51230681167716,1.2388022654963107,2672.1203327178955,0.1434192657470703
4831,26764.424881286162,-0.1667454770207405,100.0,2.5,93.39162030203248,1.3373103208618093,2650.714159011841,0.2498645782470703
4832,23788.394040084022,-0.22810340851545333,92.0,2.5,87.10510863182618,1.8110400444938821,2482.9437732696533,0.02606964111328125
4833,22920.348205891045,-0.2045665055513382,86.0,2.5,84.52422855801947,2.206826370687666,2274.854898452759,0.18378639221191406
4834,23793.749326170186,-0.31401377350091936,98.0,2.5,89.6374829001368,1.729959235294782,2238.198757171631,0.22804832458496094
4835,19118.08382557836,-0.19912005841732025,79.0,2.5,70.79936594202898,1.880090739708755,2562.389612197876,0.9332942962646484
4836,24967.710753332605,-0.10946087777614594,98.0,2.4999999999999996,95.74443940081707,1.517678747193031,2503.8366317749023,0.3762187957763672
4837,26700.50326979264,-0.2757534973323345,100.0,2.4999999999999996,95.7328805885682,1.5877347352475997,2323.6947059631348,0.1420001983642578
4838,26644.42962612439,-0.21009406313300133,99.0,2.5,98.94084507042254,1.8441340782122906,2547.90997505188,0.38033485412597656
4839,27168.235113222832,-0.2253045369684696,97.0,2.4999999999999996,93.58494843023915,1.4798485105420836,2517.0300006866455,1.0104408264160156
4840,25428.662439424184,-0.2012813377380371,100.0,2.4999999999999996,92.74817850637523,0.9399201664903961,2333.6246013641357,0.9965000152587891
4841,20805.79713990131,-0.2992127615213394,95.0,2.5,84.27195467422096,1.8218402368564777,2307.292699813843,0.7949905395507812
4842,24059.84609446477,-0.2793771906197071,100.0,2.5,91.90899001109878,1.7207355620623213,2693.486213684082,0.47129249572753906
4843,25278.80964704767,-0.2962552845478058,100.0,2.4999999999999996,94.90017113519681,1.645751670849666,2459.1891765594482,0.71917724609375
4844,25668.66059421168,-0.27145312532782556,96.0,2.4999999999999996,91.89799142405778,0.9451407437846723,2310.8389377593994,0.09575080871582031
4845,25002.55280551207,-0.19036351770162582,100.0,2.4999999999999996,89.80626267177291,1.507067355654445,2418.9138412475586,0.22546005249023438
4846,23404.040655192362,-0.19061090037226677,85.0,2.5,81.25426815388117,1.9980014371687775,2294.919013977051,0.0051326751708984375
4847,25072.978186678763,-0.22841923743486403,95.0,2.5,92.34125617177632,1.1593943895587489,2516.78729057312,0.15317153930664062
4848,25844.874657029788,-0.22952694863080977,100.0,2.4999999999999996,88.92455858747994,1.9311435116001314,2327.983617782593,0.9134120941162109
4849,21364.937214392005,-0.2637790402770042,88.0,2.4999999999999996,79.74896335313235,0.9702963567156063,2337.792158126831,0.11456298828125
4850,26114.13155375558,-0.24428178533911704,98.0,2.5,86.29187961385576,1.1552998787648274,2553.680181503296,0.6077442169189453
4851,25932.185694555363,-0.19746049791574477,100.0,2.5,93.04962946328318,2.1731238585654364,2702.6162147521973,0.7288055419921875
4852,24986.50100398084,-0.2796307484805584,100.0,2.4999999999999996,94.82519101643899,1.2809805559149778,2597.7659225463867,0.5611343383789062
4853,27853.035816613075,-0.2272112947702408,100.0,2.4999999999999996,94.70384055536894,2.0017091769655533,2604.9957275390625,0.09119415283203125
4854,25134.948036482223,-0.1859007465839386,97.0,2.5,88.98429555982375,1.1884511319397668,2375.5953311920166,0.2726783752441406
4855,22927.46213433456,-0.23497453272342683,100.0,2.5,88.95209921492776,1.3044161559013046,2380.9611797332764,0.4754486083984375
4856,27499.88437426419,-0.2395102132856846,99.0,2.5,98.16155988857939,2.019116692409285,2581.2740325927734,0.13978004455566406
4857,23996.28059924215,-0.2197844508290291,96.0,2.5,89.18021525074423,1.3407688656858092,2606.3778400421143,0.4997711181640625
4858,18804.66252046034,-0.2060665535926819,80.0,2.4999999999999996,67.33916162295449,1.2493504362333505,2606.8332195281982,0.1772441864013672
4859,22212.971734337993,-0.2413290672004223,92.0,2.5,83.68826461259629,1.1582943925233644,2638.70906829834,0.15169906616210938
4860,22001.471868960423,-0.27611604377627375,94.0,2.5,81.88717716357046,1.9273977746124642,2593.3213233947754,0.5878086090087891
4861,19885.768432907487,-0.2799902565777302,88.0,2.4999999999999996,76.40845070422534,1.2462531703942819,2544.9516773223877,0.2528400421142578
4862,25919.260634871713,-0.22480515167117118,100.0,2.4999999999999996,91.02432339842412,2.004422398852567,2495.905637741089,0.20547103881835938
4863,25836.703902809335,-0.24438109889626503,100.0,2.5,91.32058390856625,1.4916770415456264,2452.324628829956,1.3787708282470703
4864,25443.301734024553,-0.18826281741261483,100.0,2.5,88.98121798520205,2.3551435193439114,2382.2124004364014,0.3604011535644531
4865,27098.055912098334,-0.14548962503671647,99.0,2.5,91.7157712305026,1.4322916666666665,2537.682056427002,0.4619636535644531
4866,26446.4993395025,-0.2567771676182747,100.0,2.5,90.30174813495157,1.7927040189340493,2611.08660697937,0.30924415588378906
4867,21736.29943119164,-0.1760343760251999,99.0,2.5,84.7890875745071,1.4671468169218886,2525.103807449341,1.1529541015625
4868,23750.009936157,-0.24060030803084373,98.0,2.5,93.35640911121035,1.369394238392088,2402.418613433838,0.41764068603515625
4869,27035.709481177124,-0.17836040675640105,99.0,2.4999999999999996,93.78732200275608,2.480371163454675,2525.245428085327,0.16379737854003906
4870,24251.80550669673,-0.2162620759010315,100.0,2.5,89.21091361938186,0.677176720006315,2639.026403427124,0.3325691223144531
4871,19774.043616920833,-0.2497656212747097,84.0,2.4999999999999996,71.4036312849162,1.6966510972584818,2579.730987548828,0.26270103454589844
4872,23236.08875822466,-0.1556885501742363,97.0,2.4999999999999996,87.412664966175,1.5041261378782291,2194.1866874694824,0.3129730224609375
4873,24618.01233024492,-0.2850819259881973,98.0,2.4999999999999996,90.07011988237956,1.3994754068959332,2324.171781539917,0.6080322265625
4874,23000.369624275656,-0.22263788163661957,97.0,2.4999999999999996,86.9970447829052,1.8667420667880137,2255.995512008667,0.2752876281738281
4875,21527.56572475873,-0.22945911318063736,91.0,2.5,77.05139765554554,1.8115465937190163,2291.128396987915,0.47405052185058594
4876,24407.83168988484,-0.27810748517513273,92.0,2.5,88.57961053837342,0.5520544351349994,2656.1694145202637,0.4944934844970703
4877,25343.548942299803,-0.2567075392603874,100.0,2.5,93.8023642832549,1.9804183355585223,2456.4175605773926,0.6002979278564453
4878,15746.527741143187,-0.21542613819241524,64.0,2.5,58.93100317748525,0.7760166053401264,2482.426166534424,0.27456092834472656
4879,27213.52273040545,-0.2093723352253437,100.0,2.4999999999999996,93.55537812250485,0.5150408919829075,2376.2900829315186,0.4689006805419922
4880,21924.595568342465,-0.2476378232240677,93.0,2.5,80.64219127632639,0.5833333333333334,2368.6976432800293,0.046230316162109375
4881,20983.25633808191,-0.25861959606409074,89.0,2.5,79.12385683640059,1.1491007163150404,2403.30171585083,0.3374366760253906
4882,24284.209948553646,-0.24337156727910042,94.0,2.4999999999999996,83.1176139561058,1.377337985471601,2284.071445465088,0.7246456146240234
4883,22958.76446677388,-0.22785112306475638,98.0,2.5,88.80784134944153,0.9876722424458986,2277.893304824829,0.9686527252197266
4884,24046.581958237854,-0.21265339821577073,81.0,2.5,80.19962859795729,1.689613556316347,2376.727342605591,0.20981216430664062
4885,24049.72719809986,-0.260089852809906,99.0,2.5,90.61869535978481,1.190305546158742,2386.2526416778564,0.5989875793457031
4886,22395.795249632887,-0.15522385269403458,90.0,2.5,82.40955857948889,1.5475884824018487,2454.8370838165283,0.4255104064941406
4887,25961.72997566372,-0.23330539032816888,98.0,2.5,90.44175799344707,1.2133576720712982,2404.909372329712,0.8077526092529297
4888,24198.341638207112,-0.2081368863582611,100.0,2.5,88.70211549456832,1.711976361159177,2618.26753616333,0.6187705993652344
4889,24965.402651289645,-0.27544488847255705,97.0,2.5,92.14659685863874,1.4017942966997756,2494.490385055542,0.5580615997314453
4890,27804.235860266723,-0.24172141641378403,99.0,2.4999999999999996,98.31262113784061,0.974936587219112,2582.9617977142334,0.6870880126953125
4891,22726.377558134263,-0.2480955484509468,100.0,2.5,87.42188387683217,1.8995906867366974,2453.670024871826,0.9198074340820312
4892,22343.04116220488,-0.25897201865911484,98.0,2.5,88.24128564961521,1.396158579116598,2486.438035964966,0.29436492919921875
4893,25967.567118934094,-0.271720320135355,97.0,2.5,94.4291924044841,1.23772178870042,2374.0124702453613,0.1775379180908203
4894,23369.925170179442,-0.2379640007019043,99.0,2.4999999999999996,86.8861669850545,1.2615262454496143,2530.3595066070557,1.0740013122558594
4895,21181.416902886645,-0.1908729912340641,86.0,2.5,80.71842410196987,1.3139081037214515,2530.075788497925,0.30625343322753906
4896,12062.150488374731,-0.24243126794695855,53.0,2.5,47.81545302946081,1.1746131986106725,2379.4641494750977,0.012659072875976562
4897,20642.886201005796,-0.2102823130786419,88.0,2.4999999999999996,80.94854380108207,1.2591332864320495,2364.907741546631,0.5218334197998047
4898,21531.85207417203,-0.16717497229576112,87.0,2.4999999999999996,77.70614183915848,1.2166741979213735,2400.399923324585,1.2800712585449219
4899,24005.634593019302,-0.19805124878883362,99.0,2.5,91.83043875685559,1.49419490829145,2608.0322265625,0.46734619140625
4900,23493.74909573304,-0.2131936101615429,97.0,2.5,88.34277784202614,1.4360704048624942,2299.473762512207,0.6142005920410156
4901,24819.334966505015,-0.19236982360482216,100.0,2.5,90.35682023486902,1.605638877629149,2411.376476287842,1.0704517364501953
4902,27937.3036778176,-0.22645764023065568,100.0,2.5,97.38891433806688,1.8692750860032328,2537.7931594848633,0.2402057647705078
4903,24377.7197425438,-0.24134913384914397,99.0,2.5,88.57272934213522,1.3086769443663648,2670.377254486084,0.14260482788085938
4904,25531.35564397501,-0.23370782107114793,100.0,2.5,91.47895335608645,1.564158329708569,2356.774091720581,1.423837661743164
4905,20627.101393575856,-0.2113722302019596,92.0,2.5,77.41645099583661,1.2351219967125588,2061.009645462036,0.5328292846679688
4906,28334.477011176168,-0.22964362397789956,99.0,2.5,97.87305874409184,2.0487601335240817,2278.2204151153564,0.11604118347167969
4907,21082.86228374017,-0.16916769832372666,89.0,2.4999999999999996,81.96573489630298,1.2832789586789743,2399.6753692626953,1.6142444610595703
4908,22381.71117485882,-0.1791671745479107,96.0,2.4999999999999996,88.32964601769912,1.3896346445663594,2397.254705429077,0.3355865478515625
4909,30186.52002831348,-0.2702417673170567,100.0,2.5,97.1047274372314,1.6677334885074193,2230.996608734131,0.9935226440429688
4910,23786.69977590841,-0.26860022693872454,91.0,2.4999999999999996,87.24530908253712,0.8921441907223897,2395.782470703125,0.3331336975097656
4911,25209.451847741315,-0.2536740589141846,100.0,2.5,90.36918138041734,2.0482557041087364,2404.9203395843506,0.0999298095703125
4912,24720.704270832728,-0.2559890282154083,100.0,2.5,91.21978639685217,1.1664092443224072,2285.1550579071045,0.6491870880126953
4913,21536.307254075706,-0.2368656350672245,86.0,2.5,81.8222874562493,1.9263339682257625,2478.9273738861084,0.8728694915771484
4914,26103.833002166557,-0.22234531089663506,97.0,2.5,92.9337899543379,1.3874623246729192,2429.2194843292236,0.3987445831298828
4915,21519.48093727013,-0.23041202411055564,92.0,2.5,82.17742853889078,0.9448391116150253,2328.73272895813,0.4924659729003906
4916,26509.258930602868,-0.27207625180482864,100.0,2.5,88.97381139710015,1.0736281418187872,2572.699785232544,0.2853107452392578
4917,25933.744837055387,-0.21526153683662413,100.0,2.5,95.03865235952463,2.0349125436698414,2533.6811542510986,0.8960037231445312
4918,24993.010249400424,-0.27796646729111674,98.0,2.4999999999999996,91.93210881190421,1.4171973589393574,2518.3465480804443,0.662567138671875
4919,27064.15021799754,-0.226698207706213,99.0,2.5,98.00927496889493,1.2957885438296604,2526.9405841827393,0.06332588195800781
4920,25158.33862737917,-0.23463043749332427,98.0,2.5,88.96621394095858,1.8274788296966709,2465.825080871582,1.08270263671875
4921,24341.04909756059,-0.21565913617610932,100.0,2.5,91.46480804387569,1.471296968219764,2641.0679817199707,0.026540756225585938
4922,21876.405957590698,-0.2615268839895725,88.0,2.4999999999999996,76.7418490397499,1.7411518300506925,2560.570478439331,0.039134979248046875
4923,23971.738018458607,-0.19565570130944251,100.0,2.5,89.54936594202898,1.0872199520924335,2295.5403327941895,0.5585155487060547
4924,25941.1888531972,-0.16205298379063607,98.0,2.5,98.35495829471733,1.9971917268510015,2638.7085914611816,0.11144828796386719
4925,25201.128309805426,-0.2533246909081936,100.0,2.5,92.7132303559436,1.1586268539984916,2326.789140701294,0.057750701904296875
4926,24292.11591143857,-0.21537201091647148,98.0,2.4999999999999996,90.1017783245722,0.9032147840200462,2452.1658420562744,0.1843700408935547
4927,23791.988958749283,-0.22696480870246888,94.0,2.5,87.33569550805807,1.6242803917849955,2517.0536041259766,1.2259044647216797
4928,27460.43354125394,-0.22459585830569267,100.0,2.5,97.21348314606742,1.0608284100570216,2612.9679679870605,0.10124015808105469
4929,18168.965043810065,-0.2408815434575081,72.0,2.4999999999999996,71.01929003538409,1.9349547511312217,2529.120922088623,1.109872817993164
4930,24471.966915595254,-0.2565879961848259,100.0,2.5,85.36199095022624,1.6386221478283853,2401.4029502868652,0.7338676452636719
4931,25725.986858428616,-0.25006536960601805,99.0,2.4999999999999996,93.50364119754941,1.4643974892725045,2436.728000640869,0.33187103271484375
4932,27264.77552968308,-0.24111189872026442,100.0,2.4999999999999996,96.89201451905626,1.9211302319440164,2450.779914855957,0.3766288757324219
4933,24521.013382027773,-0.21158122763037682,100.0,2.5,94.81651376146789,1.3791693440037385,2403.4981727600098,0.2325725555419922
4934,10595.20402155048,-0.22106984928250312,52.0,2.5,47.01195219123506,0.784114442459114,2351.069927215576,0.10257720947265625
4935,24422.641555507373,-0.2397530296444893,100.0,2.4999999999999996,89.63081130355515,2.0195831358449996,2561.6817474365234,0.6414680480957031
4936,24573.727821054596,-0.20852572426199914,100.0,2.5,91.16461366181412,1.2523325260477225,2674.731731414795,0.5469493865966797
4937,26102.442278116912,-0.21989587903022767,99.0,2.5,89.5,1.3754972692333625,2564.423084259033,0.21284866333007812
4938,27851.450044809357,-0.2933996506035328,100.0,2.5,94.9142922011579,2.1326500330997327,2325.8111476898193,0.4075908660888672
4939,23569.405767242857,-0.24254691392183303,100.0,2.5,92.35004014221815,1.5546496757102404,2569.636583328247,0.14892196655273438
4940,23847.635794149322,-0.26737884029746056,100.0,2.5,87.32726659925851,0.6552607076350093,2344.182252883911,0.7936687469482422
4941,23987.43118362842,-0.17440960556268692,98.0,2.5,88.57467348097671,1.757193128916871,2552.741765975952,0.186737060546875
4942,24498.55832776775,-0.1835479487478733,95.0,2.5,87.74179285951143,1.3299023199727673,2725.9926795959473,0.03278541564941406
4943,24461.551598853177,-0.26232374131679537,99.0,2.4999999999999996,90.44829916647895,1.9235869338283837,2334.483861923218,0.48321533203125
4944,26578.00137222289,-0.28758132487535476,96.0,2.4999999999999996,91.42791393395467,2.271057143856948,2604.3667793273926,0.3951416015625
4945,23357.18117016169,-0.22083441600203513,84.0,2.5,77.26103968697596,1.3217768147345612,2455.4996490478516,0.6127090454101562
4946,25747.99953223658,-0.2145754215121269,99.0,2.5,92.90102389078498,1.4716215603608505,2424.9424934387207,0.25293922424316406
4947,23006.946678066422,-0.2728085175156593,99.0,2.5,83.32781274152589,1.6281609678232378,2210.8688354492188,0.11379241943359375
4948,22831.295024140145,-0.20823410674929618,96.0,2.5,86.63446054750402,1.1404324575680076,2388.7765407562256,0.463958740234375
4949,23825.425181411036,-0.1999398376047611,99.0,2.5,89.2337426102774,1.2700276822414227,2578.235149383545,0.9856357574462891
4950,23767.04525776104,-0.2733915393054485,100.0,2.5,88.86279771888627,1.9904238497008835,2533.597469329834,0.0870819091796875
4951,20944.7652582861,-0.2408106079697609,84.0,2.5,76.41754029985346,1.3126241728882826,2475.3520488739014,0.9203872680664062
4952,23171.08933798051,-0.22161881148815155,95.0,2.5,84.63684034363494,0.9554870578494828,2518.14603805542,0.2284393310546875
4953,24346.468655682507,-0.26365748792886734,97.0,2.5,92.07738369415016,1.368044461444997,2589.4675254821777,0.23034095764160156
4954,26240.022044180172,-0.2169364356994629,100.0,2.5,94.40623567171022,1.673145559117052,2550.6324768066406,0.2899456024169922
4955,26533.910827234216,-0.22804732814431192,98.0,2.5,94.92636907501151,2.57619960545692,2578.864097595215,0.7563133239746094
4956,16470.016866776023,-0.2655360221862793,75.0,2.5,68.87288523090992,0.6705319996459237,2554.203748703003,0.049259185791015625
4957,24728.06100183044,-0.22974973142147065,99.0,2.4999999999999996,97.17984281091077,1.578100025481248,2457.090377807617,0.3370037078857422
4958,21863.277648021227,-0.26863002717494966,89.0,2.5,84.16619876473891,1.201542244203808,2402.5306701660156,0.40239524841308594
4959,21316.819216965017,-0.16908152714371683,92.0,2.5,86.49105032083756,1.5126059895363522,2272.735357284546,0.10086822509765625
4960,27124.500936988068,-0.14613284692168235,100.0,2.5,93.9417693169093,1.2898480526702905,2674.440622329712,0.4934673309326172
4961,26148.91549903189,-0.19491674959659577,97.0,2.5,91.30531465421392,2.2417170407538998,2370.612382888794,0.47741127014160156
4962,20002.560048382427,-0.24616212248802186,83.0,2.4999999999999996,77.47215276199137,1.3775450059783434,2333.3208560943604,0.5474758148193359
4963,25809.22844546505,-0.23872237175703048,94.0,2.5,87.21889479037179,3.0041602539438244,2616.621255874634,0.18707656860351562
4964,23098.1945678403,-0.19516660109162332,100.0,2.5,90.99304526279785,1.4742027870394117,2327.4950981140137,0.34380531311035156
4965,25520.31975280778,-0.25006678864359855,99.0,2.5,93.85481277280037,1.9853519407504783,2413.0847454071045,0.02948760986328125
4966,20115.760534706773,-0.282604768127203,86.0,2.5,74.27211963294438,1.721537851951293,2554.678440093994,0.8890342712402344
4967,26555.394544150775,-0.14255847543478012,100.0,2.5,88.10657596371883,1.9310105737562835,2457.2911262512207,0.8443794250488281
4968,23068.237640333733,-0.25761022672057154,100.0,2.5,90.93267170407128,1.1327633099688923,2540.0795936584473,0.4190330505371094
4969,25367.245452692772,-0.19115769237279892,98.0,2.5,85.06772381896268,1.6139156865336328,2396.829605102539,0.5601100921630859
4970,16517.052939122706,-0.2100914451479912,69.0,2.5,64.28982173663024,1.1247628775718663,2306.518077850342,0.013776779174804688
4971,25378.61358794971,-0.2923777152597904,94.0,2.4999999999999996,89.25591882750845,1.4722126239825077,2624.2692470550537,0.1466217041015625
4972,25558.924196186297,-0.23004736751317978,99.0,2.5,92.05380354922572,1.8419833825310112,2507.385730743408,0.2606315612792969
4973,26558.263920147394,-0.17448658779263496,100.0,2.4999999999999996,91.81064270905321,2.448134963085071,2416.2797927856445,0.5050067901611328
4974,24805.135141653747,-0.26068179950118064,97.0,2.4999999999999996,93.75998174766141,1.4228076287663383,2666.469097137451,0.192413330078125
4975,25088.40510913193,-0.17463260039687156,88.0,2.5,85.95959595959596,1.8584525699179228,2376.105785369873,0.3895587921142578
4976,26485.04834914878,-0.24117231115698815,100.0,2.4999999999999996,93.47055460263007,1.5443993102570335,2269.439458847046,0.3647613525390625
4977,24421.218965382228,-0.21374617755413056,100.0,2.5,93.32566168009207,1.6591172442852626,2493.835210800171,0.34931182861328125
4978,26859.280557664337,-0.1721937581896782,98.0,2.5,88.76467300167693,1.8733728149228963,2516.954183578491,0.6834983825683594
4979,25321.74683821924,-0.1680773076415062,92.0,2.4999999999999996,84.05547913801009,1.413028583956809,2324.870824813843,0.7937355041503906
4980,23047.767789409743,-0.20956040292978287,95.0,2.5,82.15962441314554,0.9445373971239939,2228.3873558044434,0.5730800628662109
4981,23936.267230687426,-0.1776105746626854,100.0,2.5,85.77576443941109,1.1204465639830925,2358.431339263916,0.002655029296875
4982,19291.165085776887,-0.2903013242781162,82.0,2.5,75.31285551763366,0.6463985187389443,2140.469551086426,0.31383705139160156
4983,24874.280376664003,-0.2396898990869522,97.0,2.4999999999999996,95.27604527604527,1.9037800284688335,2465.852737426758,0.7235527038574219
4984,24703.314752598828,-0.20618579477071763,98.0,2.4999999999999996,89.33802656977404,1.2921423474848377,2374.6066093444824,1.1470680236816406
4985,28788.14996281807,-0.2701420536637306,100.0,2.4999999999999996,94.22767959605233,1.8606419438341077,2244.8160648345947,0.5988597869873047
4986,24767.367291468072,-0.2755483973026276,95.0,2.5,87.11949114039074,1.368945934715361,2574.418544769287,0.12407875061035156
4987,22960.693984819805,-0.2820695662498474,96.0,2.5,90.06253553155203,1.1156929008015422,2550.258159637451,0.7443790435791016
4988,25730.5031176155,-0.2698907533288002,100.0,2.5,90.79145002888504,1.0091721625452459,2388.2744312286377,0.737335205078125
4989,24002.452905871618,-0.2682301551103592,98.0,2.5,86.97309417040358,1.4638349919386224,2347.6521968841553,0.5107593536376953
4990,24970.20634477928,-0.2251773990690708,97.0,2.5,89.0854084244822,1.372082107408213,2533.395290374756,1.0645332336425781
4991,24757.55978623124,-0.1808621820807457,96.0,2.5,90.98173515981736,1.7584938961612002,2305.8698177337646,0.340301513671875
4992,23278.096148803907,-0.22827544212341308,95.0,2.5,85.7240671003081,1.3582063269352025,2467.6804542541504,0.15930938720703125
4993,19542.135640094,-0.2704592345654964,80.0,2.5,74.12885154061625,1.8597368348762466,2438.960313796997,0.39949798583984375
4994,24502.467831636015,-0.2248013995587826,100.0,2.4999999999999996,93.91883990176588,2.332089552238806,2246.0005283355713,0.9928932189941406
4995,26744.369392720833,-0.22786754325032235,99.0,2.4999999999999996,93.50285650274448,1.056343812804267,2459.9599838256836,0.8719730377197266
4996,24096.363869341523,-0.2543273600935936,93.0,2.4999999999999996,90.40670955882352,1.5366321087995567,2397.1664905548096,0.2642230987548828
4997,21651.568467555255,-0.2537257294356823,92.0,2.4999999999999996,79.57456541628545,1.590598219021299,2541.881799697876,0.15632247924804688
4998,24116.73265057502,-0.20759645849466324,100.0,2.5,89.2805028622741,1.2292816938439333,2586.1527919769287,0.7107963562011719
4999,19296.534021583375,-0.20654965564608574,78.0,2.5,74.27474884298454,1.2283264667421718,2509.44185256958,0.2397918701171875
